Situação apurada;Enquadramento;Produtos/marcas;Órgão;Unidade compradora;Esfera;Cidade;UF;Edital / aviso;Prazo de propostas / fim vigência;Início propostas / vigência;Valor estimado TOTAL (R$);Teto de custo TOTAL p/ margem 15% (R$);Modalidade;Registro de preços;Objeto integral;Pontos a conferir;Verificação realizada;Link PNCP;Portal de disputa / origem;Edital ou aviso (arquivo);Termo de referência (arquivo);Controle PNCP;Duplicidade provável de;Publicação PNCP;Adesão da ata (cadastro)
Prazo aberto no cadastro PNCP;Software sem marca / validar fornecimento;;COMANDO DO EXERCITO;COMANDO DA 22ª BRIGADA DE INFANTARIA DE SELVA;Federal;Macapá;AP;Aviso de Contratação Direta nº 147/2026;2026-10-07 08:00:00;2026-10-02 10:00:00;6300.0;4977.0;Dispensa;Não/não informado;Licença de uso, por 12 (doze) meses, de software de orçamentação eletrônica para manutenção de frota de veículos, em plataforma 100% web (Software as a Service — SaaS), com base de dados de peças, componentes e tempos padrão de mão de obra (TMO) das montadoras de veículos leves e pesados que compõem a frota nacional, incluindo implantação, suporte técnico manutenção evolutiva e corretiva e treinamento dos usuários.;Divergência a esclarecer: objeto descreve software de orçamentação para manutenção de frota, mas a descrição do item no catálogo menciona antivírus corporativo. Não assumir que se trata de compra de antivírus.;"Cadastro de busca oficial PNCP + itens oficiais + detalhe da contratação; observação específica na coluna anterior";https://pncp.gov.br/app/editais/00394452000103/2026/21427;https://cnetmobile.estaleiro.serpro.gov.br/comprasnet-web/public/compras/acompanhamento-compra?compra=16002606001472026;https://pncp.gov.br/pncp-api/v1/orgaos/00394452000103/compras/2026/21427/arquivos/2;https://pncp.gov.br/pncp-api/v1/orgaos/00394452000103/compras/2026/21427/arquivos/1;00394452000103-1-021427/2026;;2026-10-01 17:21:07.294578;Não informado
Prazo aberto no cadastro PNCP;Software sem marca / validar fornecimento;;CONSORCIO INTERMUNICIPAL DE SAUDE DO CENTRO NORDESTE;Unidade Única;Não se aplica;Guanhães;MG;Aviso de Contratação Direta nº 011/2026;2026-10-07 08:00:00;2026-10-02 16:00:00;7903.8;6244.0;Dispensa;Não/não informado;CONTRATAÇÃO DE EMPRESA ESPECIALIZADA, PARA LOCAÇÃO E DIREITO DE USO DE SOFTWARE DE TRANSMISSÃO DE INFORMAÇÕES REFERENTES A OBRIGAÇÕES PREVIDENCIÁRIOS E TRABALHISTAS, DE FORMA A FACILITAR A FISCALIZAÇÃO DO CUMPRIMENTO DA CLT PELO GOVERNO FEDERAL EM ATENDIMENTO ÁS NECESSIDADES DO CONSÓRCIO INTERMUNICIPAL DE SAÚDE DO CENTRO NORDESTE - CISCEN, conforme especificações dispostas no Estudo Técnico Preliminar e Termo de Referência.;"Marca/modelo ou modalidade não definidos na triagem. Conferir itens e TR; possibilidade de revenda não confirmada.";API oficial PNCP de propostas abertas (varredura por UF) + itens oficiais + detalhe da contratação;https://pncp.gov.br/app/editais/00773222000147/2026/28;https://app2.licitardigital.com.br/pesquisa/115464;https://pncp.gov.br/pncp-api/v1/orgaos/00773222000147/compras/2026/28/arquivos/1;;00773222000147-1-000028/2026;;2026-10-02 16:48:17;Não informado
Prazo aberto no cadastro PNCP;Software sem marca / validar fornecimento;;FUNDACAO UBERLANDENSE DO TURISMO ESPORTE E LAZER;FUN.UBERLANDENSE DO TURISMO, ESPORTE E LAZER;Municipal;Uberlândia;MG;Aviso de Contratação Direta nº 46/2026;2026-10-07 08:00:00;2026-10-01 17:00:00;379.95;300.16;Dispensa;Não/não informado;Aquisição de Certificado Digital e-CPF A1, emitido no padrão da Infraestrutura de Chaves Públicas Brasileira (ICP-Brasil), com validade de 12 (doze) meses, armazenado em arquivo digital (software), em atendimento à FUTEL.;"Marca/modelo ou modalidade não definidos na triagem. Conferir itens e TR; possibilidade de revenda não confirmada.";Cadastro de busca oficial PNCP + itens oficiais + detalhe da contratação;https://pncp.gov.br/app/editais/20260121000180/2026/62;https://cnetmobile.estaleiro.serpro.gov.br/comprasnet-web/public/compras/acompanhamento-compra?compra=92603806000462026;https://pncp.gov.br/pncp-api/v1/orgaos/20260121000180/compras/2026/62/arquivos/2;https://pncp.gov.br/pncp-api/v1/orgaos/20260121000180/compras/2026/62/arquivos/1;20260121000180-1-000062/2026;;2026-10-01 16:30:54.181290;Não informado
Prazo aberto no cadastro PNCP;Software sem marca / validar fornecimento;;MUNICIPIO DE AMPARO;Prefeitura Municipal de Amparo;Municipal;Amparo;PB;Edital de Chamamento Público nº 008/2026;2026-10-07 08:00:00;2026-09-22 17:00:00;5.0;3.95;Credenciamento;Não/não informado;[Portal de Compras Públicas] - Contratação de Empresas Especializadas para Gerenciamento, Administração, Controle e Operacionalização do Fornecimento de Combustíveis destinados ao Abastecimento dos Veículos, Máquinas e Equipamentos pertencentes ou a serviço do Município, mediante Sistema Informatizado com plataforma web e utilização de Rede de Postos revendedores Credenciados, por período de 12 (doze) meses, visando atender as Secretarias Municipais de Amparo/PB;"Marca/modelo ou modalidade não definidos na triagem. Conferir itens e TR; possibilidade de revenda não confirmada.";API oficial PNCP de propostas abertas (varredura por UF) + itens oficiais + detalhe da contratação;https://pncp.gov.br/app/editais/01612473000102/2026/38;https://www.portaldecompraspublicas.com.br/processos/PB/Prefeitura-Municipal-de-Amparo-1590/CRED-008-2026-2026-513330;https://pncp.gov.br/pncp-api/v1/orgaos/01612473000102/compras/2026/38/arquivos/1;;01612473000102-1-000038/2026;;2026-09-22 16:09:28;Não informado
Prazo aberto no cadastro PNCP;Software sem marca / validar fornecimento;;MUNICIPIO DE SAO JOSE DO EGITO;Prefeitura Municipal de São José do Egito;Municipal;São José do Egito;PE;Edital de Chamamento Público nº 014/2026;2026-10-07 08:00:00;2026-09-22 12:00:00;5.0;3.95;Credenciamento;Não/não informado;[Portal de Compras Públicas] - Contratação de Empresa Especializada para prestação de serviços continuados de Gerenciamento, Administração, Controle e Operacionalização da Manutenção Preventiva e Corretiva da Frota de Veículos, Máquinas e Equipamentos pertencentes ou a serviço do Município, incluindo o fornecimento de peças, pneus, componentes, acessórios, materiais e demais itens necessários, mediante Sistema Informatizado de Controle e Gerenciamento com plataforma web, por meio de rede de estabelecimentos credenciados, pelo período de 12 (doze) meses, visando atender diversas Secretarias Municipais de São José do Egito/PE;"Marca/modelo ou modalidade não definidos na triagem. Conferir itens e TR; possibilidade de revenda não confirmada.";API oficial PNCP de propostas abertas (varredura por UF) + itens oficiais + detalhe da contratação;https://pncp.gov.br/app/editais/11354180000126/2026/119;https://www.portaldecompraspublicas.com.br/processos/PE/Prefeitura-Municipal-de-Sao-Jose-do-Egito-4919/CRED-014-2026-2026-513136;https://pncp.gov.br/pncp-api/v1/orgaos/11354180000126/compras/2026/119/arquivos/1;;11354180000126-1-000119/2026;;2026-09-22 11:33:41;Não informado
Prazo aberto no cadastro PNCP;Software sem marca / validar fornecimento;;CONSELHO REGIONAL DE MEDICINA VETERINARIA DO EST. DO RN;CONSELHO REGIONAL DE MEDICINA VETERINARIA-RN;Federal;Natal;RN;Aviso de Contratação Direta nº 5/2026;2026-10-07 08:00:00;2026-10-02 08:00:00;5242.52;4141.59;Dispensa;Não/não informado;"Prestação continuada de serviços de disponibilização de solução informatizada de gestão patrimonial, mediante subscrição ou licenciamento temporário de uso (modelo Software as a Service – SaaS), incluindo implantação, parametrização/configuração, migração de dados, atualização de versões, manutenção corretiva e evolutiva, suporte técnico e treinamento dos usuários.

";"Marca/modelo ou modalidade não definidos na triagem. Conferir itens e TR; possibilidade de revenda não confirmada.";Cadastro de busca oficial PNCP + itens oficiais + detalhe da contratação;https://pncp.gov.br/app/editais/08693822000107/2026/10;https://cnetmobile.estaleiro.serpro.gov.br/comprasnet-web/public/compras/acompanhamento-compra?compra=38920506000052026;https://pncp.gov.br/pncp-api/v1/orgaos/08693822000107/compras/2026/10/arquivos/3;https://pncp.gov.br/pncp-api/v1/orgaos/08693822000107/compras/2026/10/arquivos/1;08693822000107-1-000010/2026;;2026-10-01 12:35:32.028686;Não informado
Prazo aberto no cadastro PNCP;Software sem marca / validar fornecimento;;MUNICIPIO DE CHAPADAO DO LAGEADO;Prefeitura Municipal de Chapadão do Lageado - SC;Municipal;Chapadão do Lageado;SC;Edital nº 19/2026;2026-10-07 08:00:00;2026-09-14 08:00:00;59798.8;47241.05;Pregão - Eletrônico;Não/não informado;A presente licitação tem por objeto a constitui objeto da presente licitação a Contratação de empresa especializada para prestação de serviços de rastreamento e monitoramento veicular, mediante instalação de módulos rastreadores em regime de comodato, disponibilização de sistema e licença de uso de plataforma de gerenciamento e monitoramento via internet, com localização e acompanhamento dos veículos em tempo real, incluindo instalação, configuração, ativação, manutenção, suporte técnico e g;"Marca/modelo ou modalidade não definidos na triagem. Conferir itens e TR; possibilidade de revenda não confirmada.";Cadastro de busca oficial PNCP + itens oficiais + detalhe da contratação;https://pncp.gov.br/app/editais/01613120000127/2026/137;;https://pncp.gov.br/pncp-api/v1/orgaos/01613120000127/compras/2026/137/arquivos/1;https://pncp.gov.br/pncp-api/v1/orgaos/01613120000127/compras/2026/137/arquivos/8;01613120000127-1-000137/2026;;2026-09-11 10:21:05.764304;Não informado
Prazo aberto no cadastro PNCP;Software sem marca / validar fornecimento;;MUNICIPIO DE SOUSA;Prefeitura Municipal de Sousa;Municipal;Sousa;PB;Aviso de Contratação Direta nº 00044/2026;2026-10-07 08:29:00;2026-10-02 08:00:00;43646.4;34480.65;Dispensa;Não/não informado;[Portal de Compras Públicas] - CONTRATAÇÃO DE SERVIÇO DE SOFTWARE COMO SERVIÇO (SAAS) PARA CONTROLE DE OBRAS PÚBLICAS, FISCALIZAÇÃO DA EXECUÇÃO CONTRATUAL E CONTROLE DOS ATOS DA CONTRATAÇÃO, COM HOSPEDAGEM EM NUVEM, SUPORTE TÉCNICO, ATUALIZAÇÕES CONTÍNUAS, CAPACITAÇÃO, INTEGRAÇÃO NATIVA COM O PORTAL NACIONAL DE CONTRATAÇÕES PÚBLICAS (PNCP) E DISPONIBILIZAÇÃO DE PREPOSTO PRESENCIAL NA SEDE DA PREFEITURA.;"Marca/modelo ou modalidade não definidos na triagem. Conferir itens e TR; possibilidade de revenda não confirmada.";Cadastro de busca oficial PNCP + itens oficiais + detalhe da contratação;https://pncp.gov.br/app/editais/08999674000153/2026/166;https://www.portaldecompraspublicas.com.br/processos/PB/Prefeitura-Municipal-de-Sousa-1285/DE-00044-2026-2026-515699;https://pncp.gov.br/pncp-api/v1/orgaos/08999674000153/compras/2026/166/arquivos/1;;08999674000153-1-000166/2026;;2026-10-01 16:27:19.169737;Não informado
Prazo aberto no cadastro PNCP;Software sem marca / validar fornecimento;;MUNICIPIO DE NOVA RUSSAS;SECRETARIA DE ADMINISTRACAO E FINANCAS;Municipal;Nova Russas;CE;Edital nº GM-PE014/2026/2026;2026-10-07 08:59:00;2026-09-18 00:00:00;258162.52;203948.39;Pregão - Eletrônico;Não/não informado;CONTRATAÇÃO DE EMPRESA PARA IMPLANTAÇÃO E LICENCIAMENTO DE SISTEMA COMPUTACIONAL CUSTOMIZÁVEL, BASEADO EM PLATAFORMA WEB DE GESTÃO DE PESSOAS PARA O CONTROLE DE FREQUÊNCIA, DOCUMENTOS, RECADASTRAMENTO, PROVA DE VIDA, COMUNICAÇÃO E FINANCEIRO DO FUNCIONÁRIO COM APLICATIVOS DO SERVIDOR E GESTOR INCLUSOS, DE INTERESSE DE DIVERSAS UNIDADES ADMINISTRATIVAS DO MUNICÍPIO DE NOVA RUSSAS-CE;"Marca/modelo ou modalidade não definidos na triagem. Conferir itens e TR; possibilidade de revenda não confirmada.";Cadastro de busca oficial PNCP + itens oficiais + detalhe da contratação;https://pncp.gov.br/app/editais/07993439000101/2026/96;http://precodereferencia.m2atecnologia.com.br/c/9zh8ix5pT7-QckgcS6KgYg.DfWDOocQNDyu/;https://pncp.gov.br/pncp-api/v1/orgaos/07993439000101/compras/2026/96/arquivos/1;;07993439000101-1-000096/2026;;2026-09-22 15:39:56.020452;Não informado
Prazo aberto no cadastro PNCP;Software sem marca / validar fornecimento;;MUNICIPIO DE ANCHIETA;Prefeitura Municipal de Anchieta;Municipal;Anchieta;ES;Edital nº 000048/2026;2026-10-07 08:59:00;2026-09-23 09:00:00;277052.28;218871.3;Pregão - Eletrônico;Não/não informado;CONTRATAÇÃO  DE SOFTWARE  WEB  PARA  GESTÃO  DO  SISTEMA  ÚNICO  DE  ASSISTÊNCIA SOCIAL –SUAS;"Marca/modelo ou modalidade não definidos na triagem. Conferir itens e TR; possibilidade de revenda não confirmada.";Cadastro de busca oficial PNCP + itens oficiais + detalhe da contratação;https://pncp.gov.br/app/editais/27142694000158/2026/247;;https://pncp.gov.br/pncp-api/v1/orgaos/27142694000158/compras/2026/247/arquivos/1;;27142694000158-1-000247/2026;;2026-09-23 10:43:04.850130;Não informado
Prazo aberto no cadastro PNCP;Software sem marca / validar fornecimento;;CAMARA MUNICIPAL DE ECOPORANGA;Câmara Municipal de Ecoporanga;Municipal;Ecoporanga;ES;Aviso de Contratação Direta nº 000002-E/2026;2026-10-07 08:59:00;2026-09-29 18:00:00;2.86;2.25;Dispensa;Não/não informado;Contratação de pessoa jurídica especializada na prestação de serviços de  gerenciamento, controle e abastecimento de combustíveis  gasolina comum, por meio de sistema informatizado e cartões eletrônicosmagnéticos com chip, com rede credenciada de postos de abastecimento obrigatoriamente localizada fora da circunscrição do Município de EcoporangaES, pelo período de 12 doze meses , para atender as demandas de deslocamento externo dos veículos oficiais da Câmara Municipal.;"Marca/modelo ou modalidade não definidos na triagem. Conferir itens e TR; possibilidade de revenda não confirmada.";API oficial PNCP de propostas abertas (varredura por UF) + itens oficiais + detalhe da contratação;https://pncp.gov.br/app/editais/27471911000153/2026/15;;https://pncp.gov.br/pncp-api/v1/orgaos/27471911000153/compras/2026/15/arquivos/1;;27471911000153-1-000015/2026;;2026-09-29 15:19:36;Não informado
Prazo aberto no cadastro PNCP;Software sem marca / validar fornecimento;;BAHIA TRIBUNAL DE JUSTICA;TRIBUNAL DE JUSTICA DO ESTADO DA BAHIA;Estadual;Salvador;BA;Edital nº 59/2026;2026-10-07 09:00:00;2026-09-23 08:00:00;549651.72;434224.85;Pregão - Eletrônico;Não/não informado;Aquisição de pacotes oficiais de extensão de garantia CISCO para 4 (quatro) switches Nexus2000 C2348UPQ, 2 (dois) switches Nexus7000 C7010, 2 (dois) switches Nexus9000 93180YC-EX, além de 2 (duas) licenças do software N93-LAN1K9= vinculadas aos switches Nexus9000 93180YC-EX, abrangendo suporte, atualização, manutenção e assistência técnica de todos os componentes nativos e agregados.;"Marca/modelo ou modalidade não definidos na triagem. Conferir itens e TR; possibilidade de revenda não confirmada.";Cadastro de busca oficial PNCP + itens oficiais + detalhe da contratação;https://pncp.gov.br/app/editais/13100722000160/2026/112;https://cnetmobile.estaleiro.serpro.gov.br/comprasnet-web/public/compras/acompanhamento-compra?compra=92630305000592026;https://pncp.gov.br/pncp-api/v1/orgaos/13100722000160/compras/2026/112/arquivos/1;;13100722000160-1-000112/2026;;2026-09-15 09:53:39.816952;Não informado
Prazo aberto no cadastro PNCP;Software sem marca / validar fornecimento;;FUNDO MUNICIPAL DE SAUDE DE OURO VERDE;FUNDO MUNICIPAL DE SAUDE DE OURO VERDE;Municipal;Ouro Verde de Goiás;GO;Aviso de Contratação Direta nº (9031) | 84-0/2026;2026-10-07 09:00:00;2026-09-30 09:00:00;2363.4;1867.08;Dispensa;Não/não informado;CONTRATAÇÃO DE EMPRESA ESPECIALIZADA PARA PRESTAÇÃO DE SERVIÇO DE LICENÇA ANUAL DE SOFTWARE DESTINADO AO TRATAMENTO E À APURAÇÃO DE PONTO, INCLUINDO OS SERVIÇOS DE IMPLANTAÇÃO, CONFIGURAÇÃO, IMPORTAÇÃO DE CADASTRO, TREINAMENTO E SUPORTE TÉCNICO, VISANDO ATENDER ÀS NECESSIDADES DA SECRETARIA MUNICIPAL DE SAÚDE.;"Marca/modelo ou modalidade não definidos na triagem. Conferir itens e TR; possibilidade de revenda não confirmada.";Cadastro de busca oficial PNCP + itens oficiais + detalhe da contratação;https://pncp.gov.br/app/editais/13872416000141/2026/51;;https://pncp.gov.br/pncp-api/v1/orgaos/13872416000141/compras/2026/51/arquivos/1;https://pncp.gov.br/pncp-api/v1/orgaos/13872416000141/compras/2026/51/arquivos/3;13872416000141-1-000051/2026;;2026-09-29 15:00:43.784744;Não informado
Prazo aberto no cadastro PNCP;Software sem marca / validar fornecimento;;MUNICIPIO DE SALGADO;PREFEITURA MUNICIPAL DE SALGADO;Municipal;Salgado;SE;Edital nº 022/2026;2026-10-07 09:00:00;2026-09-21 08:00:00;163893.41;129475.79;Pregão - Eletrônico;Não/não informado;Contratação de empresa especializada para disponibilização de solução digital integrada de participação social, atendimento ao cidadão, gestão de demandas e comunicação institucional, na modalidade Software como Serviço – SaaS, compreendendo implantação, parametrização, hospedagem em nuvem, licenciamento de uso, suporte técnico, manutenção, atualizações e demais serviços necessários ao adequado funcionamento da solução;"Marca/modelo ou modalidade não definidos na triagem. Conferir itens e TR; possibilidade de revenda não confirmada.";Cadastro de busca oficial PNCP + itens oficiais + detalhe da contratação;https://pncp.gov.br/app/editais/13107453000163/2026/75;;https://pncp.gov.br/pncp-api/v1/orgaos/13107453000163/compras/2026/75/arquivos/1;;13107453000163-1-000075/2026;;2026-09-18 13:57:48.584731;Não informado
Prazo aberto no cadastro PNCP;Software sem marca / validar fornecimento;;MUNICIPIO DE ASSIS;PREFEITURA MUNICIPAL DE ASSIS - SP;Municipal;Assis;SP;Edital nº 35/2026;2026-10-07 09:00:00;2026-09-15 10:00:00;322670.1;254909.37;Pregão - Eletrônico;Não/não informado;Contratação de serviços para gestão documental para armazenamento externo de documentos físicos, transferência ordenada, organização, conservação, transporte e digitalização de documentos com fornecimento de software;"Marca/modelo ou modalidade não definidos na triagem. Conferir itens e TR; possibilidade de revenda não confirmada.";Cadastro de busca oficial PNCP + itens oficiais + detalhe da contratação;https://pncp.gov.br/app/editais/46179941000135/2026/380;https://cnetmobile.estaleiro.serpro.gov.br/comprasnet-web/public/compras/acompanhamento-compra?compra=92648605000352026;https://pncp.gov.br/pncp-api/v1/orgaos/46179941000135/compras/2026/380/arquivos/2;;46179941000135-1-000380/2026;;2026-08-31 11:04:05.312564;Não informado
Prazo aberto no cadastro PNCP;Software sem marca / validar fornecimento;;COMANDO DA AERONAUTICA;CENTRO LOGISTICO DA AERONAUTICA;Federal;São Paulo;SP;Aviso de Contratação Direta nº 55/2026;2026-10-07 09:00:00;2026-10-02 12:00:00;6100.09;4819.07;Dispensa;Não/não informado;Aquisição de Licenças de Software de Topografia;"Marca/modelo ou modalidade não definidos na triagem. Conferir itens e TR; possibilidade de revenda não confirmada.";Cadastro de busca oficial PNCP + itens oficiais + detalhe da contratação;https://pncp.gov.br/app/editais/00394429000100/2026/2557;https://cnetmobile.estaleiro.serpro.gov.br/comprasnet-web/public/compras/acompanhamento-compra?compra=12007106000552026;https://pncp.gov.br/pncp-api/v1/orgaos/00394429000100/compras/2026/2557/arquivos/1;https://pncp.gov.br/pncp-api/v1/orgaos/00394429000100/compras/2026/2557/arquivos/2;00394429000100-1-002557/2026;;2026-10-02 11:04:28.253824;Não informado
Prazo aberto no cadastro PNCP;Software sem marca / validar fornecimento;;DEPARTAMENTO ESTADUAL DE TRANSITO;ESP-DEP. ESTADUAL DE TRANSITO-DETRAN-SP;Estadual;São Paulo;SP;Edital nº 246/2026;2026-10-07 09:59:00;2026-09-22 10:00:00;31118011.68;24583229.22;Pregão - Eletrônico;Não/não informado;Contratação de empresa especializada na prestação de serviços de gerenciamento do abastecimento de combustíveis (etanol, diesel e biodiesel) e fornecimento de insumos/serviços correlatos (ARLA 32, óleos lubrificantes, fluido de freio, filtros de ar/óleo/combustível, líquido de arrefecimento e lavagens) para a frota de veículos, por meio de sistema informatizado e integrado, com uso de cartão de pagamento magnético ou microprocessado e disponibilização de rede de postos credenciados, conforme condições e especificações do Edital e Anexos.;"Marca/modelo ou modalidade não definidos na triagem. Conferir itens e TR; possibilidade de revenda não confirmada.";API oficial PNCP de propostas abertas (varredura por UF) + itens oficiais + detalhe da contratação;https://pncp.gov.br/app/editais/15519361000116/2026/47;https://cnetmobile.estaleiro.serpro.gov.br/comprasnet-web/public/compras/acompanhamento-compra?compra=53240105002462026;https://pncp.gov.br/pncp-api/v1/orgaos/15519361000116/compras/2026/47/arquivos/2;;15519361000116-1-000047/2026;;2026-08-07 18:37:13;Não informado
Prazo aberto no cadastro PNCP;Software sem marca / validar fornecimento;;AGENCIA NACIONAL DE TRANSPORTES TERRESTRES - ANTT;AGENCIA NACIONAL DE TRANSPORTES TERRESTRES;Federal;Brasília;DF;Edital nº 172/2026;2026-10-07 10:00:00;2026-09-23 08:00:00;1650018.75;1303514.81;Pregão - Eletrônico;Não/não informado;Contratação de serviços de administração e gerenciamento de manutenção da frota de veículos da Agência Nacional de Transportes Terrestres - ANTT, com implantação e operação de sistema informatizado e integrado para gestão de frota, por meio de internet, através de rede de estabelecimentos credenciados, em âmbito nacional, visando a manutenção preventiva e corretiva, incluindo fornecimento de peças e acessórios - conforme condições, quantidades e exigências estabelecidas no Edital e seus anexos.;"Marca/modelo ou modalidade não definidos na triagem. Conferir itens e TR; possibilidade de revenda não confirmada.";API oficial PNCP de propostas abertas (varredura por UF) + itens oficiais + detalhe da contratação;https://pncp.gov.br/app/editais/04898488000177/2026/56;https://cnetmobile.estaleiro.serpro.gov.br/comprasnet-web/public/compras/acompanhamento-compra?compra=39300105001722026;https://pncp.gov.br/pncp-api/v1/orgaos/04898488000177/compras/2026/56/arquivos/2;https://pncp.gov.br/pncp-api/v1/orgaos/04898488000177/compras/2026/56/arquivos/3;04898488000177-1-000056/2026;;2026-09-23 07:42:03;Não informado
Prazo aberto no cadastro PNCP;Software sem marca / validar fornecimento;;UNIVERSIDADE FEDERAL DO RIO DE JANEIRO;DECANATO DO CENTRO DE LETRAS E ARTES DA UFRJ;Federal;Rio de Janeiro;RJ;Aviso de Contratação Direta nº 22/2026;2026-10-07 10:00:00;2026-10-02 08:00:00;7969.0;6295.51;Dispensa;Não/não informado;"Contratação de empresa para aquisição de licença do software, para as atividades nos laboratórios da Faculdade
de Arquitetura.";"Marca/modelo ou modalidade não definidos na triagem. Conferir itens e TR; possibilidade de revenda não confirmada.";Cadastro de busca oficial PNCP + itens oficiais + detalhe da contratação;https://pncp.gov.br/app/editais/33663683000116/2026/481;https://cnetmobile.estaleiro.serpro.gov.br/comprasnet-web/public/compras/acompanhamento-compra?compra=15312706000222026;https://pncp.gov.br/pncp-api/v1/orgaos/33663683000116/compras/2026/481/arquivos/4;https://pncp.gov.br/pncp-api/v1/orgaos/33663683000116/compras/2026/481/arquivos/2;33663683000116-1-000481/2026;;2026-10-01 12:03:29.984678;Não informado
Prazo aberto no cadastro PNCP;Software sem marca / validar fornecimento;;EMPRESA DE TECNOLOGIA E INFORMACOES DA PREVIDENCIA S.A. - DATAPREV;EMPRESA DE TEC. E INFORMAÇOES DA PREVID. S.A.;Não se aplica;Rio de Janeiro;RJ;Edital nº 42/2026;2026-10-07 10:00:00;2026-09-23 08:00:00;;;Pregão - Eletrônico;Não/não informado;Contratação de Solução de Gestão de Artefatos Binários com Análise de Composição de Software (SCA), suporte técnico e atualização de versão pelo período de 36 (trinta e seis) meses, incluindo o serviço de instalação e migração, além da prestação dos serviços de capacitação técnica e 320 (Trezentas e vinte) horas de Orientação Técnica, a serem utilizados sob demanda.;"Marca/modelo ou modalidade não definidos na triagem. Conferir itens e TR; possibilidade de revenda não confirmada.";Cadastro de busca oficial PNCP + itens oficiais + detalhe da contratação;https://pncp.gov.br/app/editais/42422253000101/2026/56;https://cnetmobile.estaleiro.serpro.gov.br/comprasnet-web/public/compras/acompanhamento-compra?compra=23801405000422026;https://pncp.gov.br/pncp-api/v1/orgaos/42422253000101/compras/2026/56/arquivos/1;;42422253000101-1-000056/2026;;2026-09-22 12:43:08.743987;Não informado
Prazo aberto no cadastro PNCP;Software sem marca / validar fornecimento;;DEPARTAMENTO ESTADUAL DE TRANSITO;ERO-DEPARTAMENTO ESTADUAL DE TRÃNSITO;Estadual;Porto Velho;RO;Edital nº 36/2026;2026-10-07 10:00:00;2026-09-18 08:00:00;44887381.2;35461031.14;Pregão - Eletrônico;Não/não informado;Contratação de serviços técnicos especializados de Tecnologia da Informação e Comunicação (TIC) de natureza continuada, compreendendo a disponibilização, implantação, sustentação e suporte técnico de sistemas informatizados de gestão (software) na modalidade SaaS (Software as a Service), cumulada com a locação de infraestrutura de hardware (Hardware as a Service) para atendimento digital, conforme especificações, quantitativos e Acordos de Nível de Serviço (SLA) estabelecidos no Termo de Referen;"Marca/modelo ou modalidade não definidos na triagem. Conferir itens e TR; possibilidade de revenda não confirmada.";Cadastro de busca oficial PNCP + itens oficiais + detalhe da contratação;https://pncp.gov.br/app/editais/15883796000145/2026/41;https://cnetmobile.estaleiro.serpro.gov.br/comprasnet-web/public/compras/acompanhamento-compra?compra=92600205000362026;https://pncp.gov.br/pncp-api/v1/orgaos/15883796000145/compras/2026/41/arquivos/1;;15883796000145-1-000041/2026;;2026-07-22 13:54:37.792979;Não informado
Prazo aberto no cadastro PNCP;Software sem marca / validar fornecimento;;CONSORCIO INTERMUNICIPAL BRASIL CENTRAL/GO;CONSORCIO INTERFEDERATIVO AUTARQUICO BRASIL CENTRAL (CIABC/GO);Não se aplica;Goiânia;GO;Edital nº 025/2026/2026;2026-10-07 12:50:00;2026-09-23 20:30:00;;;Pregão - Eletrônico;Sim;Registro de Preços para a futura e eventual contratação de empresa especializada na prestação de solução tecnológica, em regime de software como serviço (SaaS), de apoio à gestão dos fatores de risco psicossocial relacionados ao trabalho (FRPRT), integrada ao Gerenciamento de Riscos Ocupacionais (GRO) e ao Programa de Gerenciamento de Riscos (PGR), para atendimento das demandas dos municípios vinculados ao CIABC/GO;"Marca/modelo ou modalidade não definidos na triagem. Conferir itens e TR; possibilidade de revenda não confirmada.";Cadastro de busca oficial PNCP + itens oficiais + detalhe da contratação;https://pncp.gov.br/app/editais/18443577000133/2026/28;;https://pncp.gov.br/pncp-api/v1/orgaos/18443577000133/compras/2026/28/arquivos/1;;18443577000133-1-000028/2026;;2026-09-23 20:02:21.792246;Não informado
Prazo aberto no cadastro PNCP;Software sem marca / validar fornecimento;;MUNICIPIO DE NATAL;Secretaria Municipal de Administração de Natal;Municipal;Natal;RN;Edital nº 24.050/2026/2026;2026-10-07 13:50:00;2026-09-23 08:00:00;167637.3;132433.46;Pregão - Eletrônico;Sim;REGISTRO DE PREÇOS para futura contratação de empresa especializada em fornecer, implantar, manter e operar solução tecnológica integrada de gestão de trânsito, composta por talonário eletrônico homologado pela SENATRAN, sistemas auxiliares para registro e controle de infrações, ocorrências, medidas administrativas e sinistros (BOAT), além de plataforma web com licenciamento em modalidade SaaS (Software como Serviço).;"Marca/modelo ou modalidade não definidos na triagem. Conferir itens e TR; possibilidade de revenda não confirmada.";Cadastro de busca oficial PNCP + itens oficiais + detalhe da contratação;https://pncp.gov.br/app/editais/08241747000496/2026/335;http://portaldecomprasnatal.com.br;https://pncp.gov.br/pncp-api/v1/orgaos/08241747000496/compras/2026/335/arquivos/1;;08241747000496-1-000335/2026;;2026-09-22 17:55:50.600000;Não informado
Recebimento futuro anunciado;Software sem marca / validar fornecimento;;MUNICIPIO DE JARAGUA DO SUL;Prefeitura Municipal de Jaraguá do Sul;Municipal;Jaraguá do Sul;SC;Aviso de Contratação Direta nº DE 223/2026;2026-10-07 16:00:00;2026-10-07 08:00:00;680969.88;537966.2;Dispensa;Não/não informado;Contratação emergencial de empresa especializada para prestação integrada de serviços de manutenção preventiva, corretiva e estética da sinalização semafórica do Município de Jaraguá do Sul, incluindo disponibilização e licenciamento de software de centralização e controle de tráfego e serviços especializados de reavaliação de programações semafóricas, conforme Termo de Referência.;"Marca/modelo ou modalidade não definidos na triagem. Conferir itens e TR; possibilidade de revenda não confirmada.";Cadastro de busca oficial PNCP + itens oficiais + detalhe da contratação;https://pncp.gov.br/app/editais/83102459000123/2026/882;;https://pncp.gov.br/pncp-api/v1/orgaos/83102459000123/compras/2026/882/arquivos/1;https://pncp.gov.br/pncp-api/v1/orgaos/83102459000123/compras/2026/882/arquivos/2;83102459000123-1-000882/2026;;2026-10-06 15:27:32.485915;Não informado
Prazo aberto no cadastro PNCP;Software sem marca / validar fornecimento;;FUNDACAO JOAO PINHEIRO;CCCA;Estadual;Belo Horizonte;MG;Aviso de Contratação Direta nº 34/2026;2026-10-08 08:00:14;2026-10-02 17:09:24;117742.37;93016.47;Dispensa;Não/não informado;Contratação de empresa especializada para prestação de serviços de implantação (instalação, configuração e customização de interface) e suporte técnico software de código aberto VuFind (versão 11).;"Marca/modelo ou modalidade não definidos na triagem. Conferir itens e TR; possibilidade de revenda não confirmada.";API oficial PNCP de propostas abertas (varredura por UF) + itens oficiais + detalhe da contratação;https://pncp.gov.br/app/editais/17464652000180/2026/27;https://www1.compras.mg.gov.br/n/procedimentolei14133/consulta/eletronico/visualizar/2026/34/2061034;https://pncp.gov.br/pncp-api/v1/orgaos/17464652000180/compras/2026/27/arquivos/1;https://pncp.gov.br/pncp-api/v1/orgaos/17464652000180/compras/2026/27/arquivos/2;17464652000180-1-000027/2026;;2026-10-02 16:33:11;Não informado
Prazo aberto no cadastro PNCP;Software sem marca / validar fornecimento;;MUNICIPIO DE ARCEBURGO;Unidade Única;Municipal;Arceburgo;MG;Edital nº 000065/2026;2026-10-08 08:20:00;2026-09-28 10:00:00;2.67;2.1;Pregão - Eletrônico;Não/não informado;CONTRATAÇÃO DE EMPRESA PARA A PRESTAÇÃO DE SERVIÇOS DE ADMINISTRAÇÃO E GERENCIAMENTO DA FROTA DE VEÍCULOS DA PREFEITURA DE ARCEBURGO E SEUS CONVENIADOS, VISANDO A MANUTENÇÃO PREVENTIVA E CORRETIVA, INCLUINDO SERVIÇOS MECÂNICOS EM GERAL, SUSPENSÃO, ELÉTRICOS, ELETRÔNICOS, LANTERNAGEM, FUNILARIA, PINTURA, MANUTENÇÃO DE AR CONDICIONADO, LAVAGEM, RETÍFICA DE MOTORES E CABEÇOTES, BOMBAS INJETORAS, ALINHAMENTO DE DIREÇÃO, CAMBAGEM, BALANCEAMENTO DE RODAS, TROCAS DE ÓLEO PARA MOTOR, TROCAS DE FILTROS DE ÓLEO, FILTROS DE AR E FILTROS DE COMBUSTÍVEL, SERVIÇOS DE GUINCHO 24 HORAS, SERVIÇOS DE BORRACHARIA, FORNECIMENTO DE PEÇAS, PNEUS, BATERIAS, LUBRIFICANTES, ADITIVOS, PRODUTOS DE LIMPEZA AUTOMOTIVOS, PRODUTOS E ACESSÓRIOS DE REPOSIÇÃO ORIGINAIS E/OU GENUÍNOS E MÃO DE OBRA PARA VEÍCULOS LEVES, MÉDIOS, PESADOS E MÁQUINAS PESADAS, BEM COMO PARA EQUIPAMENTOS, IMPLANTAÇÃO E OPERAÇÃO DE SISTEMA INFORMATIZADO E INTEGRADO, COM UTILIZAÇÃO DE DISPOSITIVOS DENOMINADOS TAG’S (ETIQUETA) COM TECNOLOGIA RFID OU SIMILAR, ATRAVÉS DE REDE DE ESTABELECIMENTOS CREDENCIADOS, EM TERRITÓRIO NACIONAL.;"Marca/modelo ou modalidade não definidos na triagem. Conferir itens e TR; possibilidade de revenda não confirmada.";API oficial PNCP de propostas abertas (varredura por UF) + itens oficiais + detalhe da contratação;https://pncp.gov.br/app/editais/17899717000110/2026/160;https://app2.ammlicita.org.br/pesquisa/114462;https://pncp.gov.br/pncp-api/v1/orgaos/17899717000110/compras/2026/160/arquivos/1;;17899717000110-1-000160/2026;;2026-09-24 14:01:03;Não informado
Prazo aberto no cadastro PNCP;Software sem marca / validar fornecimento;;MUNICIPIO DE JUSSARA;Unidade administrativa;Municipal;Jussara;PR;Edital nº 31/2026;2026-10-08 08:30:00;2026-09-24 08:30:00;159799.96;126241.96;Pregão - Eletrônico;Sim;FUTURA E EVENTUAL CONTRATAÇÃO DE EMPRESA ESPECIALIZADA NA PRESTAÇÃO DE SERVIÇOS DE DISPONIBILIZAÇÃO, IMPLANTAÇÃO, CONFIGURAÇÃO, TREINAMENTO, SUPORTE TÉCNICO, MANUTENÇÃO, ATUALIZAÇÃO E LICENCIAMENTO DE USO DE SOLUÇÃO TECNOLÓGICA INTEGRADA PARA GESTÃO DA FROTA MUNICIPAL, DISPONIBILIZADA NA MODALIDADE SOFTWARE COMO SERVIÇO – SAAS (SOFTWARE AS A SERVICE), HOSPEDADA EM AMBIENTE DE COMPUTAÇÃO EM NUVEM, INCLUINDO O FORNECIMENTO, INSTALAÇÃO, CONFIGURAÇÃO, SUBSTITUIÇÃO E MANUTENÇÃO DOS DISPOSITIVOS ELETRÔNICOS EMBARCADOS (IOT), DESTINADOS À COLETA, TRANSMISSÃO, PROCESSAMENTO E GERENCIAMENTO DAS INFORMAÇÕES OPERACIONAIS DOS VEÍCULOS PERTENCENTES OU UTILIZADOS PELA ADMINISTRAÇÃO MUNICIPAL, CONFORME CONDIÇÕES, QUANTIDADES E EXIGÊNCIAS ESTABELECIDAS NO TERMO DE REFERÊNCIA.;"Marca/modelo ou modalidade não definidos na triagem. Conferir itens e TR; possibilidade de revenda não confirmada.";Cadastro de busca oficial PNCP + itens oficiais + detalhe da contratação;https://pncp.gov.br/app/editais/75789552000120/2026/82;;https://pncp.gov.br/pncp-api/v1/orgaos/75789552000120/compras/2026/82/arquivos/1;https://pncp.gov.br/pncp-api/v1/orgaos/75789552000120/compras/2026/82/arquivos/4;75789552000120-1-000082/2026;;2026-09-23 16:52:02.182355;Não informado
Prazo aberto no cadastro PNCP;Software sem marca / validar fornecimento;;MUNICIPIO DE MARIALVA;Prefeitura Municipal de Marialva;Municipal;Marialva;PR;Edital nº 84/2026;2026-10-08 08:30:00;2026-09-23 09:00:00;8562632.11;6764479.36;Pregão - Eletrônico;Não/não informado;"Contratação de empresa especializada para administrar o fornecimento, gerenciamento e controle de combustíveis
(Etanol, Gasolina Refinada, Diesel e Diesel S-10) destinados aos veículos e equipamentos oficiais do Município de
Marialva, fornecidos por postos credenciados, por meio da implantação e posterior operação de um sistema informatizado
e integrado.";"Marca/modelo ou modalidade não definidos na triagem. Conferir itens e TR; possibilidade de revenda não confirmada.";API oficial PNCP de propostas abertas (varredura por UF) + itens oficiais + detalhe da contratação;https://pncp.gov.br/app/editais/76282680000145/2026/254;;https://pncp.gov.br/pncp-api/v1/orgaos/76282680000145/compras/2026/254/arquivos/1;;76282680000145-1-000254/2026;;2026-09-23 08:33:03;Não informado
Prazo aberto no cadastro PNCP;Software sem marca / validar fornecimento;;MUNICIPIO DE JABOTICABAL;PREFEITURA MUNICIPAL DE JABOTICABAL;Municipal;Jaboticabal;SP;Edital nº 67/2026;2026-10-08 08:30:00;2026-09-23 10:00:00;1194100.0;943339.0;Pregão - Eletrônico;Sim;Registro de Preços visando a futura e eventual contratação de empresa especializada para a prestação de serviços de transformação de expedientes físicos em formatos digitais, com cessão de uso de software para gestão eletrônica e outros serviços correlatos.;"Marca/modelo ou modalidade não definidos na triagem. Conferir itens e TR; possibilidade de revenda não confirmada.";API oficial PNCP de propostas abertas (varredura por UF) + itens oficiais + detalhe da contratação;https://pncp.gov.br/app/editais/50387844000105/2026/611;;https://pncp.gov.br/pncp-api/v1/orgaos/50387844000105/compras/2026/611/arquivos/1;;50387844000105-1-000611/2026;;2026-09-23 08:34:06;Não informado
Prazo aberto no cadastro PNCP;Software sem marca / validar fornecimento;;MUNICIPIO DE NOVA PRATA;Setor de Compras e Licitações;Municipal;Nova Prata;RS;Edital nº 34/2026;2026-10-08 08:55:00;2026-09-23 09:00:00;62699.96;49532.96;Pregão - Eletrônico;Não/não informado;[Portal de Compras Públicas] - CONTRATAÇÃO DE EMPRESA PARA PRESTAÇÃO DE SERVIÇO DE INSTALAÇÃO (LICENÇA DE USO), CONFIGURAÇÃO, TREINAMENTO E MANUTENÇÃO MENSAL PARA SISTEMA ONLINE DE GERENCIAMENTO DE CONVÊNIOS MUNICIPAIS COM MÓDULO DE ARRECADAÇÃO QUE FACILITA O GERENCIAMENTO DA DESTINAÇÃO DE PARTE DO IMPOSTO DE RENDA PARA ENTIDADES NÃO GOVERNAMENTAIS DO MUNICÍPIO DE NOVA PRATA/RS.;"Marca/modelo ou modalidade não definidos na triagem. Conferir itens e TR; possibilidade de revenda não confirmada.";Cadastro de busca oficial PNCP + itens oficiais + detalhe da contratação;https://pncp.gov.br/app/editais/91618439000138/2026/991;https://www.portaldecompraspublicas.com.br/processos/RS/Prefeitura-Municipal-de-Nova-Prata-50/PE-34-2026-2026-513277;https://pncp.gov.br/pncp-api/v1/orgaos/91618439000138/compras/2026/991/arquivos/1;;91618439000138-1-000991/2026;;2026-09-22 15:14:10.613522;Não informado
Prazo aberto no cadastro PNCP;Software sem marca / validar fornecimento;;MUNICIPIO DE NOVA RUSSAS;SECRETARIA DE ADMINISTRACAO E FINANCAS;Municipal;Nova Russas;CE;Edital nº SAF-CP002/2026/2026;2026-10-08 08:59:00;2026-08-28 00:00:00;321200.04;253748.03;Concorrência - Eletrônica;Não/não informado;CONTRATAÇÃO DE EMPRESA ESPECIALIZADA PARA PRESTAÇÃO DE SERVIÇOS DE ASSESSORIA E CONSULTORIA TÉCNICA EM CONTROLE INTERNO, COM EXECUÇÃO DE AUDITORIAS DE CONFORMIDADE/REGULARIDADE, E CESSÃO DE DIREITO DE USO DE SISTEMA INFORMATIZADO (SOFTWARE) QUE POSSIBILITE O ACOMPANHAMENTO DO FLUXO DA DESPESA DESDE A FORMALIZAÇÃO DA DEMANDA ATÉ A EFETIVA CONTRATAÇÃO, INCLUINDO A PUBLICAÇÃO DOS CONTRATOS NO PORTAL NACIONAL DE CONTRATAÇÕES PÚBLICAS (PNCP), EMPENHO, LIQUIDAÇÃO, PAGAMENTO, CONTROLE DE SALDOS E ADITIVOS, ATÉ A SUA EXTINÇÃO, PARA ATENDER ÀS NECESSIDADES DA SECRETARIA MUNICIPAL DE ADMINISTRAÇÃO DA PREFEITURA MUNICIPAL DE NOVA RUSSAS – CE, CONFORME CONDIÇÕES, QUANTIDADES E EXIGÊNCIAS ESTABELECIDAS NESTE INSTRUMENTO;"Marca/modelo ou modalidade não definidos na triagem. Conferir itens e TR; possibilidade de revenda não confirmada.";Cadastro de busca oficial PNCP + itens oficiais + detalhe da contratação;https://pncp.gov.br/app/editais/07993439000101/2026/91;http://precodereferencia.m2atecnologia.com.br/c/xFeVgP_gTNyXac_s5lujJg.-7Dw48Ty78QX/;https://pncp.gov.br/pncp-api/v1/orgaos/07993439000101/compras/2026/91/arquivos/1;;07993439000101-1-000091/2026;;2026-09-01 13:39:18.591537;Não informado
Prazo aberto no cadastro PNCP;Software sem marca / validar fornecimento;;MUNICIPIO DE RIO NEGRO;Prefeitura Municipal de Rio Negro - MS;Municipal;Rio Negro;MS;Edital nº 56/2026;2026-10-08 08:59:00;2026-09-28 08:59:00;82308.96;65024.07;Pregão - Eletrônico;Não/não informado;Contratação de pessoa jurídica especializada para a locação de 18 (dezoito) equipamentos de registro eletrônico de ponto (REP) com reconhecimento facial, observados os requisitos técnicos e legais aplicáveis estabelecidos na Portaria MTP nº 671/2021 e suas alterações, incluindo cessão de uso de software de gestão de frequência em nuvem, instalação, configuração, cadastramento facial assistido, treinamento, suporte técnico, manutenção preventiva e corretiva, atualizações e integração com o sistem;"Marca/modelo ou modalidade não definidos na triagem. Conferir itens e TR; possibilidade de revenda não confirmada.";Cadastro de busca oficial PNCP + itens oficiais + detalhe da contratação;https://pncp.gov.br/app/editais/03501558000149/2026/75;https://comprasbr.com.br/pregao-eletronico-detalhe/?idlicitacao=48286;https://pncp.gov.br/pncp-api/v1/orgaos/03501558000149/compras/2026/75/arquivos/1;https://pncp.gov.br/pncp-api/v1/orgaos/03501558000149/compras/2026/75/arquivos/2;03501558000149-1-000075/2026;;2026-09-30 17:19:45.750169;Não informado
Prazo aberto no cadastro PNCP;Software sem marca / validar fornecimento;;MUNICIPIO DE NOVA SANTA RITA;Secretaria Municipal de Saúde - Órgãos Subordinados;Municipal;Nova Santa Rita;RS;Edital nº PCE 67/2026;2026-10-08 09:00:00;2026-09-24 08:00:00;51473.5;40664.06;Pregão - Eletrônico;Sim;Registro de Preços para futura e eventual aquisição de TOTENS DE CHÃO INTERATIVOS PARA PESQUISA DE SATISFAÇÃO, COM TABLET INTEGRADO, SOFTWARE DE GERENCIAMENTO E PERSONALIZAÇÃO, destinados às Unidades de Saúde, Pronto Atendimento, Policlínica 24h e demais setores da Secretaria Municipal de Saúde do Município de Nova Santa Rita/RS, nos termos da tabela abaixo, conforme as condições e exigências estabelecidas neste instrumento.;"Marca/modelo ou modalidade não definidos na triagem. Conferir itens e TR; possibilidade de revenda não confirmada.";API oficial PNCP de propostas abertas (varredura por UF) + itens oficiais + detalhe da contratação;https://pncp.gov.br/app/editais/94309291000148/2026/206;;https://pncp.gov.br/pncp-api/v1/orgaos/94309291000148/compras/2026/206/arquivos/1;;94309291000148-1-000206/2026;;2026-09-18 16:18:29;Não informado
Prazo aberto no cadastro PNCP;Software sem marca / validar fornecimento;;UNIVERSIDADE DE SAO PAULO;ESP-MUSEU PAULISTA - USP;Estadual;São Paulo;SP;Edital nº 132/2026;2026-10-08 09:00:00;2026-09-24 09:00:00;2154819.6;1702307.48;Pregão - Eletrônico;Não/não informado;Locação de sistema de monitoramento CFTV;"Marca/modelo ou modalidade não definidos na triagem. Conferir itens e TR; possibilidade de revenda não confirmada.";Cadastro de busca oficial PNCP + itens oficiais + detalhe da contratação;https://pncp.gov.br/app/editais/63025530000104/2026/3754;https://cnetmobile.estaleiro.serpro.gov.br/comprasnet-web/public/compras/acompanhamento-compra?compra=10212705001322026;https://pncp.gov.br/pncp-api/v1/orgaos/63025530000104/compras/2026/3754/arquivos/1;;63025530000104-1-003754/2026;;2026-09-23 15:05:00.703862;Não informado
Prazo aberto no cadastro PNCP;Software sem marca / validar fornecimento;;UNIVERSIDADE DE SAO PAULO;ESP-HOSPITAL UNIVERSITÁRIO - USP;Estadual;São Paulo;SP;Edital nº 614/2026;2026-10-08 09:00:00;2026-09-24 08:00:00;;;Pregão - Eletrônico;Não/não informado;NOTEBOOK E SOFTWARE;"Marca/modelo ou modalidade não definidos na triagem. Conferir itens e TR; possibilidade de revenda não confirmada.";Cadastro de busca oficial PNCP + itens oficiais + detalhe da contratação;https://pncp.gov.br/app/editais/63025530000104/2026/3739;https://cnetmobile.estaleiro.serpro.gov.br/comprasnet-web/public/compras/acompanhamento-compra?compra=10215005006142026;https://pncp.gov.br/pncp-api/v1/orgaos/63025530000104/compras/2026/3739/arquivos/1;;63025530000104-1-003739/2026;;2026-09-22 16:38:46.979418;Não informado
Prazo aberto no cadastro PNCP;Software sem marca / validar fornecimento;;MUNICIPIO DE NOVA SANTA RITA;PREFEITURA MUNICIPAL DE NOVA SANTA RITA;Municipal;Nova Santa Rita;RS;Edital nº 0067/2026;2026-10-08 09:01:00;2026-09-24 08:00:00;51473.5;40664.06;Pregão - Eletrônico;Sim;Registro de Preços para futura e eventual aquisição de TOTENS DE CHÃO INTERATIVOS PARA PESQUISA DE SATISFAÇÃO, COM TABLET INTEGRADO, SOFTWARE DE GERENCIAMENTO E PERSONALIZAÇÃO, destinados às Unidades de Saúde, Pronto Atendimento, Policlínica 24h e demais setores da Secretaria Municipal de Saúde do Município de Nova Santa Rita/RS, nos termos da tabela abaixo, conforme as condições e exigências estabelecidas neste instrumento.;"Marca/modelo ou modalidade não definidos na triagem. Conferir itens e TR; possibilidade de revenda não confirmada.";API oficial PNCP de propostas abertas (varredura por UF) + itens oficiais + detalhe da contratação;https://pncp.gov.br/app/editais/94309291000148/2026/208;https://pregaobanrisul.com.br/editais/0067_2026/357050;https://pncp.gov.br/pncp-api/v1/orgaos/94309291000148/compras/2026/208/arquivos/1;;94309291000148-1-000208/2026;;2026-09-24 00:01:41;Não informado
Prazo aberto no cadastro PNCP;Software sem marca / validar fornecimento;;CONSELHO REGIONAL DE BIOLOGIA 6 REGIAO - CRBIO 06;CONSELHO REGIONAL DE BIOLOGIA 6A - AM;Federal;Manaus;AM;Aviso de Contratação Direta nº 013-DL/2026;2026-10-08 09:59:00;2026-10-02 10:00:00;1764.2;1393.71;Dispensa;Não/não informado;Contratação de empresa especializada para disponibilização de solução de registro eletrônico de ponto e gestão de jornada, na modalidade Software como Serviço (SaaS), compatível com Registrador Eletrônico de Ponto via Programa (REP-P), incluindo implantação, configuração, licenciamento, hospedagem em nuvem, operação via tablet/totem, reconhecimento facial com prova de vida, treinamento, suporte técnico, manutenção, atualizações, backup, recuperação e portabilidade de dados.;"Marca/modelo ou modalidade não definidos na triagem. Conferir itens e TR; possibilidade de revenda não confirmada.";Cadastro de busca oficial PNCP + itens oficiais + detalhe da contratação;https://pncp.gov.br/app/editais/07934511000120/2026/12;https://bllcompras.com/Process/ProcessView?param1=[gkz]naWMz06P4V_NSLB8tLpCXu7cSGDFJlpTFCSlyejQakQ7YzAtjy_ewoO5BHkNtFPgPAu5QOhzGSsAzWVdyslEbyRw6mm5zhNyfajvdcXrofQ=;https://pncp.gov.br/pncp-api/v1/orgaos/07934511000120/compras/2026/12/arquivos/1;;07934511000120-1-000012/2026;;2026-10-02 09:57:29.088566;Não informado
Prazo aberto no cadastro PNCP;Software sem marca / validar fornecimento;;INSTITUTO DO PATRIMONIO HISTORICO E ARTISTICO NACIONAL;INSTITUTO DO PATRIMONIO HISTORICO E ARTISTICO;Federal;Brasília;DF;Edital nº 77/2026;2026-10-08 10:00:00;2026-09-24 08:00:00;249572.5;197162.27;Pregão - Eletrônico;Não/não informado;Contratação de solução de tecnologia da informação e comunicação de licenças de softwares de design gráfico, com direito de atualização e suporte, conforme condições quantidades e exigências estabelecidas em Edital e seus anexos.;"Marca/modelo ou modalidade não definidos na triagem. Conferir itens e TR; possibilidade de revenda não confirmada.";Cadastro de busca oficial PNCP + itens oficiais + detalhe da contratação;https://pncp.gov.br/app/editais/26474056000171/2026/253;https://cnetmobile.estaleiro.serpro.gov.br/comprasnet-web/public/compras/acompanhamento-compra?compra=34302605000772026;https://pncp.gov.br/pncp-api/v1/orgaos/26474056000171/compras/2026/253/arquivos/2;https://pncp.gov.br/pncp-api/v1/orgaos/26474056000171/compras/2026/253/arquivos/8;26474056000171-1-000253/2026;;2026-09-24 04:13:46.705651;Não informado
Prazo aberto no cadastro PNCP;Software sem marca / validar fornecimento;;MUNICIPIO DE SAO FRANCISCO;PREFEITURA MUNICIPAL DE SÃO FRANCISCO;Municipal;São Francisco;PB;Aviso de Contratação Direta nº 29/2026;2026-10-08 13:30:00;2026-10-05 11:50:00;20979.96;16574.16;Dispensa;Não/não informado;CONTRATAÇÃO DE EMPRESA PARA PRESTAÇÃO DOS SERVIÇOS PARA CESSÃO DE DIREITO DE USO ANUAL DE SISTEMAS INTEGRADOS DE GESTÃO DA EDUCAÇÃO, VOLTADOS PARA ATENDER AS NECESSIDADES E ATIVIDADES DA SECRETARIA MUNICIPAL DE EDUCAÇÃO DE SÃO FRANCISCO/PB;"Marca/modelo ou modalidade não definidos na triagem. Conferir itens e TR; possibilidade de revenda não confirmada.";API oficial PNCP de propostas abertas (varredura por UF) + itens oficiais + detalhe da contratação;https://pncp.gov.br/app/editais/01613323000113/2026/112;;https://pncp.gov.br/pncp-api/v1/orgaos/01613323000113/compras/2026/112/arquivos/1;;01613323000113-1-000112/2026;;2026-10-05 11:33:25;Não informado
Prazo aberto no cadastro PNCP;Software sem marca / validar fornecimento;;MUNICIPIO DE MORRO DO CHAPEU;GABINETE DA PREFEITA - GABIN;Municipal;Morro do Chapéu;BA;Aviso de Contratação Direta nº 018/2026;2026-10-08 14:00:00;2026-10-01 08:00:00;61729.36;48766.19;Dispensa;Não/não informado;CONTRATAÇÃO DE EMPRESA ESPECIALIZADA PARA PRESTAÇÃO DE SERVIÇOS TÉCNICOS DESTINADOS À ELABORAÇÃO DO PROJETO BÁSICO DE CONCESSÃO DO SISTEMA DE TRANSPORTE PÚBLICO COLETIVO POR ÔNIBUS DO MUNICÍPIO DE MORRO DO CHAPÉU – BA, COMPREENDENDO OS ESTUDOS TÉCNICO-OPERACIONAIS, DE DEMANDA E RECEITAS, ECONÔMICO-FINANCEIROS E JURÍDICO-INSTITUCIONAIS NECESSÁRIOS À FUTURA LICITAÇÃO E DELEGAÇÃO DOS SERVIÇOS.;"Marca/modelo ou modalidade não definidos na triagem. Conferir itens e TR; possibilidade de revenda não confirmada.";API oficial PNCP de propostas abertas (varredura por UF) + itens oficiais + detalhe da contratação;https://pncp.gov.br/app/editais/13717517000148/2026/107;https://bnccompras.com/Process/ProcessView?param1=[gkz]9oXQ_/UHf9XOmdb/AkNASVydGJPZjRq1HYXiu3W9T4AcJCewAw9YcFvFpOYzV/AwWcfcxJX5JyRHmgLooNuyLv7SRpDi0c2hWtG3kK_JLRE=;https://pncp.gov.br/pncp-api/v1/orgaos/13717517000148/compras/2026/107/arquivos/1;;13717517000148-1-000107/2026;;2026-09-30 16:07:19;Não informado
Prazo aberto no cadastro PNCP;Software sem marca / validar fornecimento;;MUNICIPIO DE CAMPOS DO JORDAO;Prefeitura Municipal da Est. Turística de Campos do Jordão;Municipal;Campos do Jordão;SP;Edital de Chamamento Público nº 006 - CONACIN/2026;2026-10-08 23:59:00;2026-09-16 08:00:00;;;Manifestação de Interesse;Não/não informado;O CONACIN – CONSÓRCIO PÚBLICO INTERMUNICIPAL DE CIDADES INTELIGENTES, pessoa jurídica de direito público, devidamente inscrito no CNPJ sob o número 63.161.279/0001-05, na qualidade de órgão gerenciador, torna pública, para conhecimento dos interessados, a abertura de Intenção de Registro de Preços n.º 006/2026, visando a abertura de futuro procedimento licitatório, pelo Sistema de Registro de Preços, destinado à CONTRATAÇÃO DE EMPRESA ESPECIALIZADA NO FORNECIMENTO, NA MODALIDADE SOFTWARE COMO SERVIÇO (SAAS), DE SOLUÇÃO DE CORREIO ELETRÔNICO INSTITUCIONAL, COMPREENDENDO LICENCIAMENTO DE USO, HOSPEDAGEM, MIGRAÇÃO, CONFIGURAÇÃO, IMPLANTAÇÃO, TREINAMENTO, SUPORTE TÉCNICO, MANUTENÇÃO, BACKUP, SEGURANÇA, ANTISPAM, QUARENTENA, MONITORAMENTO E DEMAIS SERVIÇOS CORRELATOS.;"Marca/modelo ou modalidade não definidos na triagem. Conferir itens e TR; possibilidade de revenda não confirmada.";Cadastro de busca oficial PNCP + itens oficiais + detalhe da contratação;https://pncp.gov.br/app/editais/45699626000176/2026/466;http://www.licitacaocamposdojordao.com.br;https://pncp.gov.br/pncp-api/v1/orgaos/45699626000176/compras/2026/466/arquivos/1;;45699626000176-1-000466/2026;;2026-09-15 16:31:27.328331;Não informado
Prazo aberto no cadastro PNCP;Software sem marca / validar fornecimento;;MUNICIPIO DE PASTOS BONS;Prefeitura Municipal de Pastos Bons;Municipal;Pastos Bons;MA;Edital nº 004/2026;2026-10-09 08:00:00;2026-09-24 10:00:00;10583490.49;8360957.48;Pregão - Eletrônico;Sim;Registro de Preços para contratação de empresa especializada na implantação de solução educacional integrada para implantação do Projeto Educacional de Letramento Digital e Científico, contemplando materiais didático-pedagógicos físicos e digitais, infraestrutura para ambientes de experimentação, equipamentos pedagógicos e tecnológicos, kits para aulas práticas e automação educacional, formação continuada de professores, acesso à plataforma educacional e utilização de software livre de programação visual, alinhada à BNCC, BNCC Computação, Política Nacional de Educação Digital (Lei nº 14.533/2023), Resolução CNE/CEB nº 2/2025 e Plano Nacional de Educação, na rede municipal de ensino de Pastos Bons (MA).;"Marca/modelo ou modalidade não definidos na triagem. Conferir itens e TR; possibilidade de revenda não confirmada.";API oficial PNCP de propostas abertas (varredura por UF) + itens oficiais + detalhe da contratação;https://pncp.gov.br/app/editais/05277173000175/2026/30;http://www.compraspastosbonsma.com.br;https://pncp.gov.br/pncp-api/v1/orgaos/05277173000175/compras/2026/30/arquivos/1;;05277173000175-1-000030/2026;;2026-09-24 09:41:20;Não informado
Prazo aberto no cadastro PNCP;Software sem marca / validar fornecimento;;COMANDO DO EXERCITO;9º GRUPAMENTO LOGISTICO;Federal;Campo Grande;MS;Aviso de Contratação Direta nº 287/2026;2026-10-09 08:00:00;2026-10-06 08:00:00;6500.0;5135.0;Dispensa;Não/não informado;Aquisição de Licença anual de Plataforma Eletrônica de Preço Público Sugerido para manutenção de viaturas do Comando Militar do Oeste;"Marca/modelo ou modalidade não definidos na triagem. Conferir itens e TR; possibilidade de revenda não confirmada.";Cadastro de busca oficial PNCP + itens oficiais + detalhe da contratação;https://pncp.gov.br/app/editais/00394452000103/2026/21540;https://cnetmobile.estaleiro.serpro.gov.br/comprasnet-web/public/compras/acompanhamento-compra?compra=16013606002872026;https://pncp.gov.br/pncp-api/v1/orgaos/00394452000103/compras/2026/21540/arquivos/1;https://pncp.gov.br/pncp-api/v1/orgaos/00394452000103/compras/2026/21540/arquivos/2;00394452000103-1-021540/2026;;2026-10-05 11:56:48.272564;Não informado
Prazo aberto no cadastro PNCP;Software sem marca / validar fornecimento;;MUNICIPIO DE FRANCISCO ALVES;Unidade administrativa;Municipal;Francisco Alves;PR;Aviso de Contratação Direta nº 11/2026;2026-10-09 08:00:00;2026-10-05 08:00:00;30155.6;23822.92;Dispensa;Não/não informado;Aquisição de 01 (um) Scanner Automotivo Profissional Multimarcas, incluindo licença de software, atualizações, cabos/adaptadores para a linha leve e pesada/linha amarela, maleta de transporte e suporte técnico, conforme especificações e condições constantes neste documento, conforme a necessidade da Secretaria Municipal de Infraestrutura de Francisco Alves, Estado do Paraná, através do memorial descritivo constante no anexo I do referido Edital.;"Marca/modelo ou modalidade não definidos na triagem. Conferir itens e TR; possibilidade de revenda não confirmada.";Cadastro de busca oficial PNCP + itens oficiais + detalhe da contratação;https://pncp.gov.br/app/editais/77356665000167/2026/92;;https://pncp.gov.br/pncp-api/v1/orgaos/77356665000167/compras/2026/92/arquivos/1;;77356665000167-1-000092/2026;;2026-10-05 09:06:41.334126;Não informado
Prazo aberto no cadastro PNCP;Software sem marca / validar fornecimento;;MUNICIPIO DE SAO GABRIEL;Prefeitura Municipal de São Gabriel;Municipal;São Gabriel;RS;Edital nº 65 | Processo 876/2026;2026-10-09 08:00:00;2026-09-22 15:00:00;46599.96;36813.96;Pregão - Eletrônico;Não/não informado;LOCACAO DE SOFTWARE DE TRATAMENTO DE PONTO TOTALMENTE NA NUVEM C OM APLICATIVO COMPATIVEL COM RELOGIOS PONTOS;"Marca/modelo ou modalidade não definidos na triagem. Conferir itens e TR; possibilidade de revenda não confirmada.";API oficial PNCP de propostas abertas (varredura por UF) + itens oficiais + detalhe da contratação;https://pncp.gov.br/app/editais/88768080000170/2026/525; ;https://pncp.gov.br/pncp-api/v1/orgaos/88768080000170/compras/2026/525/arquivos/1;;88768080000170-1-000525/2026;;2026-09-22 13:54:50;Não informado
Prazo aberto no cadastro PNCP;Software sem marca / validar fornecimento;;MUNICIPIO DE CARAPICUIBA;MUNICIPIO DE CARAPICUIBA;Municipal;Carapicuíba;SP;Aviso de Contratação Direta nº 71/2026;2026-10-09 08:00:00;2026-10-05 10:00:00;;;Dispensa;Não/não informado; - Contratação de empresa especializada no fornecimento de solução de software.;"Marca/modelo ou modalidade não definidos na triagem. Conferir itens e TR; possibilidade de revenda não confirmada.";API oficial PNCP de propostas abertas (varredura por UF) + itens oficiais + detalhe da contratação;https://pncp.gov.br/app/editais/44892693000140/2026/239;;https://pncp.gov.br/pncp-api/v1/orgaos/44892693000140/compras/2026/239/arquivos/1;;44892693000140-1-000239/2026;;2026-10-05 09:38:12;Não informado
Prazo aberto no cadastro PNCP;Software sem marca / validar fornecimento;;MUNICIPIO DE NAQUE;PREFEITURA MUNICIPAL DE NAQUE (MG);Municipal;Naque;MG;Aviso de Contratação Direta nº 14/2026;2026-10-09 08:50:00;2026-10-06 00:01:00;40320.0;31852.8;Dispensa;Não/não informado;Locação de sistema para gestão de documentos e processos digitais;"Marca/modelo ou modalidade não definidos na triagem. Conferir itens e TR; possibilidade de revenda não confirmada.";Cadastro de busca oficial PNCP + itens oficiais + detalhe da contratação;https://pncp.gov.br/app/editais/01613208000149/2026/60;https://naque-pm-scpi.sigmix.net/transparencia/?AcessoIndividual=lnkLicitacoes;https://pncp.gov.br/pncp-api/v1/orgaos/01613208000149/compras/2026/60/arquivos/1;;01613208000149-1-000060/2026;;2026-10-05 13:56:12.704327;Não informado
Prazo aberto no cadastro PNCP;Software sem marca / validar fornecimento;;CONSORCIO INTERMUNICIPAL DE SAUDE DA REDE DE URGENCIA DO CENTRO SUL CISRU;CONSÓRCIO INT.DE SAÚDE DA R.DE U.CENTRO SUL;Não se aplica;Barbacena;MG;Aviso de Contratação Direta nº 72/2026;2026-10-09 08:59:00;2026-10-06 15:00:00;12336.0;9745.44;Dispensa;Não/não informado;Contratação de empresa especializada para prestação de serviços de licenciamento de software para utilização do chatbot, contemplando a implantação, configuração, suporte e manutenção de plataforma compatível com a API oficial do WhatsApp, em atendimento às necessidades do Consórcio Intermunicipal de Saúde da Rede de Urgência Centro Sul - CISRU Centro Sul.;"Marca/modelo ou modalidade não definidos na triagem. Conferir itens e TR; possibilidade de revenda não confirmada.";Cadastro de busca oficial PNCP + itens oficiais + detalhe da contratação;https://pncp.gov.br/app/editais/11938399000172/2026/42;https://cnetmobile.estaleiro.serpro.gov.br/comprasnet-web/public/compras/acompanhamento-compra?compra=92804006000722026;https://pncp.gov.br/pncp-api/v1/orgaos/11938399000172/compras/2026/42/arquivos/1;;11938399000172-1-000042/2026;;2026-10-06 15:01:03.845302;Não informado
Prazo aberto no cadastro PNCP;Software sem marca / validar fornecimento;;UNIVERSIDADE FEDERAL DO OESTE DA BAHIA;UNIVERSIDADE FEDERAL DO OESTE DA BAHIA;Federal;Barreiras;BA;Edital nº 190/2026;2026-10-09 09:00:00;2026-09-25 08:00:00;382548.0;302212.92;Pregão - Eletrônico;Não/não informado;Contratação de empresa especializada na prestação de serviços de administração e gerenciamento de frota para fornecimento de combustíveis e lubrificantes, junto à rede de postos credenciados por meio de sistema informatizado para atender os veículos oficiais, motores de popa e equipamentos de motores estacionários a disposição da Universidade Federal do Oeste da Bahia;"Marca/modelo ou modalidade não definidos na triagem. Conferir itens e TR; possibilidade de revenda não confirmada.";API oficial PNCP de propostas abertas (varredura por UF) + itens oficiais + detalhe da contratação;https://pncp.gov.br/app/editais/18641263000145/2026/42;https://cnetmobile.estaleiro.serpro.gov.br/comprasnet-web/public/compras/acompanhamento-compra?compra=15871705001902026;https://pncp.gov.br/pncp-api/v1/orgaos/18641263000145/compras/2026/42/arquivos/1;;18641263000145-1-000042/2026;;2026-09-25 04:00:18;Não informado
Prazo aberto no cadastro PNCP;Software sem marca / validar fornecimento;;MUNICIPIO DE ITACAMBIRA;Prefeitura Municipal de Itacambira;Municipal;Itacambira;MG;Edital nº 0087/2026;2026-10-09 09:00:00;2026-09-25 09:00:00;43381.24;34271.17;Pregão - Eletrônico;Não/não informado;[Portal de Compras Públicas] - Contratação de empresa especializada para prestação de serviços de Diário Digital Escolar, mediante disponibilização de sistema informatizado, em plataforma web e/ou aplicativo, destinado ao gerenciamento, registro, acompanhamento e armazenamento das informações acadêmicas dos alunos e das atividades escolares da Rede Municipal de Ensino de Itacambira/MG.;"Marca/modelo ou modalidade não definidos na triagem. Conferir itens e TR; possibilidade de revenda não confirmada.";API oficial PNCP de propostas abertas (varredura por UF) + itens oficiais + detalhe da contratação;https://pncp.gov.br/app/editais/18017400000175/2026/48;https://www.portaldecompraspublicas.com.br/processos/MG/Prefeitura-Municipal-de-Itacambira-1702/PE-0087-2026-2026-510171;https://pncp.gov.br/pncp-api/v1/orgaos/18017400000175/compras/2026/48/arquivos/1;;18017400000175-1-000048/2026;;2026-09-24 19:21:55;Não informado
Prazo aberto no cadastro PNCP;Software sem marca / validar fornecimento;;FUNDO MUNICIPAL DE SAUDE;FUNDO MUNICIPAL DE SAÚDE - FMS;Municipal;Recife;PE;Edital nº GC-SEPLAG-010-PL 0025/2026;2026-10-09 09:00:00;2026-09-28 17:00:00;2351484.3;1857672.59;Pregão - Eletrônico;Sim;REGISTRO DE PREÇOS, PELO PRAZO DE 12(DOZE) MESES, PARA FUTURA E EVENTUAL AQUISIÇÃO DE EQUIP DE MONITORIZAÇÃOCARDIOLÓGICA AMBULATORIAL (SISTEMA DE HOLTER, SOFTWARE PARA HOLTER, SISTEMADE MONITORIZAÇÃO AMBULATORIAL DA PRESSÃO ARTERIAL (M.A.P.A.) E SOFTWARE PARA M.A.P.A.) 01 (UM) LOTE, DESTINADOS AO ATENDIMENTO DAS NECESSIDADES DA SECRETARIA DE SAÚDE DO RECIFE.;"Marca/modelo ou modalidade não definidos na triagem. Conferir itens e TR; possibilidade de revenda não confirmada.";Cadastro de busca oficial PNCP + itens oficiais + detalhe da contratação;https://pncp.gov.br/app/editais/41090291000133/2026/208;http://portaldecompras.recife.pe.gov.br/;https://pncp.gov.br/pncp-api/v1/orgaos/41090291000133/compras/2026/208/arquivos/1;;41090291000133-1-000208/2026;;2026-09-28 17:00:41.032996;Não informado
Prazo aberto no cadastro PNCP;Software sem marca / validar fornecimento;;PREFEITURA MUNICIPAL DE PARANAPANEMA;PREFEITURA MUNICIPAL;Municipal;Paranapanema;SP;Edital nº 26 | Processo 563/2026;2026-10-09 09:00:00;2026-09-25 09:00:00;1097294.19;866862.41;Pregão - Presencial;Não/não informado;CONTRATACAO DE EMPRESA ESPECIALIZADA PARA PRESTACAO DE SERVICOS INTEGRADOS DE ANALISES CLINICAS E APOIO DIAGNOSTICO  COMPREENDENDO O GERENCIAMENTO E OPERACIONALIZACAO DOS PROCESSOS DE COLETA  RECEBIMENTO  TRANSPORTE  PROCESSAMENTO E REALIZACAO DE EXAMES LABORATORIAIS  EMISSAO E DISPONIBILIZACAO DE LAUDOS  BEM COMO FORNECIMENTO DE SOLUCAO INFORMATIZADA PARA GESTAO LABORATORIAL  RASTREABILIDADE DE AMOSTRAS E INTEGRACAO DE DADOS  DESTINADOS AO ATENDIMENTO DOS USUARIOS DO SISTEMA UNICO DE SAUDE ULADOS A REDE MUNICIPAL DE SAUDE DO MUNICIPIO DE PARANAPANEMA SP  CONFORME CONDICOES  QUANTITATIVOS E ESPECIFICACOES CONSTANTES NO TERMO DE REFERENCIA.;"Marca/modelo ou modalidade não definidos na triagem. Conferir itens e TR; possibilidade de revenda não confirmada.";API oficial PNCP de propostas abertas (varredura por UF) + itens oficiais + detalhe da contratação;https://pncp.gov.br/app/editais/46634309000134/2026/292; ;https://pncp.gov.br/pncp-api/v1/orgaos/46634309000134/compras/2026/292/arquivos/1;;46634309000134-1-000292/2026;;2026-09-24 16:40:05;Não informado
Prazo aberto no cadastro PNCP;Software sem marca / validar fornecimento;;MUNICIPIO DE SAO MIGUEL DO TOCANTINS;MUNICÍPIO DE SÃO MIGUEL DO TOCANTINS/TO;Municipal;São Miguel do Tocantins;TO;Edital nº 003/2026;2026-10-09 09:00:00;2026-06-24 00:00:00;5815042.0;4593883.18;Pregão - Eletrônico;Sim;Registro de preço para futura e eventual Contratação Serviço de Gerenciamento de Abastecimento, Implantação e Operação de Sistema Informatizado/ Integrado com Utilização de Cartão Via Web, que Permita o Fornecimento de Combustíveis, (Gasolina Comum, Diesel Comum S500 e Diesel S10). Álcool Hidratado para o Município de São Miguel do Tocantins e Fundos Municipais.;"Marca/modelo ou modalidade não definidos na triagem. Conferir itens e TR; possibilidade de revenda não confirmada.";API oficial PNCP de propostas abertas (varredura por UF) + itens oficiais + detalhe da contratação;https://pncp.gov.br/app/editais/25064007000106/2026/8;https://app2-compras.licitasaomiguelto.com.br/pesquisa/8983;https://pncp.gov.br/pncp-api/v1/orgaos/25064007000106/compras/2026/8/arquivos/1;;25064007000106-1-000008/2026;;2026-09-24 19:07:59;Não informado
Prazo aberto no cadastro PNCP;Software sem marca / validar fornecimento;;MUNICIPIO DE MACAIBA;Prefeitura Municipal de Macaíba;Municipal;Macaíba;RN;Edital nº 11/2026;2026-10-09 09:30:00;2026-09-25 15:30:00;3023622.5;2388661.77;Pregão - Eletrônico;Não/não informado;[Portal de Compras Públicas] - REGISTRO DE PREÇOS PARA EVENTUAL CONTRATAÇÃO DE SERVIÇOS DE CONSULTORIA, A SER REALIZADA EM LOTE ÚNICO, PARA ELABORAÇÃO DE INSTRUMENTOS ARQUIVÍSTICOS E GESTÃO ARQUIVÍSTICA DE DOCUMENTOS, ALÉM DO FORNECIMENTO DE SOFTWARE PARA ATENDER AS NECESSIDADES DA PREFEITURA MUNICIPAL DE MACAÍBA/RN E DE SUAS SECRETARIAS.;"Marca/modelo ou modalidade não definidos na triagem. Conferir itens e TR; possibilidade de revenda não confirmada.";Cadastro de busca oficial PNCP + itens oficiais + detalhe da contratação;https://pncp.gov.br/app/editais/08234148000100/2026/80;https://www.portaldecompraspublicas.com.br/processos/RN/Prefeitura-Municipal-de-Macaiba-1224/PE-11-2026-2026-486899;https://pncp.gov.br/pncp-api/v1/orgaos/08234148000100/compras/2026/80/arquivos/1;;08234148000100-1-000080/2026;;2026-07-06 13:59:41.315437;Não informado
Prazo aberto no cadastro PNCP;Software sem marca / validar fornecimento;;SECRETARIA DE ESTADO DE GOVERNO;SECRETAIA DE RELAÇOES INSTITUCIONAIS/GO;Estadual;Goiânia;GO;Edital nº 7/2026;2026-10-09 10:00:00;2026-09-25 08:00:00;119075241.52;94069440.8;Pregão - Eletrônico;Sim;SINALIZAÇÃO VIÁRIA - Registro de Preços visando à futura e eventual contratação de empresa(s) especializada(s) em sinalização viária horizontal, sinalização vertical, dispositivos auxiliares e de segurança, e sistema informatizado de gestão da sinalização, para atendimento da Secretaria Municipal de Engenharia de Trânsito – SET.;"Marca/modelo ou modalidade não definidos na triagem. Conferir itens e TR; possibilidade de revenda não confirmada.";API oficial PNCP de propostas abertas (varredura por UF) + itens oficiais + detalhe da contratação;https://pncp.gov.br/app/editais/05469845000144/2026/13;https://cnetmobile.estaleiro.serpro.gov.br/comprasnet-web/public/compras/acompanhamento-compra?compra=92867705000072026;https://pncp.gov.br/pncp-api/v1/orgaos/05469845000144/compras/2026/13/arquivos/7;https://pncp.gov.br/pncp-api/v1/orgaos/05469845000144/compras/2026/13/arquivos/9;05469845000144-1-000013/2026;;2026-08-18 17:05:02;Não informado
Prazo aberto no cadastro PNCP;Software sem marca / validar fornecimento;;MUNICIPIO DE AGUAS LINDAS DE GOIAS;SECRETARIA MUNICIPAL DE DESENVOLVIMENTO ECONÔMICO;Municipal;Águas Lindas de Goiás;GO;Edital nº 10968/2026;2026-10-09 10:00:00;2026-09-29 10:00:00;5231918.0;4133215.22;Pregão - Eletrônico;Sim;AQUISIÇÃO DE TELAS INTERATIVAS DE, NO MÍNIMO, 75 POLEGADAS, COM TECNOLOGIA 4K, SISTEMA ANDROID EMBARCADO, RECURSOS EDUCACIONAIS E DE COLABORAÇÃO, INCLUINDO SOFTWARES E PLATAFORMAS DE APRENDIZAGEM, GERENCIAMENTO REMOTO, ACESSÓRIOS, INSTALAÇÃO, CONFIGURAÇÃO, TREINAMENTO E SUPORTE TÉCNICO, ALÉM DE SUPORTES MÓVEIS COM RODÍZIOS PARA LOUSA DIGITAL.;"Marca/modelo ou modalidade não definidos na triagem. Conferir itens e TR; possibilidade de revenda não confirmada.";Cadastro de busca oficial PNCP + itens oficiais + detalhe da contratação;https://pncp.gov.br/app/editais/01616520000196/2026/126;;https://pncp.gov.br/pncp-api/v1/orgaos/01616520000196/compras/2026/126/arquivos/1;;01616520000196-1-000126/2026;;2026-10-02 16:10:27.347051;Não informado
Prazo aberto no cadastro PNCP;Software sem marca / validar fornecimento;;ESTADO DO MARANHAO - TRIBUNAL DE JUSTICA DO MARANHAO;TRIBUNAL DE JUSTIÇA DO ESTADO DO MARANHÃO/MA;Estadual;São Luís;MA;Edital nº 0027/2026;2026-10-09 10:00:00;2026-09-23 08:00:00;1570000.2;1240300.15;Pregão - Eletrônico;Não/não informado;Contratação de empresa especializada na locação de 2 (dois) sistemas completos de serviço móvel VHF/UHF ? modulação digital 4fsk observadas as condições estabelecidas no Estudo Técnico Preliminar  e Termo de Referência. ;"Marca/modelo ou modalidade não definidos na triagem. Conferir itens e TR; possibilidade de revenda não confirmada.";Cadastro de busca oficial PNCP + itens oficiais + detalhe da contratação;https://pncp.gov.br/app/editais/05288790000176/2026/280;https://www.tjma.jus.br/financas/index.php?acao_portal=licitacoes&&palavra=0027%2F2026;https://pncp.gov.br/pncp-api/v1/orgaos/05288790000176/compras/2026/280/arquivos/2;https://pncp.gov.br/pncp-api/v1/orgaos/05288790000176/compras/2026/280/arquivos/1;05288790000176-1-000280/2026;;2026-09-23 15:43:42.264780;Não informado
Prazo aberto no cadastro PNCP;Software sem marca / validar fornecimento;;ASSEMBLEIA LEGISLATIVA DO ESTADO DE RONDONIA;ASSEMBLEIA LEGISLATIVA DO ESTADO DE RONDÔNIA;Estadual;Porto Velho;RO;Edital nº 91/2026;2026-10-09 10:00:00;2026-09-23 08:00:00;764898.1;604269.49;Pregão - Eletrônico;Não/não informado;CONTRATAÇÃO DE TECNOLÓGICA INTEGRADA, DISPONIBILIZADA EM MODELO SAAS (SOFTWARE AS A SERVICE), DESTINADA À GESTÃO COMPLETA DO CICLO DE VIDA DE DIÁRIAS E PASSAGENS AÉREAS, CONTEMPLANDO DESDE A SOLICITAÇÃO ATÉ A PRESTAÇÃO DE CONTAS E O RESPECTIVO CONTROLE ADMINISTRATIVO E FINANCEIRO;"Marca/modelo ou modalidade não definidos na triagem. Conferir itens e TR; possibilidade de revenda não confirmada.";Cadastro de busca oficial PNCP + itens oficiais + detalhe da contratação;https://pncp.gov.br/app/editais/04794681000168/2026/101;https://cnetmobile.estaleiro.serpro.gov.br/comprasnet-web/public/compras/acompanhamento-compra?compra=92691905000912026;https://pncp.gov.br/pncp-api/v1/orgaos/04794681000168/compras/2026/101/arquivos/2;https://pncp.gov.br/pncp-api/v1/orgaos/04794681000168/compras/2026/101/arquivos/1;04794681000168-1-000101/2026;;2026-09-22 13:11:25.326986;Não informado
Prazo aberto no cadastro PNCP;Software sem marca / validar fornecimento;;MINISTERIO PUBLICO DO ESTADO DE SAO PAULO;ESP-MINISTERIO PUBLICO DO ESTADO DE SAO PAULO;Estadual;São Paulo;SP;Edital nº 264/2026;2026-10-09 10:00:00;2026-09-24 08:00:00;4515388.5;3567156.91;Pregão - Eletrônico;Não/não informado;prestação de serviços de gerenciamento do abastecimento de combustíveis em veículos prestados por postos credenciados, por meio da implantação e operação de um sistema informatizado e integrado, com utilização de cartão de pagamento magnético ou microprocessado e disponibilização de rede credenciada de postos de combustíveis, compreendendo a distribuição de etanol, gasolina comum e diesel (tipos S10 e S-500);"Marca/modelo ou modalidade não definidos na triagem. Conferir itens e TR; possibilidade de revenda não confirmada.";API oficial PNCP de propostas abertas (varredura por UF) + itens oficiais + detalhe da contratação;https://pncp.gov.br/app/editais/01468760000190/2026/92;https://cnetmobile.estaleiro.serpro.gov.br/comprasnet-web/public/compras/acompanhamento-compra?compra=95652005002642026;https://pncp.gov.br/pncp-api/v1/orgaos/01468760000190/compras/2026/92/arquivos/1;https://pncp.gov.br/pncp-api/v1/orgaos/01468760000190/compras/2026/92/arquivos/3;01468760000190-1-000092/2026;;2026-09-23 10:09:00;Não informado
Prazo aberto no cadastro PNCP;Software sem marca / validar fornecimento;;TRIBUNAL SUPERIOR ELEITORAL;TSE _ TRIBUNAL SUPERIOR ELEITORAL/SEC.ADM/DF;Federal;Brasília;DF;Edital nº 90039/2026;2026-10-09 14:00:00;2026-09-24 08:00:00;858188.0;677968.52;Pregão - Eletrônico;Não/não informado;Prestação de serviços de retrofit do Sistema de Detecção e Alarme de Incêndio (SDAI), instalado no Tribunal Superior Eleitoral (TSE), compreendendo a substituição da central e dos subpainéis repetidores existentes, bem como a implantação de software de supervisão com interface gráfica, da fabricante Global Fire Equipament (GFE), conforme especificações e condições estabelecidas no Termo de Referência.;"Marca/modelo ou modalidade não definidos na triagem. Conferir itens e TR; possibilidade de revenda não confirmada.";Cadastro de busca oficial PNCP + itens oficiais + detalhe da contratação;https://pncp.gov.br/app/editais/00509018000113/2026/2239;https://cnetmobile.estaleiro.serpro.gov.br/comprasnet-web/public/landing?destino=acompanhamento-compra&compra=07000105900392026;https://pncp.gov.br/pncp-api/v1/orgaos/00509018000113/compras/2026/2239/arquivos/1;;00509018000113-1-002239/2026;;2026-09-24 07:00:05.183374;Não informado
Recebimento futuro anunciado;Software sem marca / validar fornecimento;;PAINEIRAS CAMARA MUNICIPAL;Unidade Única;Municipal;Paineiras;MG;Aviso de Contratação Direta nº 14/2026;2026-10-13 07:59:00;2026-10-07 08:00:00;52000.0;41080.0;Dispensa;Não/não informado;Contratação de empresa especializada para fornecimento de sistema informatizado na modalidade SaaS (Software as a Service), composto por duas plataformas eletrônicas integradas — Plataforma de Gestão de Emendas Parlamentares Impositivas e Plataforma de Gestão de Parcerias com Organizações da Sociedade Civil (MROSC) —, incluindo cessão de direito de uso, implantação, parametrização, treinamento, suporte técnico, manutenção e atualização, destinado ao atendimento das demandas institucionais da Câmara Municipal de Paineiras/MG.;"Marca/modelo ou modalidade não definidos na triagem. Conferir itens e TR; possibilidade de revenda não confirmada.";Cadastro de busca oficial PNCP + itens oficiais + detalhe da contratação;https://pncp.gov.br/app/editais/23776503000159/2026/14;https://app2.licitardigital.com.br/pesquisa/115616;https://pncp.gov.br/pncp-api/v1/orgaos/23776503000159/compras/2026/14/arquivos/1;;23776503000159-1-000014/2026;;2026-10-06 09:08:46.768534;Não informado
Prazo aberto no cadastro PNCP;Software sem marca / validar fornecimento;;MUNICIPIO DE JUAZEIRO;PREFEITURA MUNICIPAL DE JUAZEIRO - BA;Municipal;Juazeiro;BA;Edital nº 043/2026;2026-10-13 08:00:00;2026-09-28 08:00:00;171600.0;135564.0;Pregão - Eletrônico;Sim;Registro de preços para contratação de empresa especializada para a prestação de serviço contínuo de locação de sistema de rádios comunicadores com manutenção preventiva e corretiva, locação de repetidora digital e analógica com kit de instalação e locação de torre de telecomunicação de 30m para sustentação de antena, destinados ao atendimento das necessidades da Secretaria Municipal de Segurança Cidadã do Município de Juazeiro/BA.;"Marca/modelo ou modalidade não definidos na triagem. Conferir itens e TR; possibilidade de revenda não confirmada.";Cadastro de busca oficial PNCP + itens oficiais + detalhe da contratação;https://pncp.gov.br/app/editais/13915632000127/2026/158;https://bllcompras.com/Process/ProcessView?param1=[gkz]BdWBrC_pL_s8l1UjvSNqb8GORkQpdls4d0GXj8CCXiERelWwLCctmxLkpMXn2ylq4qA2g4hKzZHQVYptJ56TYb2huGovxrVtyJKA6QjvApc=;https://pncp.gov.br/pncp-api/v1/orgaos/13915632000127/compras/2026/158/arquivos/1;;13915632000127-1-000158/2026;;2026-09-25 15:48:14.511543;Não informado
Prazo aberto no cadastro PNCP;Software sem marca / validar fornecimento;;CAMARA DOS DEPUTADOS;CAMARA DOS DEPUTADOS;Federal;Brasília;DF;Aviso de Contratação Direta nº 225/2026;2026-10-13 08:00:00;2026-10-06 12:00:00;40136.52;31707.85;Dispensa;Não/não informado;Aquisição de licenças de software para produção musical e edição de vídeo;"Marca/modelo ou modalidade não definidos na triagem. Conferir itens e TR; possibilidade de revenda não confirmada.";Cadastro de busca oficial PNCP + itens oficiais + detalhe da contratação;https://pncp.gov.br/app/editais/00530352000159/2026/269;https://cnetmobile.estaleiro.serpro.gov.br/comprasnet-web/public/compras/acompanhamento-compra?compra=01000106002252026;https://pncp.gov.br/pncp-api/v1/orgaos/00530352000159/compras/2026/269/arquivos/3;https://pncp.gov.br/pncp-api/v1/orgaos/00530352000159/compras/2026/269/arquivos/2;00530352000159-1-000269/2026;;2026-10-06 10:46:42.116137;Não informado
Prazo aberto no cadastro PNCP;Software sem marca / validar fornecimento;;COMANDO DA MARINHA;DEPOSITO DE MATERIAL COMUM_DA MARINHA NO RJ;Federal;Rio de Janeiro;RJ;Aviso de Contratação Direta nº 40/2026;2026-10-13 08:00:00;2026-10-06 18:00:00;64930.0;51294.7;Dispensa;Não/não informado;Contratação de empresa para prestação de serviços técnicos especializados para o Software Laboratory Information Management System (LIMS), na modalidade aquisição de licenças de softwares, em atendimento às necessidades de operação e gestão laboratorial do Laboratório de alimentos da Divisão Técnica do Depósito de Suprimentos da Marinha do Brasil no Rio de Janeiro (DepSIMRJ).;"Marca/modelo ou modalidade não definidos na triagem. Conferir itens e TR; possibilidade de revenda não confirmada.";Cadastro de busca oficial PNCP + itens oficiais + detalhe da contratação;https://pncp.gov.br/app/editais/00394502000144/2026/13069;https://cnetmobile.estaleiro.serpro.gov.br/comprasnet-web/public/compras/acompanhamento-compra?compra=77123006000402026;https://pncp.gov.br/pncp-api/v1/orgaos/00394502000144/compras/2026/13069/arquivos/2;https://pncp.gov.br/pncp-api/v1/orgaos/00394502000144/compras/2026/13069/arquivos/3;00394502000144-1-013069/2026;;2026-10-06 15:01:16.207916;Não informado
Recebimento futuro anunciado;Software sem marca / validar fornecimento;;UNIVERSIDADE DE SAO PAULO;ESP-FACULDADE DE DIREITO DE RIB.PRETO - USP;Estadual;Ribeirão Preto;SP;Aviso de Contratação Direta nº 41/2026;2026-10-13 08:00:00;2026-10-07 08:00:00;;;Dispensa;Não/não informado;Contratação do software Advbox Plano Elite Anual para o Núcleo de Práticas Jurídicas da FDRP;"Marca/modelo ou modalidade não definidos na triagem. Conferir itens e TR; possibilidade de revenda não confirmada.";API oficial PNCP de propostas abertas (varredura por UF) + itens oficiais + detalhe da contratação;https://pncp.gov.br/app/editais/63025530000104/2026/3954;https://cnetmobile.estaleiro.serpro.gov.br/comprasnet-web/public/compras/acompanhamento-compra?compra=10217006000412026;https://pncp.gov.br/pncp-api/v1/orgaos/63025530000104/compras/2026/3954/arquivos/2;;63025530000104-1-003954/2026;;2026-10-06 17:17:54;Não informado
Prazo aberto no cadastro PNCP;Software sem marca / validar fornecimento;;UNIVERSIDADE DE SAO PAULO;ESP-MUSEU DE ARTE CONTEMPORANEA - USP;Estadual;São Paulo;SP;Aviso de Contratação Direta nº 69/2026;2026-10-13 08:00:00;2026-10-06 08:00:00;5411.91;4275.4;Dispensa;Não/não informado;Licenças de Softwares;"Marca/modelo ou modalidade não definidos na triagem. Conferir itens e TR; possibilidade de revenda não confirmada.";Cadastro de busca oficial PNCP + itens oficiais + detalhe da contratação;https://pncp.gov.br/app/editais/63025530000104/2026/3937;https://cnetmobile.estaleiro.serpro.gov.br/comprasnet-web/public/compras/acompanhamento-compra?compra=10212606000692026;https://pncp.gov.br/pncp-api/v1/orgaos/63025530000104/compras/2026/3937/arquivos/2;;63025530000104-1-003937/2026;;2026-10-05 16:45:33.888218;Não informado
Prazo aberto no cadastro PNCP;Software sem marca / validar fornecimento;;MUNICIPIO DE MAFRA;Prefeitura Municipal de Mafra;Municipal;Mafra;SC;Edital nº 048/2026;2026-10-13 08:00:01;2026-09-25 17:00:01;13296961.3;10504599.42;Pregão - Eletrônico;Não/não informado;Contratação de empresa especializada para a prestação de serviços continuados de gerenciamento do abastecimento da frota de veículos, máquinas e equipamentos do Município de Mafra/SC, mediante implantação, disponibilização e operação de sistema informatizado e integrado de gestão, com utilização de cartão magnético, microprocessado, eletrônico, RFID, NFC ou tecnologia equivalente, e disponibilização de rede credenciada de estabelecimentos para o fornecimento de combustíveis e demais produtos dentro do Município de Mafra/SC e região;"Marca/modelo ou modalidade não definidos na triagem. Conferir itens e TR; possibilidade de revenda não confirmada.";API oficial PNCP de propostas abertas (varredura por UF) + itens oficiais + detalhe da contratação;https://pncp.gov.br/app/editais/83102509000172/2026/76;;https://pncp.gov.br/pncp-api/v1/orgaos/83102509000172/compras/2026/76/arquivos/6;https://pncp.gov.br/pncp-api/v1/orgaos/83102509000172/compras/2026/76/arquivos/9;83102509000172-1-000076/2026;;2026-09-25 10:01:53;Não informado
Recebimento futuro anunciado;Software sem marca / validar fornecimento;;MUNICIPIO DE LAVANDEIRA;PREFEITURA MUNICIPAL DE LAVANDEIRA;Municipal;Lavandeira;TO;Edital nº (4246) | 52-0/2026;2026-10-13 08:30:00;2026-10-13 08:30:00;1356765.94;1071845.09;Pregão - Eletrônico;Sim;REGISTRO DE PREÇOS PARA FUTURA, EVENTUAL E PARCELADA CONTRATAÇÃO DE EMPRESA ESPECIALIZADA NA PRESTAÇÃO DE SERVIÇOS DE GESTÃO INTEGRADA DA MANUTENÇÃO DA FROTA MUNICIPAL, MEDIANTE SISTEMA INFORMATIZADO DE GERENCIAMENTO E REDE CREDENCIADA, COMPREENDENDO O FORNECIMENTO DE PEÇAS, COMPONENTES, ACESSÓRIOS E INSUMOS, BEM COMO A PRESTAÇÃO DE SERVIÇOS DE MANUTENÇÃO PREVENTIVA E CORRETIVA DE VEÍCULOS, MÁQUINAS, EQUIPAMENTOS E IMPLEMENTOS PERTENCENTES E/OU A SERVIÇO DO MUNICÍPIO DE LAVANDEIRA/TO, ABRANGENDO A FROTA DA PREFEITURA MUNICIPAL, FUNDO MUNICIPAL DE SAÚDE, FUNDO MUNICIPAL DE EDUCAÇÃO E FUNDO MUNICIPAL DE  SSISTÊNCIA SOCIAL.;"Marca/modelo ou modalidade não definidos na triagem. Conferir itens e TR; possibilidade de revenda não confirmada.";API oficial PNCP de propostas abertas (varredura por UF) + itens oficiais + detalhe da contratação;https://pncp.gov.br/app/editais/01618402000117/2026/9;;https://pncp.gov.br/pncp-api/v1/orgaos/01618402000117/compras/2026/9/arquivos/4;;01618402000117-1-000009/2026;;2026-09-29 08:23:16;Não informado
Prazo aberto no cadastro PNCP;Software sem marca / validar fornecimento;;SECRETARIA DE ESTADO DA SAUDE;"FUNDAÇÃO REM POPULAR ""CHOPIN TAVERES DE LIMA";Estadual;Guarulhos;SP;Aviso de Contratação Direta nº 255/2026;2026-10-13 08:59:00;2026-10-05 11:00:00;23037.98;18200.0;Dispensa;Não/não informado; Serviço de Cessão de Licença de Uso de Software;"Marca/modelo ou modalidade não definidos na triagem. Conferir itens e TR; possibilidade de revenda não confirmada.";Cadastro de busca oficial PNCP + itens oficiais + detalhe da contratação;https://pncp.gov.br/app/editais/46374500000194/2026/8276;https://cnetmobile.estaleiro.serpro.gov.br/comprasnet-web/public/compras/acompanhamento-compra?compra=09110106002552026;https://pncp.gov.br/pncp-api/v1/orgaos/46374500000194/compras/2026/8276/arquivos/3;https://pncp.gov.br/pncp-api/v1/orgaos/46374500000194/compras/2026/8276/arquivos/2;46374500000194-1-008276/2026;;2026-10-05 10:07:53.590912;Não informado
Prazo aberto no cadastro PNCP;Software sem marca / validar fornecimento;;MUNICIPIO DE IGARAPAVA;PREFEITURA MUNICIPAL DE IGARAPAVA - SP;Municipal;Igarapava;SP;Edital nº 052/2026;2026-10-13 08:59:00;2026-09-28 12:00:00;25666.67;20276.66;Pregão - Eletrônico;Não/não informado;CONTRATAÇÃO DE EMPRESA ESPECIALIZADA PARA PRESTAÇÃO DE SERVIÇOS DE LOCAÇÃO DE SOFTWARE PARA PESQUISA E COMPARAÇÃO DE PREÇOS PÚBLICOS;"Marca/modelo ou modalidade não definidos na triagem. Conferir itens e TR; possibilidade de revenda não confirmada.";Cadastro de busca oficial PNCP + itens oficiais + detalhe da contratação;https://pncp.gov.br/app/editais/45324290000167/2026/93;https://bllcompras.com/Process/ProcessView?param1=[gkz]Tc2b3J/TK9SB1Mi5feuOgTX2Ac89nkEcahxajCVaGMjiTFKbFpGmO3fLpTtsKLCvB4e7nDHz9A2wvldvJLVpyNB_julCT32/opmv1Tg476M=;https://pncp.gov.br/pncp-api/v1/orgaos/45324290000167/compras/2026/93/arquivos/1;;45324290000167-1-000093/2026;;2026-09-28 11:51:01.969950;Não informado
Prazo aberto no cadastro PNCP;Software sem marca / validar fornecimento;;MUNICIPIO DE TIBAGI;Prefeitura de Tibagi;Municipal;Tibagi;PR;Edital nº 55/2026;2026-10-13 09:00:00;2026-09-25 09:00:00;7800000.0;6162000.0;Pregão - Eletrônico;Não/não informado;"Contratação de empresa para prestação de serviços de implantação, intermediação e administração de um sistema informatizado e integrado via WEB on-line real time, com utilização de sistema de gerenciamento da manutenção preventiva/corretiva para os veículos e equipamentos da frota municipal.
";"Marca/modelo ou modalidade não definidos na triagem. Conferir itens e TR; possibilidade de revenda não confirmada.";API oficial PNCP de propostas abertas (varredura por UF) + itens oficiais + detalhe da contratação;https://pncp.gov.br/app/editais/76170257000153/2026/160;;https://pncp.gov.br/pncp-api/v1/orgaos/76170257000153/compras/2026/160/arquivos/1;;76170257000153-1-000160/2026;;2026-09-28 09:08:31;Não informado
Prazo aberto no cadastro PNCP;Software sem marca / validar fornecimento;;PMSP - SAO PAULO OBRAS;PMSP - SAO PAULO OBRAS;Municipal;São Paulo;SP;Edital nº 4/2026;2026-10-13 09:25:00;2026-09-28 08:00:00;;;Pregão - Eletrônico;Não/não informado;Contratação de empresa especializada para contratação de solução corporativa de backup em nuvem privada (saas), incluindo armazenamento, licenciamento, implantação, suporte, manutenção e garantia, conforme especificações constantes do Anexo I – Termo de Referência;"Marca/modelo ou modalidade não definidos na triagem. Conferir itens e TR; possibilidade de revenda não confirmada.";Cadastro de busca oficial PNCP + itens oficiais + detalhe da contratação;https://pncp.gov.br/app/editais/11958828000173/2026/4;https://cnetmobile.estaleiro.serpro.gov.br/comprasnet-web/public/compras/acompanhamento-compra?compra=92635105000042026;https://pncp.gov.br/pncp-api/v1/orgaos/11958828000173/compras/2026/4/arquivos/1;;11958828000173-1-000004/2026;;2026-09-23 17:44:35.838889;Não informado
Prazo aberto no cadastro PNCP;Software sem marca / validar fornecimento;;CONSELHO REGIONAL DE FARMACIA DO EST. DE RR;CONSELHO REGIONAL DE FARMACIA DO EST RORAIMA;Federal;Boa Vista;RR;Edital nº 9/2026;2026-10-13 09:30:00;2026-09-28 08:00:00;280000.0;221200.0;Pregão - Eletrônico;Não/não informado;Contratação de serviços de gerenciamento integrado da frota do CRF/RR, mediante disponibilização e operação de sistema informatizado, em ambiente web, com tecnologia de pagamento eletrônico, compreendendo o gerenciamento e controle do abastecimento de combustíveis, da manutenção preventiva e corretiva dos veículos, do fornecimento de peças, componentes e acessórios, bem como da prestação de serviços de lavagem e higienização, por meio de rede própria ou credenciada de estabelecimentos.;"Marca/modelo ou modalidade não definidos na triagem. Conferir itens e TR; possibilidade de revenda não confirmada.";API oficial PNCP de propostas abertas (varredura por UF) + itens oficiais + detalhe da contratação;https://pncp.gov.br/app/editais/32731109000195/2026/9;https://cnetmobile.estaleiro.serpro.gov.br/comprasnet-web/public/compras/acompanhamento-compra?compra=92662305000092026;https://pncp.gov.br/pncp-api/v1/orgaos/32731109000195/compras/2026/9/arquivos/1;;32731109000195-1-000009/2026;;2026-09-25 15:20:22;Não informado
Prazo aberto no cadastro PNCP;Software sem marca / validar fornecimento;;MUNICIPIO DE SANTANA DE PARNAIBA;Secretaria Municipal de Compras e Licitações;Municipal;Santana de Parnaíba;SP;Edital nº 172/2026;2026-10-13 09:30:00;2026-09-25 18:00:00;850000.0;671500.0;Pregão - Eletrônico;Não/não informado;[Portal de Compras Públicas] - Contratação de empresa especializada para fornecimento, em regime de LOCAÇÃO DE LICENÇAS DE USO, DE PLATAFORMA VIRTUAL DE APRENDIZAGEM DE MÚLTIPLOS IDIOMAS, disponibilizada em modelo de distribuição SaaS (Software como Serviço), composta por portal web e aplicativos móveis, com acesso gratuito para até 50.000 (cinquenta mil) usuários, em, no mínimo, 5 (cinco) idiomas  inglês, espanhol, francês, italiano e alemão  com recursos de personalização de aprendizagem suportados por inteligência artificial (IA), destinada a apoiar a continuidade e o aprimoramento da política pública Parnaíba Idiomas, pelo período de 12 (doze) meses, incluindo hospedagem, manutenção, suporte técnico e serviços correlatos, em atendimento a Secretaria Municipal da Casa Civil.;"Marca/modelo ou modalidade não definidos na triagem. Conferir itens e TR; possibilidade de revenda não confirmada.";Cadastro de busca oficial PNCP + itens oficiais + detalhe da contratação;https://pncp.gov.br/app/editais/46522983000127/2026/355;https://www.portaldecompraspublicas.com.br/processos/SP/Prefeitura-Municipal-de-Santana-de-Parnaiba-1139/PE-172-2026-2026-514224;https://pncp.gov.br/pncp-api/v1/orgaos/46522983000127/compras/2026/355/arquivos/1;;46522983000127-1-000355/2026;;2026-09-25 12:07:44.472093;Não informado
Prazo aberto no cadastro PNCP;Software sem marca / validar fornecimento;;MUNICIPIO DE CACAULANDIA;MUNICÍPIO DE CACAULÂNDIA/RO;Municipal;Cacaulândia;RO;Edital nº 42/2026;2026-10-13 10:00:00;2026-09-23 14:07:23;9.38;7.41;Pregão - Eletrônico;Sim;[LICITANET] - Registro de Preços para futura e eventual contratação de empresa especializada na prestação de serviços de administração, gerenciamento e controle da manutenção preventiva e corretiva da frota de veículos, máquinas e equipamentos da Prefeitura Municipal de Cacaulândia/RO, por meio de sistema informatizado de gerenciamento e rede credenciada de estabelecimentos especializados, compreendendo o fornecimento de peças, componentes, acessórios, pneus, baterias, lubrificantes, serviços de guincho, manutenção de sistemas de ar-condicionado automotivo e demais serviços correlatos;"Marca/modelo ou modalidade não definidos na triagem. Conferir itens e TR; possibilidade de revenda não confirmada.";API oficial PNCP de propostas abertas (varredura por UF) + itens oficiais + detalhe da contratação;https://pncp.gov.br/app/editais/63762058000192/2026/77;https://licitanet.com.br/sessao/202559;https://pncp.gov.br/pncp-api/v1/orgaos/63762058000192/compras/2026/77/arquivos/1;;63762058000192-1-000077/2026;;2026-10-02 10:16:37;Não informado
Recebimento futuro anunciado;Software sem marca / validar fornecimento;;DEPARTAMENTO ESTADUAL DE TRANSITO;DEPARTAMENTO ESTADUAL DE TRANSITO;Estadual;Salvador;BA;Aviso de Contratação Direta nº PCE0962020260046/2026;2026-10-13 10:30:00;2026-10-13 08:30:00;8868.96;7006.47;Dispensa;Não/não informado;LICENCA DE USO DE SOFTWARE PROJECT PLA 3 PER USER;"Marca/modelo ou modalidade não definidos na triagem. Conferir itens e TR; possibilidade de revenda não confirmada.";Cadastro de busca oficial PNCP + itens oficiais + detalhe da contratação;https://pncp.gov.br/app/editais/13195920000154/2026/78;;https://pncp.gov.br/pncp-api/v1/orgaos/13195920000154/compras/2026/78/arquivos/1;;13195920000154-1-000078/2026;;2026-10-06 15:34:49.889436;Não informado
Prazo aberto no cadastro PNCP;Software sem marca / validar fornecimento;;MUNICIPIO DE OURO PRETO;SECRETARIA MUNICIPAL DE SEGURANÇA E TRÂNSITO;Municipal;Ouro Preto;MG;Edital nº PL-229/2026;2026-10-14 07:00:00;2026-09-29 07:00:00;869999.28;687299.43;Pregão - Eletrônico;Não/não informado;CONTRATAÇAO DE EMPRESA ESPECIALIZADA PARA PRESTAÇAO DE SERVIÇOS DE DISPONIBILIZAÇAO DE SISTEMA INFORMATIZADO DE GESTÃO ADMINISTRATIVA DE TRANSITO, INCLUINDO PRE-PROCESSAMENTO E PROCESSAMNETO DAS IMFRAÇOES, DISPOPNIBILIZAÇAO DE TALONARIO ELETRONICO SISTEMA WEB DE ATENDIMENTO AO CIDADÃO, BEM COMO CESÃO DE LICENÇA DE USO POR TEMPO DETERMINADO, COMFORME CONDIÇOES ESPECIFICADAS  TECNICAS E QUANTITATIVOS ESTABELECIDOS NESTE TERMO DE REFERENCIA.;"Marca/modelo ou modalidade não definidos na triagem. Conferir itens e TR; possibilidade de revenda não confirmada.";Cadastro de busca oficial PNCP + itens oficiais + detalhe da contratação;https://pncp.gov.br/app/editais/18295295000136/2026/259;;https://pncp.gov.br/pncp-api/v1/orgaos/18295295000136/compras/2026/259/arquivos/1;https://pncp.gov.br/pncp-api/v1/orgaos/18295295000136/compras/2026/259/arquivos/3;18295295000136-1-000259/2026;;2026-09-28 07:51:51.670651;Não informado
Prazo aberto no cadastro PNCP;Software sem marca / validar fornecimento;;MINISTERIO PUBLICO DO ESTADO DA BAHIA;EBA - PROCURADORIA GERAL DE JUSTICA DA BAHIA;Estadual;Salvador;BA;Edital nº 207/2026;2026-10-14 08:00:00;2026-09-28 08:00:00;1.55;1.22;Pregão - Eletrônico;Não/não informado;Prestação de serviços de administração, gerenciamento e controle de despesas corporativas com abastecimento, serviços de lavagem e de borracharia, por meio da implantação e operação de sistema informatizado e integrado de gestão de frota.;"Marca/modelo ou modalidade não definidos na triagem. Conferir itens e TR; possibilidade de revenda não confirmada.";API oficial PNCP de propostas abertas (varredura por UF) + itens oficiais + detalhe da contratação;https://pncp.gov.br/app/editais/04142491000166/2026/232;https://cnetmobile.estaleiro.serpro.gov.br/comprasnet-web/public/compras/acompanhamento-compra?compra=92630205002072026;https://pncp.gov.br/pncp-api/v1/orgaos/04142491000166/compras/2026/232/arquivos/1;;04142491000166-1-000232/2026;;2026-09-25 10:37:18;Não informado
Prazo aberto no cadastro PNCP;Software sem marca / validar fornecimento;;MUNICIPIO DE CAXAMBU;MUNICIPIO DE CAXAMBU;Municipal;Caxambu;MG;Edital nº 069/2026;2026-10-14 08:00:00;2026-09-30 10:00:00;;;Pregão - Eletrônico;Não/não informado;CONTRATAÇÃO DE EMPRESA ESPECIALIZADA PARA A PRESTAÇÃO DE SERVIÇOS DE RASTREAMENTO, MONITORAMENTO E TELEMETRIA VEICULAR, MEDIANTE FORNECIMENTO, INSTALAÇÃO, CONFIGURAÇÃO, DISPONIBILIZAÇÃO E MANUTENÇÃO DOS EQUIPAMENTOS E DEMAIS COMPONENTES NECESSÁRIOS AO FUNCIONAMENTO DA SOLUÇÃO, INCLUINDO SISTEMA INFORMATIZADO PARA LOCALIZAÇÃO, ACOMPANHAMENTO E GERENCIAMENTO DA FROTA DE VEÍCULOS DA PREFEITURA MUNICIPAL DE CAXAMBU-MG, CONFORME TERMO DE REFERÊNCIA, PARTE INTEGRANTE DO PRESENTE EDITAL;"Marca/modelo ou modalidade não definidos na triagem. Conferir itens e TR; possibilidade de revenda não confirmada.";API oficial PNCP de propostas abertas (varredura por UF) + itens oficiais + detalhe da contratação;https://pncp.gov.br/app/editais/18008870000172/2026/255;https://bllcompras.com/Process/ProcessView?param1=[gkz]PCeJMXCMn3sQQel6JGKPaj3RXDnlskLAezH5FN6oweBYXc5JkjovqMIfkXEWdzO9CKR1eOSW/mcn2St0iVSmYDNPu5Uc6XVd1NgWUK5pwUU=;;;18008870000172-1-000255/2026;;2026-09-30 09:27:01;Não informado
Prazo aberto no cadastro PNCP;Software sem marca / validar fornecimento;;COMANDO DO EXERCITO;BATALHÃO CENTRAL DE MANUTENÇÃO E SUPRIMENTO;Federal;Rio de Janeiro;RJ;Edital nº 17/2026;2026-10-14 08:00:00;2026-10-01 08:00:00;4260000.0;3365400.0;Pregão - Eletrônico;Sim;Aquisição de Peças, Suprimentos ou Acessórios genuínos em proveito ao Batalhão Central de Manutenção e Suprimento (BCMS) e demais Unidades Participantes, com critério de julgamento Maior Desconto sobre o valor das peças com base nas tabelas das montadoras/fabricantes, com opção de utilizar o software de orçamento eletrônico Cilia, Audatex ou outro software similar.;"Marca/modelo ou modalidade não definidos na triagem. Conferir itens e TR; possibilidade de revenda não confirmada.";Cadastro de busca oficial PNCP + itens oficiais + detalhe da contratação;https://pncp.gov.br/app/editais/00394452000103/2026/21338;https://cnetmobile.estaleiro.serpro.gov.br/comprasnet-web/public/compras/acompanhamento-compra?compra=16032905000172026;https://pncp.gov.br/pncp-api/v1/orgaos/00394452000103/compras/2026/21338/arquivos/1;https://pncp.gov.br/pncp-api/v1/orgaos/00394452000103/compras/2026/21338/arquivos/2;00394452000103-1-021338/2026;;2026-10-01 06:12:16.288272;Não informado
Prazo aberto no cadastro PNCP;Software sem marca / validar fornecimento;;MUNICIPIO DE INGAI;PREFEITURA MUNICIPAL DE INGAÍ;Municipal;Ingaí;MG;Edital nº 00007326/2026;2026-10-14 08:10:00;2026-10-01 16:00:00;400000.0;316000.0;Pregão - Eletrônico;Sim;Registro de Preços para eventual aquisição de peças, acessórios e componentes, genuínos e/ou originais de primeira linha para tratores agricolas da frota municipal, mediante o maior desconto sobre o software do SISTEMA TRAZ VALOR, conforme condições, quantidades e exigências estabelecidas no Termo de Referência.;"Marca/modelo ou modalidade não definidos na triagem. Conferir itens e TR; possibilidade de revenda não confirmada.";Cadastro de busca oficial PNCP + itens oficiais + detalhe da contratação;https://pncp.gov.br/app/editais/18244319000128/2026/68;;https://pncp.gov.br/pncp-api/v1/orgaos/18244319000128/compras/2026/68/arquivos/1;;18244319000128-1-000068/2026;;2026-10-06 10:28:35.883743;Não informado
Recebimento futuro anunciado;Software sem marca / validar fornecimento;;MUNICIPIO DE GUAPE;PREFEITURA MUNICIPAL DE GUAPE;Municipal;Guapé;MG;Aviso de Contratação Direta nº 000014-E/2026;2026-10-14 09:00:00;2026-10-14 09:00:00;19200.0;15168.0;Dispensa;Não/não informado;Dispensa de licitação para Contratação de empresa especializada para fornecimento de licença de uso de software/sistema de banco de preços, destinado à realização de pesquisas e cotações de preços de bens e serviços, com acesso a banco de dados atualizado de preços praticados no mercado e/ou em contratações públicas, visando subsidiar a elaboração de estimativas de preços e a instrução dos processos de contratação da Administração Pública.;"Marca/modelo ou modalidade não definidos na triagem. Conferir itens e TR; possibilidade de revenda não confirmada.";Cadastro de busca oficial PNCP + itens oficiais + detalhe da contratação;https://pncp.gov.br/app/editais/18239616000185/2026/121;;https://pncp.gov.br/pncp-api/v1/orgaos/18239616000185/compras/2026/121/arquivos/1;;18239616000185-1-000121/2026;;2026-09-29 07:51:39.993348;Não informado
Recebimento futuro anunciado;Software sem marca / validar fornecimento;;EMPRESA BAIANA DE AGUAS E SANEAMENTO S/A - EMBASA;EMPRESA BAIANA DE AGUAS E SANEAMENTO S/A - EMBASA;Não se aplica;Salvador;BA;Edital nº SP170/2026/2026;2026-10-14 09:30:00;2026-10-09 08:00:00;;;Pregão - Eletrônico;Sim;"FORNECIMENTO DE LICENÇAS DE SOFTWARE FORMA DATA MANAGEMENT,INCLUINDO TREINAMENTO A DISTÂNCIA, SUPORTE 
TÉCNICO E GARANTIA DE ATUALIZAÇÃO DAS VERSÕES, DESTINADOS A ATENDER AS NECESSIDADES DA UNIDADE DE PROJETOS (EPR) E 
DEMAIS UNIDADES DA DIRETORIA DE EXPANSÃO, PELO SISTEMA DE REGISTRO DE PREÇOS.
Fontes Recursos: Próprios";"Marca/modelo ou modalidade não definidos na triagem. Conferir itens e TR; possibilidade de revenda não confirmada.";Cadastro de busca oficial PNCP + itens oficiais + detalhe da contratação;https://pncp.gov.br/app/editais/13504675000110/2026/300;https://licitacoes-e2.bb.com.br/aop-inter-estatico/visualizar-processo-publico/1101092;https://pncp.gov.br/pncp-api/v1/orgaos/13504675000110/compras/2026/300/arquivos/1;;13504675000110-1-000300/2026;;2026-09-22 18:32:37.566181;Não informado
Prazo aberto no cadastro PNCP;Software sem marca / validar fornecimento;;MINISTERIO DA GESTAO E DA INOVACAO EM SERVICOS PUBLICOS;SUPERINTENDêNCIA REG ADMINISTRAçãO DO MGI-MG;Federal;Belo Horizonte;MG;Edital nº 96/2026;2026-10-14 09:30:00;2026-09-29 08:00:00;7930417.2;6265029.58;Pregão - Eletrônico;Não/não informado;"Contratação de pessoa jurídica para prestação de serviços contínuos, sem dedicação exclusiva de mão-de-obra, de gerenciamento, controle e outros procedimentos pertinentes, por meio da implementação e operação de sistema informatizado e integrado com tecnologia e utilização on-line, disponibilizado em rede especializada e credenciada de estabelecimentos, para intermediação da manutenção preventiva e corretiva dos veículos oficiais da Superintendência Regional de Administração do Ministério da Gestão e da Inovação em Serviços Públicos em Minas Gerais (SRA/MG), da Procuradoria Regional da Fazenda Nacional na 6ª Região (PRFN/6) e Procuradorias Seccionais jurisdicionadas (PSFNs), da Controladoria Regional da União no Estado de Minas Gerais (CGU/MG); da Superintendência do Patrimônio da União no Estado de Minas Gerais (SPU/MG), da Superintendência Regional do Trabalho e Emprego em Minas Gerais (SRTB/MG) e suas Seccionais Jurisdicionadas e da Superintendência Regional da Receita Federal do Brasil na 6ª Região (SRRF06) e suas Seccionais jurisdicionadas, em todo território de Minas Gerais, conforme condições, quantidades e exigências constantes no Edital e seus Anexos.";"Marca/modelo ou modalidade não definidos na triagem. Conferir itens e TR; possibilidade de revenda não confirmada.";API oficial PNCP de propostas abertas (varredura por UF) + itens oficiais + detalhe da contratação;https://pncp.gov.br/app/editais/00489828000155/2026/561;https://cnetmobile.estaleiro.serpro.gov.br/comprasnet-web/public/compras/acompanhamento-compra?compra=17008505000962026;https://pncp.gov.br/pncp-api/v1/orgaos/00489828000155/compras/2026/561/arquivos/5;https://pncp.gov.br/pncp-api/v1/orgaos/00489828000155/compras/2026/561/arquivos/1;00489828000155-1-000561/2026;;2026-09-29 04:06:43;Não informado
Prazo aberto no cadastro PNCP;Software sem marca / validar fornecimento;;DEFENSORIA PUBLICA DO ESTADO DO PARA;DP;Estadual;Belém;PA;Edital nº 90014/2026;2026-10-14 10:00:00;2026-09-29 09:00:00;12397966.5;9794393.53;Pregão - Eletrônico;Sim;Registro de Preços para eventual contratação de plataforma híbrida de atendimento através do canal de comunicação WhatsApp e Web, na modalidade SaaS (Software Como Serviço, compreendendo serviços de instalação, configuração, testes, serviços de manutenção corretiva, envolvendo integração via API ou WebService de envio de mensagens com os sistemas legados, serviço de automação de fluxos por agentes virtuais, serviço de atendimento via chatbots com Inteligência Artificial (IA) Generativa, acompanhados de automação de atendimentos, integração e suporte a ferramenta de service desk GLPI (Gestionnaire Libre de Parc Informatique – Gestão Livre de Parque de Informática) já implantada nesta Defensoria Pública e serviço sob demanda para customização da solução, destinados a Central de Atendimento aos cidadãos que buscam a Defensoria Pública do Estado do Pará - DPE.;"Marca/modelo ou modalidade não definidos na triagem. Conferir itens e TR; possibilidade de revenda não confirmada.";Cadastro de busca oficial PNCP + itens oficiais + detalhe da contratação;https://pncp.gov.br/app/editais/34639526000138/2026/33;;https://pncp.gov.br/pncp-api/v1/orgaos/34639526000138/compras/2026/33/arquivos/1;https://pncp.gov.br/pncp-api/v1/orgaos/34639526000138/compras/2026/33/arquivos/2;34639526000138-1-000033/2026;;2026-09-28 12:01:20.562972;Não informado
Prazo aberto no cadastro PNCP;Software sem marca / validar fornecimento;;MUNICIPIO DE SAQUAREMA;MUNICÍPIO DE SAQUAREMA/RJ;Municipal;Saquarema;RJ;Edital nº 052/2026;2026-10-14 10:00:00;2026-09-28 11:18:31;343071.6;271026.56;Pregão - Eletrônico;Não/não informado;[LICITANET] - CONTRATAÇÃO DE EMPRESA ESPECIALIZADA NA LOCAÇÃO DE LICENÇA DE USO DE TALONÁRIO ELETRÔNICO, EQUIPAMENTOS, SOFTWARE DE GESTÃO E APOIO TÉCNICO/MANUTENÇÃO;"Marca/modelo ou modalidade não definidos na triagem. Conferir itens e TR; possibilidade de revenda não confirmada.";Cadastro de busca oficial PNCP + itens oficiais + detalhe da contratação;https://pncp.gov.br/app/editais/32147670000121/2026/165;https://licitanet.com.br/sessao/202990;https://pncp.gov.br/pncp-api/v1/orgaos/32147670000121/compras/2026/165/arquivos/1;;32147670000121-1-000165/2026;;2026-09-28 11:18:47.699915;Não informado
Prazo aberto no cadastro PNCP;Software sem marca / validar fornecimento;;MUNICIPIO DE GUANHAES;Unidade Única;Municipal;Guanhães;MG;Edital nº 000026/2026;2026-10-14 13:30:00;2026-09-25 08:00:00;6000000.0;4740000.0;Pregão - Eletrônico;Sim;REGISTRO DE PREÇOS PARA CONTRATAÇÃO DE SERVIÇOS DE ADMINISTRAÇÃO, GERENCIAMENTO E CONTROLE DE MANUTENÇÃO PREVENTIVA E CORRETIVA DA FROTA DE VEÍCULOS E MÁQUINAS DO MUNICÍPIO DE GUANHÃES/MG, COM FORNECIMENTO DE PEÇAS GENUÍNAS E/OU ORIGINAIS, SUPRIMENTOS, ACESSÓRIOS E SERVIÇOS DE MANUTENÇÃO PREVENTIVA E CORRETIVA, LUBRIFICANTES, PNEUS, SERVIÇOS DE GUINCHO 24HS, ALINHAMENTO E BALANCEAMENTO, POR MEIO DE SISTEMA INFORMATIZADO, COM UTILIZAÇÃO DE TECNOLOGIA DE CARTÃO MAGNÉTICO, MICRO PROCESSADO (CHIP) OU TAG ELETRÔNICA, VIA WEB E EM TEMPO REAL, EM REDE ESPECIALIZADA DE SERVIÇOS, SOLICITADO PELA SECRETARIA MUNICIPAL DE TRANSPORTES E TRÂNSITO, PARA SER UTILIZADO SOMENTE QUANDO NECESSÁRIO, CONFORME AS CONDIÇÕES E ESPECIFICAÇÕES CONSTANTES NESTE TERMO DE REFERÊNCIA E NO ESTUDO TÉCNICO PRELIMINAR E DEMAIS ANEXOS.;"Marca/modelo ou modalidade não definidos na triagem. Conferir itens e TR; possibilidade de revenda não confirmada.";API oficial PNCP de propostas abertas (varredura por UF) + itens oficiais + detalhe da contratação;https://pncp.gov.br/app/editais/18307439000127/2026/42;https://app2.licitardigital.com.br/pesquisa/114730;https://pncp.gov.br/pncp-api/v1/orgaos/18307439000127/compras/2026/42/arquivos/1;;18307439000127-1-000042/2026;;2026-09-25 16:46:22;Não informado
Prazo aberto no cadastro PNCP;Software sem marca / validar fornecimento;;MUNICIPIO DE MORRO DO CHAPEU;GABINETE DA PREFEITA - GABIN;Municipal;Morro do Chapéu;BA;Edital nº 033/2026;2026-10-14 14:00:00;2026-09-28 08:00:00;4.44;3.5;Pregão - Eletrônico;Não/não informado;Contratação de empresa especializada para a prestação de serviços continuados de gerenciamento e controle de abastecimento de combustíveis da frota de veículos pertencentes e/ou locados, através de sistema eletrônico utilizando serviços web ou softwares para controle de cartões magnéticos, para atender as demandas das secretarias do município de Morro do Chapéu/BA.;"Marca/modelo ou modalidade não definidos na triagem. Conferir itens e TR; possibilidade de revenda não confirmada.";API oficial PNCP de propostas abertas (varredura por UF) + itens oficiais + detalhe da contratação;https://pncp.gov.br/app/editais/13717517000148/2026/105;https://bnccompras.com/Process/ProcessView?param1=[gkz]778syae_CEF5qv6oEtUNBxO/4pRZCsWAyjJv_NtFGCbQKwYMEMLhiizGtoHmQJdrGks9EyTvTeXPajfVmbKzXXPodnGluK0dQk/TiGv5vEg=;https://pncp.gov.br/pncp-api/v1/orgaos/13717517000148/compras/2026/105/arquivos/1;;13717517000148-1-000105/2026;;2026-09-25 09:02:46;Não informado
Prazo aberto no cadastro PNCP;Software sem marca / validar fornecimento;;MUNICIPIO DE CABACEIRAS DO PARAGUACU;Prefeitura Municipal de Cabaceiras do Paraguaçu;Municipal;Cabaceiras do Paraguaçu;BA;Edital nº 012PRP/2026;2026-10-14 16:00:00;2026-10-02 08:00:00;512918.6;405205.69;Pregão - Eletrônico;Sim;Seleção da melhor proposta para futura e eventual contratação de empresa especializada para disponibilização de sistema informatizado destinado à publicação, divulgação e veiculação de atos oficiais do Município de Cabaceiras do Paraguaçu – Bahia, compreendendo a divulgação e veiculação externa de atos oficiais em jornal de grande circulação no Estado da Bahia e no Diário Oficial da União (DOU), bem como o armazenamento seguro das informações publicadas...;"Marca/modelo ou modalidade não definidos na triagem. Conferir itens e TR; possibilidade de revenda não confirmada.";API oficial PNCP de propostas abertas (varredura por UF) + itens oficiais + detalhe da contratação;https://pncp.gov.br/app/editais/13866892000150/2026/33;https://bnccompras.com/Process/ProcessView?param1=[gkz]4bonoKGCckmHxoXgMo/be2a6uGKC7zQlRRHR/qkk3p7y_J5fQVDu8sjw0rbjbeSWxo0yw5NnYJW6CFLw2iUAot3XzuivUTGsXB7KKZqwhFQ=;https://pncp.gov.br/pncp-api/v1/orgaos/13866892000150/compras/2026/33/arquivos/1;;13866892000150-1-000033/2026;;2026-10-01 16:01:24;Não informado
Prazo aberto no cadastro PNCP;Software sem marca / validar fornecimento;;MUNICIPIO DE ARCOVERDE;MUNICIPIO DE ARCOVERDE;Municipal;Arcoverde;PE;Edital nº 034/2026;2026-10-15 08:00:00;2026-10-03 11:00:00;864000.0;682560.0;Pregão - Eletrônico;Sim;CONTRATAÇÃO DE SERVIÇOS ESPECIALIZADOS DE INTEGRAÇÃO DIGITAL E FORNECIMENTO DE SOLUÇÕES FINANCEIRAS POR API, NA MODALIDADE SOFTWARE COMO SERVIÇO (SAAS), CONSISTENTES NO FORNECIMENTO, IMPLANTAÇÃO, MANUTENÇÃO, SUPORTE E ATUALIZAÇÃO DE PLATAFORMA INFORMATIZADA PARA OTIMIZAÇÃO DA ARRECADAÇÃO E DOS PAGAMENTOS DO MUNICÍPIO, INCLUSIVE COM SERVIÇO DE MENSAGERIA;"Marca/modelo ou modalidade não definidos na triagem. Conferir itens e TR; possibilidade de revenda não confirmada.";Cadastro de busca oficial PNCP + itens oficiais + detalhe da contratação;https://pncp.gov.br/app/editais/10105955000167/2026/20;https://bnccompras.com/Process/ProcessView?param1=[gkz]z058FxLP_rkDlCuiNw2R2JJBTjz/B7JTSKmkFiAdK9g9TXHqkk/8pRgr5Q8b0KnwZ9AVnAc9_YAZHtQut84GYRs3nkHm8HmdsyjpqcE7lCM=;https://pncp.gov.br/pncp-api/v1/orgaos/10105955000167/compras/2026/20/arquivos/1;;10105955000167-1-000020/2026;;2026-10-03 10:08:19.328402;Não informado
Prazo aberto no cadastro PNCP;Software sem marca / validar fornecimento;;MUNICIPIO DE UMUARAMA;Unidade administrativa;Municipal;Umuarama;PR;Edital nº 64/2026;2026-10-15 08:00:00;2026-09-29 08:00:00;300000.0;237000.0;Pregão - Eletrônico;Sim;"objeto do presente termo de referência é a contratação de empresa especializada na prestação de serviços de bomba injetora com fornecimento de peças genuínas ou originais, pelo período de 12 (doze) meses, com critério de maior percentual de desconto tendo como referência de valores máximos os preços do software de orçamentação eletrônica TRAZ VALOR para peças e/ou materiais e maior percentual de desconto sobre os preços da hora homem dos serviços da TRAZ VALOR e tempo de reparo da tabela tempária sindirepa-PR e/ou equivalente da montadora e/ou fabricante, conforme condições, quantidades e exigências estabelecidas neste instrumento.
";"Marca/modelo ou modalidade não definidos na triagem. Conferir itens e TR; possibilidade de revenda não confirmada.";API oficial PNCP de propostas abertas (varredura por UF) + itens oficiais + detalhe da contratação;https://pncp.gov.br/app/editais/76247378000156/2026/146;;https://pncp.gov.br/pncp-api/v1/orgaos/76247378000156/compras/2026/146/arquivos/1;;76247378000156-1-000146/2026;;2026-09-29 08:22:51;Não informado
Prazo aberto no cadastro PNCP;Software sem marca / validar fornecimento;;MUNICIPIO DE CIANORTE;Unidade administrativa;Municipal;Cianorte;PR;Edital nº 117/2026;2026-10-15 08:30:00;2026-09-29 17:00:00;24000.0;18960.0;Pregão - Eletrônico;Não/não informado;Contratação de empresa especializada para cessão de licença de uso, implantação, suporte técnico, manutenção e hospedagem de sistema informatizado de gestão esportiva municipal, em plataforma web responsiva, destinado ao gerenciamento integrado das atividades da Secretaria Municipal de Esporte e Lazer.;"Marca/modelo ou modalidade não definidos na triagem. Conferir itens e TR; possibilidade de revenda não confirmada.";Cadastro de busca oficial PNCP + itens oficiais + detalhe da contratação;https://pncp.gov.br/app/editais/76309806000128/2026/272;;https://pncp.gov.br/pncp-api/v1/orgaos/76309806000128/compras/2026/272/arquivos/2;;76309806000128-1-000272/2026;;2026-09-29 15:01:07.352088;Não informado
Prazo aberto no cadastro PNCP;Software sem marca / validar fornecimento;;MUNICIPIO DE VENANCIO AIRES;PM VENANACIO AIRES;Municipal;Venâncio Aires;RS;Edital nº 40/2026;2026-10-15 08:59:00;2026-08-19 14:06:00;18461.52;14584.6;Pregão - Eletrônico;Não/não informado;Contratação de empresa especializada para o fornecimento de solução informatizada, disponibilizada em modelo SaaS (Software as a Service), mediante licenciamento temporário do direito de uso, destinada à gestão do Serviço de Inspeção Municipal – SIM.;"Marca/modelo ou modalidade não definidos na triagem. Conferir itens e TR; possibilidade de revenda não confirmada.";Cadastro de busca oficial PNCP + itens oficiais + detalhe da contratação;https://pncp.gov.br/app/editais/87334918000155/2026/246;;https://pncp.gov.br/pncp-api/v1/orgaos/87334918000155/compras/2026/246/arquivos/1;;87334918000155-1-000246/2026;;2026-09-28 11:29:02.137506;Não informado
Prazo aberto no cadastro PNCP;Software sem marca / validar fornecimento;;MUNICIPIO DE VENANCIO AIRES;Departamento de Licitações e Compras;Municipal;Venâncio Aires;RS;Edital nº 040/2026;2026-10-15 08:59:00;2026-09-28 08:00:00;18461.52;14584.6;Pregão - Eletrônico;Não/não informado;[Portal de Compras Públicas] - Locação de sistema de gestão do serviço de inspeção municipal (SIM);"Marca/modelo ou modalidade não definidos na triagem. Conferir itens e TR; possibilidade de revenda não confirmada.";Cadastro de busca oficial PNCP + itens oficiais + detalhe da contratação;https://pncp.gov.br/app/editais/87334918000155/2026/244;https://www.portaldecompraspublicas.com.br/processos/RS/Prefeitura-Municipal-de-Venancio-Aires-122/PE-040-2026-2026-514261;https://pncp.gov.br/pncp-api/v1/orgaos/87334918000155/compras/2026/244/arquivos/1;;87334918000155-1-000244/2026;;2026-09-25 16:46:44.785808;Não informado
Prazo aberto no cadastro PNCP;Software sem marca / validar fornecimento;;UNIVERSIDADE TECNOLOGICA FEDERAL DO PARANA;UTFPR - CAMPUS PONTA GROSSA;Federal;Ponta Grossa;PR;Edital nº 38/2026;2026-10-15 09:00:00;2026-10-02 08:30:00;19917.45;15734.78;Pregão - Eletrônico;Não/não informado;Software para configuração e programação de controladores programáveis Siemens SIMATIC S7-1200;"Marca/modelo ou modalidade não definidos na triagem. Conferir itens e TR; possibilidade de revenda não confirmada.";Cadastro de busca oficial PNCP + itens oficiais + detalhe da contratação;https://pncp.gov.br/app/editais/75101873000190/2026/475;https://cnetmobile.estaleiro.serpro.gov.br/comprasnet-web/public/compras/acompanhamento-compra?compra=15317805000382026;https://pncp.gov.br/pncp-api/v1/orgaos/75101873000190/compras/2026/475/arquivos/1;https://pncp.gov.br/pncp-api/v1/orgaos/75101873000190/compras/2026/475/arquivos/2;75101873000190-1-000475/2026;;2026-10-02 04:00:10.032992;Não informado
Prazo aberto no cadastro PNCP;Software sem marca / validar fornecimento;;MUNICIPIO DE SAO JOAO;Secretaria de Adm. e Financas;Municipal;São João;PR;Edital nº 45/2026;2026-10-15 09:00:00;2026-09-29 08:00:00;173452.0;137027.08;Pregão - Eletrônico;Não/não informado;Registro de Preços para futura e eventual contratação de empresa especializada na prestação de serviços de controle eletrônico de frequência e gestão de ponto, incluindo locação de relógios eletrônicos, software, implantação, instalação, integração, treinamento, manutenção, suporte técnico e demais serviços técnicos e demais serviços necessários ao funcionamento da solução.;"Marca/modelo ou modalidade não definidos na triagem. Conferir itens e TR; possibilidade de revenda não confirmada.";Cadastro de busca oficial PNCP + itens oficiais + detalhe da contratação;https://pncp.gov.br/app/editais/76995422000106/2026/99;https://cnetmobile.estaleiro.serpro.gov.br/comprasnet-web/public/compras/acompanhamento-compra?compra=98787105000012026;https://pncp.gov.br/pncp-api/v1/orgaos/76995422000106/compras/2026/99/arquivos/2;;76995422000106-1-000099/2026;;2026-06-30 22:41:25.733606;Não informado
Prazo aberto no cadastro PNCP;Software sem marca / validar fornecimento;;MUNICIPIO DE MACAE;PREFEITURA MUNICIPAL DE MACAE - RJ;Municipal;Macaé;RJ;Edital nº 642/2026;2026-10-15 09:00:00;2026-09-25 13:20:00;12474614.76;9854945.66;Pregão - Eletrônico;Sim;Contratação de serviço de patrulhamento aéreo e terrestre de segurança pública, não tripulado, com operação inclusa, mediante a disponibilização, em regime de locação de aeronaves remotamente pilotadas (drones) de diferentes categorias, bases móveis terrestres e sala de monitoramento equipada, abrangendo todos os insumos, softwares, infraestrutura, manutenção preventiva e corretiva, seguros, suporte técnico, atualizações e demais recursos necessários;"Marca/modelo ou modalidade não definidos na triagem. Conferir itens e TR; possibilidade de revenda não confirmada.";API oficial PNCP de propostas abertas (varredura por UF) + itens oficiais + detalhe da contratação;https://pncp.gov.br/app/editais/29115474000160/2026/645;https://cnetmobile.estaleiro.serpro.gov.br/comprasnet-web/public/compras/acompanhamento-compra?compra=98584705006422026;https://pncp.gov.br/pncp-api/v1/orgaos/29115474000160/compras/2026/645/arquivos/1;;29115474000160-1-000645/2026;;2026-09-25 13:15:58;Não informado
Recebimento futuro anunciado;Software sem marca / validar fornecimento;;MUNICIPIO DE LARANJEIRAS;PREFEITURA  MUNICIPIO DE LARANJEIRAS;Municipal;Laranjeiras;SE;Edital nº 24/2026;2026-10-15 09:00:00;2026-10-15 00:00:00;230997.5;182488.02;Pregão - Eletrônico;Não/não informado;Contratação de pessoa jurídica especializada em prestação de serviços técnicos, implantação e operacionalização de Sistema de informática na gestão do ISSQN, com licença de uso de Software, através da disponibilização da Nota Fiscal de Serviço Eletrônica, Controle dos Serviços Tomados, Declaração Eletrônica de Serviços Financeiros e fornecimento de Data Center, conforme este Termo de Referência.;"Marca/modelo ou modalidade não definidos na triagem. Conferir itens e TR; possibilidade de revenda não confirmada.";Cadastro de busca oficial PNCP + itens oficiais + detalhe da contratação;https://pncp.gov.br/app/editais/13120613000104/2026/38;;https://pncp.gov.br/pncp-api/v1/orgaos/13120613000104/compras/2026/38/arquivos/1;;13120613000104-1-000038/2026;;2026-09-28 12:35:32.914279;Não informado
Prazo aberto no cadastro PNCP;Software sem marca / validar fornecimento;;MUNICIPIO DE ITAPEVI;Itapevi;Municipal;Itapevi;SP;Edital nº 66/2026/2026;2026-10-15 09:00:00;2026-09-29 19:30:00;2885333.38;2279413.37;Pregão - Eletrônico;Não/não informado;CONTRATAÇÃO DE EMPRESA PARA FORNECIMENTO DE SOLUÇÃO DE SISTEMAS DE GESTÃO PARA AS ÁREAS DE EDUCAÇÃO E ASSISTÊNCIA SOCIAL, NO MODO SOFTWARE COMO SERVIÇOS (SAAS), INCLUÍDOS NOS SERVIÇOS DE CONVERSÃO DE BASES, IMPLANTAÇÃO, TREINAMENTO, BEM COMO OS SERVIÇOS CONTINUADOS DE SUPORTE TÉCNICO E MANUTENÇÃO, QUE GARANTAM AS ALTERAÇÕES LEGAIS, CORRETIVAS E/OU EVOLUTIVAS, BEM COMO AS ATUALIZAÇÕES DE VERSÃO DOS SISTEMAS LICENCIADOS;"Marca/modelo ou modalidade não definidos na triagem. Conferir itens e TR; possibilidade de revenda não confirmada.";Cadastro de busca oficial PNCP + itens oficiais + detalhe da contratação;https://pncp.gov.br/app/editais/46523031000128/2026/171;;https://pncp.gov.br/pncp-api/v1/orgaos/46523031000128/compras/2026/171/arquivos/1;;46523031000128-1-000171/2026;;2026-09-29 14:25:16.401629;Não informado
Prazo aberto no cadastro PNCP;Software sem marca / validar fornecimento;;TRIBUNAL SUPERIOR DO TRABALHO;TRIBUNAL REGIONAL DO TRABALHO 18A.REG/GO;Federal;Goiânia;GO;Edital nº 128/2026;2026-10-15 10:00:00;2026-09-28 16:10:00;40632.4;32099.59;Pregão - Eletrônico;Não/não informado;"Contratação de empresa/Profissional Especializado em fornecimento de licenças de uso
do software Magnific, versão Business, com subscrição para 12 meses e pagamento
anual, conforme especificações técnicas e condições constantes no Edital.";"Marca/modelo ou modalidade não definidos na triagem. Conferir itens e TR; possibilidade de revenda não confirmada.";Cadastro de busca oficial PNCP + itens oficiais + detalhe da contratação;https://pncp.gov.br/app/editais/00509968000148/2026/3293;https://cnetmobile.estaleiro.serpro.gov.br/comprasnet-web/public/compras/acompanhamento-compra?compra=08002005001282026;https://pncp.gov.br/pncp-api/v1/orgaos/00509968000148/compras/2026/3293/arquivos/7;https://pncp.gov.br/pncp-api/v1/orgaos/00509968000148/compras/2026/3293/arquivos/3;00509968000148-1-003293/2026;;2026-09-28 16:21:34.911166;Não informado
Prazo aberto no cadastro PNCP;Software sem marca / validar fornecimento;;TRIBUNAL DE JUSTICA DO ESTADO DE RORAIMA;TRIBUNAL DE JUSTIÇA DO ESTADO DE RORAIMA;Estadual;Boa Vista;RR;Edital nº 17/2026;2026-10-15 10:00:00;2026-09-28 08:00:00;26310910.94;20785619.64;Pregão - Eletrônico;Sim;Formação de registro de preços para eventual contratação de solução de infraestrutura computacional com armazenamento distribuído por software, incluindo recursos de processamento, memória e virtualização, bem como serviços de implantação, migração de dados, suporte técnico especializado e garantia de hardware, destinada à modernização do Site de Recuperação de Desastres (Site DR) do Tribunal de Justiça de Roraima, conforme Termo de Referência - Anexo I do Edital.;"Marca/modelo ou modalidade não definidos na triagem. Conferir itens e TR; possibilidade de revenda não confirmada.";Cadastro de busca oficial PNCP + itens oficiais + detalhe da contratação;https://pncp.gov.br/app/editais/34812669000108/2026/80;https://cnetmobile.estaleiro.serpro.gov.br/comprasnet-web/public/compras/acompanhamento-compra?compra=92548005000172026;https://pncp.gov.br/pncp-api/v1/orgaos/34812669000108/compras/2026/80/arquivos/5;https://pncp.gov.br/pncp-api/v1/orgaos/34812669000108/compras/2026/80/arquivos/3;34812669000108-1-000080/2026;;2026-09-25 12:13:26.977638;Não informado
Prazo aberto no cadastro PNCP;Software sem marca / validar fornecimento;;TRIBUNAL REGIONAL FEDERAL DA 2 REGIAO;TRIBUNAL REGIONAL FEDERAL DA 2A. REGIAO;Federal;Rio de Janeiro;RJ;Edital nº 109/2026;2026-10-15 13:00:00;2026-09-30 08:00:00;7044.96;5565.51;Pregão - Eletrônico;Não/não informado;Contratação de licença anual de plataforma digital para publicação, hospedagem e disponibilização de conteúdo institucional em formato de revista digital interativa, destinada à veiculação da newsletter ‘Vitral Cultural’ e demais publicações institucionais do Centro Cultural Justiça Federal - CCJF;"Marca/modelo ou modalidade não definidos na triagem. Conferir itens e TR; possibilidade de revenda não confirmada.";Cadastro de busca oficial PNCP + itens oficiais + detalhe da contratação;https://pncp.gov.br/app/editais/32243347000151/2026/166;https://cnetmobile.estaleiro.serpro.gov.br/comprasnet-web/public/compras/acompanhamento-compra?compra=09002805001092026;https://pncp.gov.br/pncp-api/v1/orgaos/32243347000151/compras/2026/166/arquivos/1;https://pncp.gov.br/pncp-api/v1/orgaos/32243347000151/compras/2026/166/arquivos/3;32243347000151-1-000166/2026;;2026-09-30 04:00:10.959973;Não informado
Prazo aberto no cadastro PNCP;Software sem marca / validar fornecimento;;SECRETARIA DE ESTADO DA ADMINISTRACAO;Diretoria de Gestão de Licitações e Contratos;Estadual;Florianópolis;SC;Edital nº 658/2026;2026-10-15 13:15:00;2026-09-30 14:00:00;14000.0;11060.0;Pregão - Eletrônico;Não/não informado;Contratação de serviços de auditoria de sistema, fornecido por pessoa física ou jurídica certificada, para avaliação, certificação e elaboração de Laudo de Conformidade do Sistema de Talonário Eletrônico, software de propriedade da Polícia Militar de Santa Catarina, visando a homologação junto à Secretaria Nacional de Trânsito (SENATRAN) para a Polícia Militar de Santa Catarina.;"Marca/modelo ou modalidade não definidos na triagem. Conferir itens e TR; possibilidade de revenda não confirmada.";API oficial PNCP de propostas abertas (varredura por UF) + itens oficiais + detalhe da contratação;https://pncp.gov.br/app/editais/82951351000142/2026/631;;https://pncp.gov.br/pncp-api/v1/orgaos/82951351000142/compras/2026/631/arquivos/1;https://pncp.gov.br/pncp-api/v1/orgaos/82951351000142/compras/2026/631/arquivos/2;82951351000142-1-000631/2026;;2026-09-30 10:30:45;Não informado
Prazo aberto no cadastro PNCP;Software sem marca / validar fornecimento;;MINISTERIO PUBLICO DO ESTADO DO RIO DE JANEIRO;ERJ-MINISTÉRIO PUBLICO ESTADO RIO DE JANEIRO;Estadual;Rio de Janeiro;RJ;Edital nº 267/2026;2026-10-15 14:00:00;2026-09-30 08:00:00;344088.0;271829.52;Pregão - Eletrônico;Não/não informado;Contratação de pessoa jurídica para prestação de serviços continuados de mensuração de tamanho funcional de software, incluindo mensuração de soluções de software, validação de mensurações realizadas por terceiros e apoio ao registro, controle, classificação e geração de relatórios de métricas, pelo período de 36 (trinta e seis) meses, conforme condições, quantidades e exigências estabelecidas no anexo I do Edital da Licitação.;"Marca/modelo ou modalidade não definidos na triagem. Conferir itens e TR; possibilidade de revenda não confirmada.";API oficial PNCP de propostas abertas (varredura por UF) + itens oficiais + detalhe da contratação;https://pncp.gov.br/app/editais/28305936000140/2026/344;https://cnetmobile.estaleiro.serpro.gov.br/comprasnet-web/public/compras/acompanhamento-compra?compra=92515305002672026;https://pncp.gov.br/pncp-api/v1/orgaos/28305936000140/compras/2026/344/arquivos/1;;28305936000140-1-000344/2026;;2026-09-28 17:28:42;Não informado
Prazo aberto no cadastro PNCP;Software sem marca / validar fornecimento;;FASI FUNDACAO DE ATENCAO A SAUDE DE ITABUNA;FASI – Fundação de Atenção à Saúde de Itabuna/BA;Municipal;Itabuna;BA;Edital nº 028/2026;2026-10-16 08:00:00;2026-09-30 11:37:21;;;Pregão - Eletrônico;Não/não informado;[LICITANET] - CONTRATAÇÃO DE EMPRESA ESPECIALIZADA PARA PRESTAÇÃO DE SERVIÇOS DE LOCAÇÃO DE SOFTWARE ESPECÍFICO PARA GESTÃO DOCUMENTAL, CONTEMPLANDO OS SISTEMAS DE DIGITALIZAÇÃO E ARQUIVAMENTO ELETRÔNICO EM ATENDIMENTO AS DEMANDAS DO HOSPITAL DE BASE LUIS EDUARDO MAGALHÃES – HBLEM - ITABUNA-BA;"Marca/modelo ou modalidade não definidos na triagem. Conferir itens e TR; possibilidade de revenda não confirmada.";Cadastro de busca oficial PNCP + itens oficiais + detalhe da contratação;https://pncp.gov.br/app/editais/02762633000162/2026/67;https://licitanet.com.br/sessao/194083;https://pncp.gov.br/pncp-api/v1/orgaos/02762633000162/compras/2026/67/arquivos/1;;02762633000162-1-000067/2026;;2026-09-09 09:38:10.104954;Não informado
Prazo aberto no cadastro PNCP;Software sem marca / validar fornecimento;;CONSORCIO INTERMUNICIPAL DE SAUDE DA REDE DE URGENCIA E EMERGENCIA DA REGIAO AMPLIADA NOROESTE;CONSORCIO INTERMUNICIPAL DE SAUDE DA REDE DE URGÊNCIA E EMERGÊNCIA DA REGIÃO AMPLIADA NOROESTE;Não se aplica;Patos de Minas;MG;Edital nº 08/2026;2026-10-16 08:30:00;2026-10-05 11:30:00;1.55;1.22;Pregão - Eletrônico;Não/não informado;Contratação de empresa especializada para prestação de serviços de gerenciamento informatizado do abastecimento e da manutenção preventiva e corretiva da frota do CISREUNO/SAMU 192, por meio de sistema informatizado e rede credenciada, dividida em 02 (dois) lotes independentes, conforme condições, exigências e especificações estabelecidas.;"Marca/modelo ou modalidade não definidos na triagem. Conferir itens e TR; possibilidade de revenda não confirmada.";API oficial PNCP de propostas abertas (varredura por UF) + itens oficiais + detalhe da contratação;https://pncp.gov.br/app/editais/20433216000158/2026/21;https://bnccompras.com/Process/ProcessView?param1=[gkz]RNcHKzAkYPdCWeM7hLW7bp3fvvfnwPCtaexHXdrkGG79lnc3QbwMMcGGkviGLRB3ZLGJgcaUgQf70af76YsgmsOORJgxd/MhTkUpi6Sv26s=;https://pncp.gov.br/pncp-api/v1/orgaos/20433216000158/compras/2026/21/arquivos/1;;20433216000158-1-000021/2026;;2026-10-05 11:13:09;Não informado
Prazo aberto no cadastro PNCP;Software sem marca / validar fornecimento;;FUNDO MUNICIPAL DE SAUDE DE PONTA DE PEDRAS;FUNDO MUNICIPAL DE SAÚDE;Municipal;Ponta de Pedras;PA;Edital nº 9.2026-018/2026;2026-10-16 08:45:00;2026-09-30 00:00:00;73440.0;58017.6;Pregão - Eletrônico;Não/não informado;SERVIÇOS DE LOCAÇÃO DE PONTOS ELETRÔNICOS BIOMÉTRICOS (RELÓGIOS DE PONTO), EM REGIME DE COMODATO, INCLUINDO INSTALAÇÃO, CONFIGURAÇÃO DE SOFTWARE, TREINAMENTO DOS USUÁRIOS, DISPONIBILIZAÇÃO DE SISTEMA DE GERENCIAMENTO EM NUVEM, SERVIÇOS MENSAIS, SUPORTE TÉCNICO E MANUTENÇÃO PREVENTIVA E CORRETIVA COM REPOSIÇÃO INTEGRAL DE PEÇAS E INSUMOS, DESTINADOS AO CONTROLE DE FREQUÊNCIA DOS SERVIDORES LOTADOS NAS UNIDADES DA REDE MUNICIPAL DE SAÚDE DE PONTA DE PEDRAS/PA.;"Marca/modelo ou modalidade não definidos na triagem. Conferir itens e TR; possibilidade de revenda não confirmada.";Cadastro de busca oficial PNCP + itens oficiais + detalhe da contratação;https://pncp.gov.br/app/editais/11797106000184/2026/12;https://bnccompras.com/Process/ProcessView?param1=[gkz]PBbihyGJqz3KX9OdOEuTwrJtZiorh8omTxmz8cxwuFZvTDuVKsSUwe2AX4iWzF8Om0TkrUM04hpjkjEcg1g7K9xOBDpJJaB4RVGWVRcW3Tc=;https://pncp.gov.br/pncp-api/v1/orgaos/11797106000184/compras/2026/12/arquivos/1;;11797106000184-1-000012/2026;;2026-09-29 18:10:32.150857;Não informado
Prazo aberto no cadastro PNCP;Software sem marca / validar fornecimento;;FUNDO MUNICIPAL DE ASSISTENCIA SOCIAL DE JAGUARE;FUNDO MUNICIPAL DE ASSISTÊNCIA SOCIAL;Municipal;Jaguaré;ES;Edital nº 000009/2026;2026-10-16 08:59:00;2026-09-30 08:00:00;500000.0;395000.0;Pregão - Eletrônico;Não/não informado;Contratação de prestação de serviços continuados de gerenciamento eadministração da manutenção preventiva e corretiva da frota de veículosda Secretaria Municipal de Assistência Social, por meio de sistemainformatizado e integrado, via internet, com utilização de redecredenciada de empresas especializadas, contemplando o fornecimentode peças, acessórios, componentes, materiais de consumo, serviçosmecânicos e demais serviços correlatos necessários à manutenção dafrota. ;"Marca/modelo ou modalidade não definidos na triagem. Conferir itens e TR; possibilidade de revenda não confirmada.";API oficial PNCP de propostas abertas (varredura por UF) + itens oficiais + detalhe da contratação;https://pncp.gov.br/app/editais/14088281000190/2026/22;;https://pncp.gov.br/pncp-api/v1/orgaos/14088281000190/compras/2026/22/arquivos/1;;14088281000190-1-000022/2026;;2026-09-29 15:55:40;Não informado
Prazo aberto no cadastro PNCP;Software sem marca / validar fornecimento;;MUNICIPIO DE ALEM PARAIBA;MUNICÍPIO DE ALÉM PARAÍBA/MG;Municipal;Além Paraíba;MG;Edital nº 271/2026;2026-10-16 08:59:00;2026-09-29 14:31:00;174284.4;137684.67;Pregão - Eletrônico;Não/não informado;Assunto: Contratação de solução tecnológica em ambiente totalmente web, com cessão de uso de software por 12 meses, incluindo suporte técnico e capacitação dos usuários, destinado ao acompanhamento e auditoria da apuração do Valor Adicionado Fiscal (VAF), bem como à conferência e controle do cálculo do Índice de Qualidade da Educação (IQE), conforme detalhado nas especificações técnicas deste Termo de Referência, conforme condições e especificações contidas neste termo de referência.;"Marca/modelo ou modalidade não definidos na triagem. Conferir itens e TR; possibilidade de revenda não confirmada.";API oficial PNCP de propostas abertas (varredura por UF) + itens oficiais + detalhe da contratação;https://pncp.gov.br/app/editais/17709197000135/2026/272;;https://pncp.gov.br/pncp-api/v1/orgaos/17709197000135/compras/2026/272/arquivos/1;;17709197000135-1-000272/2026;;2026-09-29 14:33:59;Não informado
Prazo aberto no cadastro PNCP;Software sem marca / validar fornecimento;;MUNICIPIO DE VENANCIO AIRES;PM VENANACIO AIRES;Municipal;Venâncio Aires;RS;Edital nº 41/2026;2026-10-16 08:59:00;2026-07-17 11:18:00;25589.48;20215.68;Pregão - Eletrônico;Não/não informado;Locação de sistema digital de gestão da política de assistência social, visando à disponibilização de solução informatizada para qualificar, agilizar e efetivar a gestão dos serviços executados no âmbito do Sistema Único de Assistência Social (SUAS).;"Marca/modelo ou modalidade não definidos na triagem. Conferir itens e TR; possibilidade de revenda não confirmada.";Cadastro de busca oficial PNCP + itens oficiais + detalhe da contratação;https://pncp.gov.br/app/editais/87334918000155/2026/247;;https://pncp.gov.br/pncp-api/v1/orgaos/87334918000155/compras/2026/247/arquivos/1;;87334918000155-1-000247/2026;;2026-09-28 15:06:41.979660;Não informado
Prazo aberto no cadastro PNCP;Software sem marca / validar fornecimento;;MUNICIPIO DE VENANCIO AIRES;Departamento de Licitações e Compras;Municipal;Venâncio Aires;RS;Edital nº 041/2026;2026-10-16 08:59:00;2026-09-28 08:00:00;25589.48;20215.68;Pregão - Eletrônico;Não/não informado;[Portal de Compras Públicas] - Locação de Sistema de Gestão da Política de Assistência Social;"Marca/modelo ou modalidade não definidos na triagem. Conferir itens e TR; possibilidade de revenda não confirmada.";Cadastro de busca oficial PNCP + itens oficiais + detalhe da contratação;https://pncp.gov.br/app/editais/87334918000155/2026/245;https://www.portaldecompraspublicas.com.br/processos/RS/Prefeitura-Municipal-de-Venancio-Aires-122/PE-041-2026-2026-514339;https://pncp.gov.br/pncp-api/v1/orgaos/87334918000155/compras/2026/245/arquivos/1;;87334918000155-1-000245/2026;;2026-09-25 21:20:59.759083;Não informado
Prazo aberto no cadastro PNCP;Software sem marca / validar fornecimento;;FUNDACAO NACIONAL DO INDIO;FUNAI-ADMINISTRACAO REGIONAL DE PARINTINS/AM;Federal;Parintins;AM;Edital nº 17/2026;2026-10-16 09:00:00;2026-09-30 09:00:00;1959310.63;1547855.39;Pregão - Eletrônico;Não/não informado;Contratação de serviços contínuos de SERVIÇO DE CONTROLE DE ABASTECIMENTO E FORNECIMENTO DE LUBRIFICANTES mediante sistema informatizado, em rede credenciada de postos, nos termos da tabela constante no item 1 do Termo de referência - anexo I, conforme condições e exigências estabelecidas neste instrumento.;"Marca/modelo ou modalidade não definidos na triagem. Conferir itens e TR; possibilidade de revenda não confirmada.";API oficial PNCP de propostas abertas (varredura por UF) + itens oficiais + detalhe da contratação;https://pncp.gov.br/app/editais/00059311000126/2026/350;https://cnetmobile.estaleiro.serpro.gov.br/comprasnet-web/public/compras/acompanhamento-compra?compra=19406205000172026;https://pncp.gov.br/pncp-api/v1/orgaos/00059311000126/compras/2026/350/arquivos/1;;00059311000126-1-000350/2026;;2026-09-30 04:00:05;Não informado
Prazo aberto no cadastro PNCP;Software sem marca / validar fornecimento;;MUNICIPIO DE MONTE CARMELO;SECRETARIA DA FAZENDA ;Municipal;Monte Carmelo;MG;Edital nº 34/2026;2026-10-16 09:00:00;2026-09-30 09:00:00;74804.32;59095.41;Pregão - Eletrônico;Não/não informado;AQUISIÇÃO DE APARELHO DE TESTE ERGOMÉTRICO, COMPOSTO POR ESTEIRA ERGOMÉTRICA, ELETROCARDIÓGRAFO DE ESFORÇO, SOFTWARE COM LICENÇA DE USO, CABOS DE COMUNICAÇÃO E DE PACIENTE, INCLUINDO INSTALAÇÃO, CONFIGURAÇÃO, TESTES OPERACIONAIS E TREINAMENTO, ATENDENDO À SOLICITAÇÃO DA SECRETARIA MUNICIPAL DE SAÚDE DE MONTE CARMELO/MG.;"Marca/modelo ou modalidade não definidos na triagem. Conferir itens e TR; possibilidade de revenda não confirmada.";Cadastro de busca oficial PNCP + itens oficiais + detalhe da contratação;https://pncp.gov.br/app/editais/18593103000178/2026/798;www.licitanet.com.br;https://pncp.gov.br/pncp-api/v1/orgaos/18593103000178/compras/2026/798/arquivos/1;https://pncp.gov.br/pncp-api/v1/orgaos/18593103000178/compras/2026/798/arquivos/3;18593103000178-1-000798/2026;;2026-09-15 09:04:06.052671;Não informado
Prazo aberto no cadastro PNCP;Software sem marca / validar fornecimento;;MUNICIPIO DE PRATINHA;MUNICÍPIO DE PRATINHA/MG;Municipal;Pratinha;MG;Edital nº 029/2026;2026-10-16 09:00:00;2026-09-29 17:18:05;;;Pregão - Eletrônico;Não/não informado;[LICITANET] - CONTRATAÇÃO DE EMPRESA ESPECIALIZADA PARA IMPLANTAÇÃO, INTERMEDIAÇÃO, ADMINISTRAÇÃO E GERENCIAMENTO DE SISTEMA INFORMATIZADO E INTEGRADO, VIA WEB, ONLINE E EM TEMPO REAL, COM UTILIZAÇÃO DE REDE CREDENCIADA DE AUTOPEÇAS, DESTINADO EXCLUSIVAMENTE À AQUISIÇÃO DE PEÇAS, COMPONENTES, ACESSÓRIOS E MATERIAIS AUTOMOTIVOS NECESSÁRIOS À MANUTENÇÃO PREVENTIVA E CORRETIVA DOS VEÍCULOS, MÁQUINAS E EQUIPAMENTOS DA FROTA DO MUNICÍPIO DE PRATINHA/MG, SEM INCLUSÃO DE MÃO DE OBRA OU SERVIÇOS DE MANUTENÇÃO.;"Marca/modelo ou modalidade não definidos na triagem. Conferir itens e TR; possibilidade de revenda não confirmada.";API oficial PNCP de propostas abertas (varredura por UF) + itens oficiais + detalhe da contratação;https://pncp.gov.br/app/editais/18585570000156/2026/67;https://licitanet.com.br/sessao/203245;https://pncp.gov.br/pncp-api/v1/orgaos/18585570000156/compras/2026/67/arquivos/1;;18585570000156-1-000067/2026;;2026-09-29 17:18:15;Não informado
Prazo aberto no cadastro PNCP;Software sem marca / validar fornecimento;;SAO PAULO SECRETARIA DA ADMINISTRACAO PENITENCIARIA;ESP-DEPARTAMENTO DE ADMINISTRACAO  ADM.PENIT3;Estadual;São Paulo;SP;Edital nº 69/2026;2026-10-16 09:00:00;2026-10-01 08:00:00;943766.36;745575.42;Pregão - Eletrônico;Não/não informado;Serviços de licenciamento de software corporativo e gestão de backup, na modalidade subscrição.;"Marca/modelo ou modalidade não definidos na triagem. Conferir itens e TR; possibilidade de revenda não confirmada.";Cadastro de busca oficial PNCP + itens oficiais + detalhe da contratação;https://pncp.gov.br/app/editais/96291141000180/2026/6504;https://cnetmobile.estaleiro.serpro.gov.br/comprasnet-web/public/compras/acompanhamento-compra?compra=38024705000692026;https://pncp.gov.br/pncp-api/v1/orgaos/96291141000180/compras/2026/6504/arquivos/1;;96291141000180-1-006504/2026;;2026-09-30 15:56:57.737938;Não informado
Prazo aberto no cadastro PNCP;Software sem marca / validar fornecimento;;MUNICIPIO DE ARAPOTI;PREFEITURA MUNICIPAL DE ARAPOTI - PR;Municipal;Arapoti;PR;Edital nº 050/2026;2026-10-16 09:30:00;2026-10-01 08:00:00;0.25;0.19;Pregão - Eletrônico;Não/não informado;Aquisição de material de construção, através de implantação, intermediação e administração de um sistema informatizado e integrado via web, online e real time, de gerenciamento para aquisição de insumos para manutenção de bens imóveis, em geral, insumos de construção civil, materiais elétricos eletrônicos, materiais hidráulicos, material de proteção e segurança EPI's, ferramentas, material de sinalização e afins;"Marca/modelo ou modalidade não definidos na triagem. Conferir itens e TR; possibilidade de revenda não confirmada.";API oficial PNCP de propostas abertas (varredura por UF) + itens oficiais + detalhe da contratação;https://pncp.gov.br/app/editais/75658377000131/2026/132;https://bllcompras.com/Process/ProcessView?param1=[gkz]ON1Jz5Q99cjYTo/kaNqWWJH9tNKVlh7O0pIV3KUaj40/B79jF_ZfXV88B5PWNUGjoP2eCCxyNC5DWbRx_oBxLQEhQRAyXqu7JcFkSAODvrY=;https://pncp.gov.br/pncp-api/v1/orgaos/75658377000131/compras/2026/132/arquivos/1;;75658377000131-1-000132/2026;;2026-09-29 17:06:25;Não informado
Prazo aberto no cadastro PNCP;Software sem marca / validar fornecimento;;INSTITUTO DE PREVIDENCIA DO MUNICIPIO DE JUNDIAI;IPREJUN;Municipal;Jundiaí;SP;Edital nº IPREJUN-2026-9-14/2026;2026-10-16 09:30:00;2026-09-30 10:00:00;133316.4;105319.95;Pregão - Eletrônico;Não/não informado;CONTRATACÃO DE LICENCA DE USO DE SOFTWARE ESPECIALIZADO EM ANÁLISE, ACOMPANHAMENTO E GESTÃO DE PRODUTOS E CARTEIRA DE INVESTIMENTOS.;"Marca/modelo ou modalidade não definidos na triagem. Conferir itens e TR; possibilidade de revenda não confirmada.";Cadastro de busca oficial PNCP + itens oficiais + detalhe da contratação;https://pncp.gov.br/app/editais/05507216000161/2026/53;https://compraaberta.jundiai.sp.gov.br/licitacoes/;https://pncp.gov.br/pncp-api/v1/orgaos/05507216000161/compras/2026/53/arquivos/1;;05507216000161-1-000053/2026;;2026-09-29 12:24:25.184654;Não informado
Prazo aberto no cadastro PNCP;Software sem marca / validar fornecimento;;MUNICIPIO DE CORURIPE;SECRETARIA MUNICIPAL DE SAÚDE;Municipal;Coruripe;AL;Edital nº 010.01/2026;2026-10-16 10:00:00;2026-10-01 08:00:00;;;Pregão - Eletrônico;Sim;"CONTRATAÇÃO DE EMPRESA ESPECIALIZADA NA PRESTAÇÃO DE SERVIÇOS DE LOCAÇÃO SOFTWARE
HOSPEDADO EM NUVEM, NA MODALIDADE SOFTWARE AS A SERVICE (SAAS), DESTINADO À GESTÃO
INTEGRADA DAS UNIDADES DE SAÚDE VINCULADAS À SECRETARIA MUNICIPAL DE SAÚDE DO
MUNICÍPIO DE CORURIPE/AL";"Marca/modelo ou modalidade não definidos na triagem. Conferir itens e TR; possibilidade de revenda não confirmada.";Cadastro de busca oficial PNCP + itens oficiais + detalhe da contratação;https://pncp.gov.br/app/editais/12264230000147/2026/65;;https://pncp.gov.br/pncp-api/v1/orgaos/12264230000147/compras/2026/65/arquivos/1;;12264230000147-1-000065/2026;;2026-10-01 11:16:27.289058;Não informado
Prazo aberto no cadastro PNCP;Software sem marca / validar fornecimento;;TRIBUNAL DE JUSTICA DO ESTADO DO CEARA;TRIBUNAL DE JUSTIÇA DO ESTADO DO CEARÁ;Estadual;Fortaleza;CE;Edital nº ED-037/2026-6/2026;2026-10-16 10:00:00;2026-09-30 08:00:00;1023028.89;808192.82;Pregão - Eletrônico;Não/não informado;Contratação de empresa especializada para prestação de SERVIÇOS DE ADMINISTRAÇÃO E GERENCIAMENTO DE FROTA COM MANUTENÇÃO DE VEÍCULOS, envolvendo a IMPLANTAÇÃO E OPERAÇÃO de um SISTEMA INFORMATIZADO E INTEGRADO de GESTÃO DE FROTA, por meio de CARTÃO ELETRÔNICO com chip OU CARTÃO COM TARJA MAGNÉTICA, a fim de viabilizar o pagamento das despesas com manutenção, junto à rede credenciada de oficinas e concessionárias, compreendendo os SERVIÇOS DE MECÂNICA GERAL, FORNECIMENTO DE PEÇAS E ACESSÓRIOS para veículos da frota, pelo período de 36 (TRINTA E SEIS) MESES, a fim de atender as necessidades do Tribunal de Justiça do Estado do Ceará.;"Marca/modelo ou modalidade não definidos na triagem. Conferir itens e TR; possibilidade de revenda não confirmada.";API oficial PNCP de propostas abertas (varredura por UF) + itens oficiais + detalhe da contratação;https://pncp.gov.br/app/editais/09444530000101/2026/117;;https://pncp.gov.br/pncp-api/v1/orgaos/09444530000101/compras/2026/117/arquivos/1;https://pncp.gov.br/pncp-api/v1/orgaos/09444530000101/compras/2026/117/arquivos/4;09444530000101-1-000117/2026;;2026-09-28 10:21:06;Não informado
Prazo aberto no cadastro PNCP;Software sem marca / validar fornecimento;;TRIBUNAL DE JUSTICA DO ESTADO DO CEARA;TRIBUNAL DE JUSTICA DO ESTADO DO CEARA;Estadual;Fortaleza;CE;Edital nº 037/2026/2026;2026-10-16 10:00:00;2026-10-01 08:00:00;1023028.89;808192.82;Pregão - Eletrônico;Não/não informado;Contratação de empresa especializada para prestação de SERVIÇOS DE ADMINISTRAÇÃO E GERENCIAMENTO DE FROTA COM MANUTENÇÃO DE VEÍCULOS, envolvendo a IMPLANTAÇÃO E OPERAÇÃO de um SISTEMA INFORMATIZADO E INTEGRADO de GESTÃO DE FROTA, por meio de CARTÃO ELETRÔNICO com chip OU CARTÃO COM TARJA MAGNÉTICA, a fim de viabilizar o pagamento das despesas com manutenção, junto à rede credenciada de oficinas e concessionárias, compreendendo os SERVIÇOS DE MECÂNICA GERAL, FORNECIMENTO DE PEÇAS E ACESSÓRIOS para veículos da frota, pelo período de 36 (TRINTA E SEIS) MESES, a fim de atender as necessidades do Tribunal de Justiça do Estado do Ceará, conforme especificações, quantitativos e condições estabelecidos neste Edital e seus anexos.;"Marca/modelo ou modalidade não definidos na triagem. Conferir itens e TR; possibilidade de revenda não confirmada.";API oficial PNCP de propostas abertas (varredura por UF) + itens oficiais + detalhe da contratação;https://pncp.gov.br/app/editais/09444530000101/2026/118;https://licitacoes-e2.bb.com.br/aop-inter-estatico/visualizar-processo-publico/1101374;https://pncp.gov.br/pncp-api/v1/orgaos/09444530000101/compras/2026/118/arquivos/1;;09444530000101-1-000118/2026;;2026-09-28 18:40:07;Não informado
Prazo aberto no cadastro PNCP;Software sem marca / validar fornecimento;;SECRETARIA MUNICIPAL DE INFRAESTRUTURA URBANA E OBRAS;PMSP - SECRETARIA DE INFRAEST. URBANA E OBRAS;Municipal;São Paulo;SP;Edital nº 78/2026;2026-10-16 11:00:00;2026-10-01 09:00:00;150313612.35;118747753.75;Pregão - Eletrônico;Não/não informado;Registro de Preço para a contratação de empresa para prestação de serviços de vigilância e segurança patrimonial desarmada e/ou motorizada e, vigilância eletrônica através do monitoramento remoto, com apoio administrativo e suporte tecnológico (software e Hardware) para geração de dados, fiscalização e controle de qualidade dos serviços conforme demanda a serem prestados por razões de interesse público, sob a responsabilidade da Secretaria Municipal de Infraestrutura Urbana e Obras – SIURB.;"Marca/modelo ou modalidade não definidos na triagem. Conferir itens e TR; possibilidade de revenda não confirmada.";Cadastro de busca oficial PNCP + itens oficiais + detalhe da contratação;https://pncp.gov.br/app/editais/46392171000104/2026/72;https://cnetmobile.estaleiro.serpro.gov.br/comprasnet-web/public/compras/acompanhamento-compra?compra=92505805000782026;https://pncp.gov.br/pncp-api/v1/orgaos/46392171000104/compras/2026/72/arquivos/1;;46392171000104-1-000072/2026;;2026-09-30 12:13:30.375901;Não informado
Prazo aberto no cadastro PNCP;Software sem marca / validar fornecimento;;MUNICIPIO DE CACHOEIRO DE ITAPEMIRIM;Prefeitura Municipal de Cachoeiro de Itapemirim;Municipal;Cachoeiro de Itapemirim;ES;Edital nº 000034/2026;2026-10-16 12:59:00;2026-09-25 13:00:00;12.33;9.74;Pregão - Eletrônico;Não/não informado;Contratação de empresa especializada em gestão da manutenção da frota municipal, com sistema informatizado, para controle de manutenção preventiva e corretiva de veículos, máquinas e equipamentos, incluindo fornecimento de peças, insumos e serviços via rede credenciada. ;"Marca/modelo ou modalidade não definidos na triagem. Conferir itens e TR; possibilidade de revenda não confirmada.";API oficial PNCP de propostas abertas (varredura por UF) + itens oficiais + detalhe da contratação;https://pncp.gov.br/app/editais/27165588000190/2026/236;;https://pncp.gov.br/pncp-api/v1/orgaos/27165588000190/compras/2026/236/arquivos/1;;27165588000190-1-000236/2026;;2026-09-25 11:53:55;Não informado
Prazo aberto no cadastro PNCP;Software sem marca / validar fornecimento;;MUNICIPIO DE ANICUNS;PREFEITURA MUNICIPAL DE ANICUNS;Municipal;Anicuns;GO;Edital nº (11229) | 62-0/2026;2026-10-19 08:00:00;2026-09-28 10:00:00;40016.66;31613.16;Pregão - Eletrônico;Não/não informado;SOLICITA  A CONTRATAÇÃO DE SERVIÇOS TÉCNICOS ESPECIALIZADOS PARA O FORNECIMENTO DE LICENÇA DE USO TEMPORARIO DE SISTEMA INFORMATIZADO INTEGRADO PARA GESTÃO E CONFORMIDADE FISCAL MUNICIPAL EM NUVEM (SaaS), CONTEMPLANDO INTELIGÊNCIA FISCAL, PAINÉS EXECULTIVOS, VALIDADOR DE DEMONSTRATIVOS, MONITORAMENTO DE ADIMPLÊNCIA E INTELIGÊNCIA ARTIFICIAL SETORIAL, COM ACESSO VIA WEB E POR APLICATIVO MÓVEL ( ANDROID E iOS ), VISANDO ATENDER ÀS NECESSIDADES DA ADMINISTRAÇÃO MUNICIPAL DE ANICUNS;"Marca/modelo ou modalidade não definidos na triagem. Conferir itens e TR; possibilidade de revenda não confirmada.";Cadastro de busca oficial PNCP + itens oficiais + detalhe da contratação;https://pncp.gov.br/app/editais/02262368000153/2026/155;;https://pncp.gov.br/pncp-api/v1/orgaos/02262368000153/compras/2026/155/arquivos/1;;02262368000153-1-000155/2026;;2026-09-28 08:37:04.574934;Não informado
Prazo aberto no cadastro PNCP;Software sem marca / validar fornecimento;;MUNICIPIO DE GOIOERE;PREFEITURA MUNICIPAL DE GOIOERE - PR;Municipal;Goioerê;PR;Edital nº 21/2026;2026-10-19 08:00:00;2026-10-02 08:00:00;287565.0;227176.35;Pregão - Eletrônico;Sim;Registro de Preços visando contratações futuras de empresa especializada em prestação de serviços de manutenção preventiva, corretiva e periódica, incluindo o fornecimento de peças, acessórios, mão de obra e serviços elétricos em geral nos CAMINHÕES, que compõem a frota do Município de Goioerê, através de orçamentação eletrônica pelos SOFTWARE AUDATEX, MOLICAR, CÍLIA, ORION, SINIP OU OUTRO SIMILAR.;"Marca/modelo ou modalidade não definidos na triagem. Conferir itens e TR; possibilidade de revenda não confirmada.";Cadastro de busca oficial PNCP + itens oficiais + detalhe da contratação;https://pncp.gov.br/app/editais/78198975000163/2026/203;https://cnetmobile.estaleiro.serpro.gov.br/comprasnet-web/public/compras/acompanhamento-compra?compra=45148105000212026;https://pncp.gov.br/pncp-api/v1/orgaos/78198975000163/compras/2026/203/arquivos/1;;78198975000163-1-000203/2026;;2026-10-01 17:07:15.404425;Não informado
Prazo aberto no cadastro PNCP;Software sem marca / validar fornecimento;;MUNICIPIO DE ENTRE RIOS DO OESTE;PREFEITURA MUNUNICIPAL DE ENTRE RIOS DO OESTE;Municipal;Entre Rios do Oeste;PR;Edital nº 439/2026;2026-10-19 08:29:00;2026-10-02 08:00:00;1567500.0;1238325.0;Pregão - Eletrônico;Não/não informado;Contratação de Empresa especializada para prestação de serviços de gerenciamento da manutenção preventiva e corretiva da frota de veículos do Município de Entre Rios do Oeste, por meio de implantação de um sistema informatizado e integrado de gestão, incluindo fornecimento de peças, acessórios e materiais, através de rede credenciada de oficinas e estabelecimento do Setor de Reposição Automotiva, conforme quantidades e exigências estabelecidas neste instrumento e demais peças.;"Marca/modelo ou modalidade não definidos na triagem. Conferir itens e TR; possibilidade de revenda não confirmada.";API oficial PNCP de propostas abertas (varredura por UF) + itens oficiais + detalhe da contratação;https://pncp.gov.br/app/editais/95719449000110/2026/248;https://cnetmobile.estaleiro.serpro.gov.br/comprasnet-web/public/compras/acompanhamento-compra?compra=98552905004392026;https://pncp.gov.br/pncp-api/v1/orgaos/95719449000110/compras/2026/248/arquivos/1;https://pncp.gov.br/pncp-api/v1/orgaos/95719449000110/compras/2026/248/arquivos/2;95719449000110-1-000248/2026;;2026-10-01 15:13:26;Não informado
Prazo aberto no cadastro PNCP;Software sem marca / validar fornecimento;;MUNICIPIO DE ENTRE RIOS DO OESTE;Gabinete do Secretário;Municipal;Entre Rios do Oeste;PR;Edital nº PCE 55/2026;2026-10-19 08:29:00;2026-10-02 08:00:00;1567500.0;1238325.0;Pregão - Eletrônico;Não/não informado;Contratação é a Contratação de Empresa especializada para prestação de serviços de gerenciamento da manutenção preventiva e corretiva da frota de veículos do Município de Entre Rios do Oeste, por meio de implantação de um sistema informatizado e integrado de gestão, incluindo fornecimento de peças, acessórios e materiais, através de rede credenciada de oficinas e estabelecimento do Setor de Reposição Automotiva, conforme quantidades e exigências estabelecidas neste instrumento e demais peças.;"Marca/modelo ou modalidade não definidos na triagem. Conferir itens e TR; possibilidade de revenda não confirmada.";API oficial PNCP de propostas abertas (varredura por UF) + itens oficiais + detalhe da contratação;https://pncp.gov.br/app/editais/95719449000110/2026/249;;https://pncp.gov.br/pncp-api/v1/orgaos/95719449000110/compras/2026/249/arquivos/1;;95719449000110-1-000249/2026;;2026-10-01 15:15:58;Não informado
Prazo aberto no cadastro PNCP;Software sem marca / validar fornecimento;;CONSORCIO INTERFEDERATIVO MINAS GERAIS - CIMINAS;CONSORCIO INTERFEDERATIVO MINAS GERAIS - CIMINAS;Não se aplica;Araxá;MG;Edital nº 054/2026;2026-10-19 08:30:00;2026-10-02 10:24:32;117306515.76;92672147.45;Pregão - Eletrônico;Sim;[LICITANET] - CONTRATAÇÃO DE EMPRESA ESPECIALIZADA NA PRESTAÇÃO DE SERVIÇOS COMO CUIDADORES ESCOLARES, COM UTILIZAÇÃO DE SISTEMA INFORMATIZADO DE GESTÃO EM ATENDIMENTO AOS ÓRGÃOS DEMANDANTES.;"Marca/modelo ou modalidade não definidos na triagem. Conferir itens e TR; possibilidade de revenda não confirmada.";API oficial PNCP de propostas abertas (varredura por UF) + itens oficiais + detalhe da contratação;https://pncp.gov.br/app/editais/19493732000199/2026/109;https://licitanet.com.br/sessao/203349;https://pncp.gov.br/pncp-api/v1/orgaos/19493732000199/compras/2026/109/arquivos/1;;19493732000199-1-000109/2026;;2026-10-02 10:24:38;Não informado
Prazo aberto no cadastro PNCP;Software sem marca / validar fornecimento;;MUNICIPIO DE MORADA NOVA DE MINAS;Unidade Única;Municipal;Morada Nova de Minas;MG;Edital nº 42/2026;2026-10-19 09:00:00;2026-10-02 09:00:00;4200000.0;3318000.0;Pregão - Eletrônico;Sim;“REGISTRO DE PREÇO PARA EVENTUAL CONTRATAÇÃO DO SERVIÇO DE IMPLANTAÇÃO E OPERAÇÃO DE GERENCIAMENTO DE FROTA DE VEÍCULOS, MÁQUINAS E EQUIPAMENTOS DO MUNICÍPIO DE MORADA NOVA DE MINAS/MG, POR MEIO DE SISTEMA INFORMATIZADO, COM UTILIZAÇÃO DE TECNOLOGIA DE CARTÃO E/OU SENHAS, PARA ABASTECIMENTO, MANUTENÇÃO PREVENTIVA E CORRETIVA, INCLUINDO O FORNECIMENTO DE PEÇAS, COMPONENTES, ACESSÓRIOS E MATERIAIS, PARA ATENDER ÀS NECESSIDADES DA ADMINISTRAÇÃO.”;"Marca/modelo ou modalidade não definidos na triagem. Conferir itens e TR; possibilidade de revenda não confirmada.";API oficial PNCP de propostas abertas (varredura por UF) + itens oficiais + detalhe da contratação;https://pncp.gov.br/app/editais/18296665000150/2026/55;https://app2.licitardigital.com.br/pesquisa/115317;https://pncp.gov.br/pncp-api/v1/orgaos/18296665000150/compras/2026/55/arquivos/1;;18296665000150-1-000055/2026;;2026-10-02 09:01:00;Não informado
Prazo aberto no cadastro PNCP;Software sem marca / validar fornecimento;;MUNICIPIO DE PIUMHI;MUNICÍPIO DE PIUMHI/MG;Municipal;Piumhi;MG;Edital nº 69/2026;2026-10-19 09:00:00;2026-09-29 10:19:06;49.97;39.47;Pregão - Eletrônico;Sim;[LICITANET] - Contratação de empresa(s) prestadora(s) de serviços de manutenção preventiva e/ou corretiva para os veículos e máquinas da frota municipal, compreendendo alinhamento, balanceamento, manutenção radiadores, cronotacógrafo, borracharia, lanternagem e pintura, torno, solda e molas para atendimento às necessidades desta Prefeitura, mediante o maior desconto sobre o software do SISTEMA TRAZ VALOR.;"Marca/modelo ou modalidade não definidos na triagem. Conferir itens e TR; possibilidade de revenda não confirmada.";API oficial PNCP de propostas abertas (varredura por UF) + itens oficiais + detalhe da contratação;https://pncp.gov.br/app/editais/16781346000104/2026/186;https://licitanet.com.br/sessao/203127;https://pncp.gov.br/pncp-api/v1/orgaos/16781346000104/compras/2026/186/arquivos/1;;16781346000104-1-000186/2026;;2026-09-29 10:19:27;Não informado
Prazo aberto no cadastro PNCP;Software sem marca / validar fornecimento;;JOAO PESSOA TRIBUNAL DE JUSTICA DO ESTADO DA PARAIBA;TRIBUNAL DE JUSTIçA DO ESTADO DA PARAíBA;Estadual;João Pessoa;PB;Edital nº 145/2026;2026-10-19 09:00:00;2026-10-02 08:00:00;17012065.13;13439531.45;Pregão - Eletrônico;Não/não informado;Contratação de infraestrutura de hardware e software destinada à implantação do ambiente de Recuperação de Desastres (Disaster Recovery – DR) do Tribunal de Justiça da Paraíba (TJPB), compreendendo cluster de virtualização em arquitetura hiperconvergente (HCI) ou desagregada de nuvem privada (dHCI), switches de rede de datacenter, licenciamento da plataforma de virtualização e de orquestração de recuperação de desastres, renovação de suporte e subscrição de segurança perimetral e serviços técnicos de implantação e suporte especializado, conforme especificações técnicas, unidades de medida e quantidades definidas no Termo de Referência e em seus anexos;"Marca/modelo ou modalidade não definidos na triagem. Conferir itens e TR; possibilidade de revenda não confirmada.";Cadastro de busca oficial PNCP + itens oficiais + detalhe da contratação;https://pncp.gov.br/app/editais/09283185000163/2026/48;https://cnetmobile.estaleiro.serpro.gov.br/comprasnet-web/public/compras/acompanhamento-compra?compra=92622205001452026;https://pncp.gov.br/pncp-api/v1/orgaos/09283185000163/compras/2026/48/arquivos/2;;09283185000163-1-000048/2026;;2026-09-15 15:50:14.750149;Não informado
Prazo aberto no cadastro PNCP;Software sem marca / validar fornecimento;;MUNICIPIO DE AMERICO BRASILIENSE;DEPARTAMENTO DE ADMINISTRAÇÃO;Municipal;Américo Brasiliense;SP;Edital nº PCE 22/2026;2026-10-19 09:00:00;2026-10-02 09:00:00;840000.0;663600.0;Pregão - Eletrônico;Não/não informado;"contratação de empresa especializada
para disponibilização de software 100% WEB, em modelo Software as a Service - SaaS,
destinado à comunicação interna e externa, gestão eletrônica de documentos e processos
administrativos, central de atendimento, protocolo eletrônico, gerenciamento de atividades,
assinaturas eletrônicas, tramitação de atos oficiais e demais funcionalidades";"Marca/modelo ou modalidade não definidos na triagem. Conferir itens e TR; possibilidade de revenda não confirmada.";Cadastro de busca oficial PNCP + itens oficiais + detalhe da contratação;https://pncp.gov.br/app/editais/43976166000150/2026/84;;https://pncp.gov.br/pncp-api/v1/orgaos/43976166000150/compras/2026/84/arquivos/1;https://pncp.gov.br/pncp-api/v1/orgaos/43976166000150/compras/2026/84/arquivos/5;43976166000150-1-000084/2026;;2026-09-30 09:17:36.258009;Não informado
Prazo aberto no cadastro PNCP;Software sem marca / validar fornecimento;;CONDERG - CONS. DE DESENV. - HOSPITAL DIVINOLÂNDIA;CONSÓRCIO DE DESENVOLVIMENTO DA REGIÃO DE GOVERNO DE SÃO JOÃO DA BOA VISTA;Municipal;Divinolândia;SP;Edital nº 39/2026;2026-10-19 09:00:00;2026-10-02 09:00:00;184885.25;146059.34;Pregão - Eletrônico;Não/não informado;[Portal de Compras Públicas] - CONTRATAÇÃO DE EMPRESA ESPECIALIZADA NA PRESTAÇÃO DE SERVIÇOS DE FORNECIMENTO, IMPLANTAÇÃO, CUSTOMIZAÇÃO, TREINAMENTO, SUPORTE TÉCNICO E MANUTENÇÃO DE SISTEMA INFORMATIZADO PARA GESTÃO INTEGRADA E ESPECIALIZADA DA SAÚDE PÚBLICA DO CONDERG - SÃO SEBASTIÃO DA GRAMA;"Marca/modelo ou modalidade não definidos na triagem. Conferir itens e TR; possibilidade de revenda não confirmada.";Cadastro de busca oficial PNCP + itens oficiais + detalhe da contratação;https://pncp.gov.br/app/editais/52356268000245/2026/56;https://www.portaldecompraspublicas.com.br/processos/SP/CONSORCIO-DE-DESENVOLVIMENTO-DA-REGIAO-DE-GOVERNO-DE-SAO-JOAO-DA-BOA-VISTA-2252/PE-39-2026-2026-511120;https://pncp.gov.br/pncp-api/v1/orgaos/52356268000245/compras/2026/56/arquivos/1;;52356268000245-1-000056/2026;;2026-10-02 08:20:55.184073;Não informado
Prazo aberto no cadastro PNCP;Software sem marca / validar fornecimento;;CONDERG - CONS. DE DESENV. - HOSPITAL DIVINOLÂNDIA;CONSÓRCIO DE DESENVOLVIMENTO DA REGIÃO DE GOVERNO DE SÃO JOÃO DA BOA VISTA;Municipal;Divinolândia;SP;Edital nº 48/2026;2026-10-19 09:00:00;2026-10-02 09:00:00;131295.7;103723.6;Pregão - Eletrônico;Não/não informado;[Portal de Compras Públicas] - CONTRATAÇÃO DE EMPRESA ESPECIALIZADA NA PRESTAÇÃO DE SERVIÇOS DE FORNECIMENTO, IMPLANTAÇÃO, CUSTOMIZAÇÃO, TREINAMENTO, SUPORTE TÉCNICO E MANUTENÇÃO DE SISTEMA INFORMATIZADO PARA GESTÃO INTEGRADA E ESPECIALIZADA DA SAÚDE PÚBLICA DO CONDERG - AGUAÍ.;"Marca/modelo ou modalidade não definidos na triagem. Conferir itens e TR; possibilidade de revenda não confirmada.";API oficial PNCP de propostas abertas (varredura por UF) + itens oficiais + detalhe da contratação;https://pncp.gov.br/app/editais/52356268000245/2026/1;https://www.portaldecompraspublicas.com.br/processos/SP/CONSORCIO-DE-DESENVOLVIMENTO-DA-REGIAO-DE-GOVERNO-DE-SAO-JOAO-DA-BOA-VISTA-2252/PE-48-2026-2026-513856;https://pncp.gov.br/pncp-api/v1/orgaos/52356268000245/compras/2026/1/arquivos/1;;52356268000245-1-000001/2026;;2026-01-21 10:54:51;Não informado
Prazo aberto no cadastro PNCP;Software sem marca / validar fornecimento;;MUNICIPIO DE PENAPOLIS;Prefeitura Municipal de Penápolis;Municipal;Penápolis;SP;Edital nº 110/2026;2026-10-19 09:00:00;2026-10-01 09:00:00;35760.0;28250.4;Pregão - Eletrônico;Não/não informado;Contratação de empresa especializada para prestação de serviços técnicos de locação de softwares e serviços correlatos para gestão de trânsito, hospedados em Servidor de responsabilidade da CONTRATADA e desenvolvido para plataforma Web, bem como instalação local, armazenamento interno e comunicação com o servidor para plataforma Mobile, onde usuários autenticados podem acessar simultaneamente os sistemas para executar as competências estabelecidas no Artigo 24, da Lei Federal nº 9.503/1997 - Cód;"Marca/modelo ou modalidade não definidos na triagem. Conferir itens e TR; possibilidade de revenda não confirmada.";API oficial PNCP de propostas abertas (varredura por UF) + itens oficiais + detalhe da contratação;https://pncp.gov.br/app/editais/49576416000141/2026/304;https://bllcompras.com/Process/ProcessView?param1=[gkz]v5LapZx2Q2y/eP74Rj6SdjOMngepb53VGIuiewyleLPezcWOF_o8dFafViNLPYsjNaTRII0WxGrDjnApjrskVRRUTBpgmMaflJ1KjeWbFVw=;https://pncp.gov.br/pncp-api/v1/orgaos/49576416000141/compras/2026/304/arquivos/1;;49576416000141-1-000304/2026;;2026-10-01 08:37:34;Não informado
Prazo aberto no cadastro PNCP;Software sem marca / validar fornecimento;;MINISTERIO DA SAUDE;SUBSECRETARIA DE ASSUNTOS ADMINISTRATIVOS;Federal;Brasília;DF;Edital nº 328/2026;2026-10-19 09:30:00;2026-10-02 08:00:00;4615985.0;3646628.15;Pregão - Eletrônico;Sim;CESSÃO TEMPORÁRIA DE DIREITOS SOBRE PROGRAMAS DE COMPUTADOR LOCAÇÃO DE SOFTWARE;"Marca/modelo ou modalidade não definidos na triagem. Conferir itens e TR; possibilidade de revenda não confirmada.";Cadastro de busca oficial PNCP + itens oficiais + detalhe da contratação;https://pncp.gov.br/app/editais/00394544000185/2026/2161;https://cnetmobile.estaleiro.serpro.gov.br/comprasnet-web/public/compras/acompanhamento-compra?compra=25011005003282026;https://pncp.gov.br/pncp-api/v1/orgaos/00394544000185/compras/2026/2161/arquivos/1;https://pncp.gov.br/pncp-api/v1/orgaos/00394544000185/compras/2026/2161/arquivos/2;00394544000185-1-002161/2026;;2026-10-02 04:00:13.618160;Não informado
Prazo aberto no cadastro PNCP;Software sem marca / validar fornecimento;;MINISTERIO PUBLICO DO ESTADO DE SANTA CATARINA PROCURADORIA GERAL DE JUSTICA;MINISTERIO PUBLICO ESTADO SANTA CATARINA;Estadual;Florianópolis;SC;Edital nº 36/2026/MP/2026;2026-10-19 13:00:00;2026-10-02 12:00:00;843636.93;666473.17;Pregão - Eletrônico;Não/não informado;Contratação de empresa para prestação de serviços técnico-profissionais especializados, com dedicação exclusiva de mão de obra, por meio de postos de trabalho de Engenheiro Supervisor, Engenheiro (Mecânico e/ou Eletricista), Engenheiro de Software, Tecnólogo em Construção Civil e Técnico de Nível Médio, a serem realizados junto à Coordenadoria de Engenharia e Arquitetura (COENG) do Ministério Público de Santa Catarina (MPSC).;"Marca/modelo ou modalidade não definidos na triagem. Conferir itens e TR; possibilidade de revenda não confirmada.";Cadastro de busca oficial PNCP + itens oficiais + detalhe da contratação;https://pncp.gov.br/app/editais/76276849000154/2026/359;https://licitacoes-e2.bb.com.br/aop-inter-estatico/visualizar-processo-publico/1101785;https://pncp.gov.br/pncp-api/v1/orgaos/76276849000154/compras/2026/359/arquivos/1;;76276849000154-1-000359/2026;;2026-10-02 11:36:33.030505;Não informado
Prazo aberto no cadastro PNCP;Software sem marca / validar fornecimento;;MUNICIPIO DE ESTRELA;SECRETARIA MUN FAZENDA;Municipal;Estrela;RS;Edital nº PCE 25/2026;2026-10-19 23:59:00;2026-10-02 08:00:00;112573.08;88932.73;Pregão - Eletrônico;Não/não informado;SERVIÇO DE IMPLANTAÇÃO E MANUTENÇÃO DE SISTEMA SOFTWARE PARA O ICMS.;"Marca/modelo ou modalidade não definidos na triagem. Conferir itens e TR; possibilidade de revenda não confirmada.";Cadastro de busca oficial PNCP + itens oficiais + detalhe da contratação;https://pncp.gov.br/app/editais/87246120000151/2026/201;;https://pncp.gov.br/pncp-api/v1/orgaos/87246120000151/compras/2026/201/arquivos/1;;87246120000151-1-000201/2026;;2026-10-01 10:19:27.732321;Não informado
Prazo aberto no cadastro PNCP;Software sem marca / validar fornecimento;;MUNICIPIO DE ESTRELA;Prefeitura Municipal de Estrela;Municipal;Estrela;RS;Edital nº 025/2026;2026-10-19 23:59:00;2026-10-02 08:00:00;112573.08;88932.73;Pregão - Eletrônico;Não/não informado;[Portal de Compras Públicas] - SERVIÇO DE IMPLANTAÇÃO E MANUTENÇÃO DE SISTEMA SOFTWARE PARA GERENCIAMENTO DE ICMS;"Marca/modelo ou modalidade não definidos na triagem. Conferir itens e TR; possibilidade de revenda não confirmada.";Cadastro de busca oficial PNCP + itens oficiais + detalhe da contratação;https://pncp.gov.br/app/editais/87246120000151/2026/200;https://www.portaldecompraspublicas.com.br/processos/RS/Prefeitura-Municipal-de-Estrela-3235/PE-025-2026-2026-515086;https://pncp.gov.br/pncp-api/v1/orgaos/87246120000151/compras/2026/200/arquivos/1;;87246120000151-1-000200/2026;;2026-10-01 10:13:03.028285;Não informado
Prazo aberto no cadastro PNCP;Software sem marca / validar fornecimento;;SECRETARIA DE ESTADO DA SAUDE;SECRETARIA DE ESTADO DA SAÚDE;Estadual;Vitória;ES;Edital nº 397-2/2026;2026-10-20 08:00:00;2026-10-05 08:00:00;92700.0;73233.0;Pregão - Eletrônico;Não/não informado;Licença de Software para Gestão da Qualidade do LACEN-ES.;"Marca/modelo ou modalidade não definidos na triagem. Conferir itens e TR; possibilidade de revenda não confirmada.";Cadastro de busca oficial PNCP + itens oficiais + detalhe da contratação;https://pncp.gov.br/app/editais/27080605000196/2026/1300;;https://pncp.gov.br/pncp-api/v1/orgaos/27080605000196/compras/2026/1300/arquivos/1;;27080605000196-1-001300/2026;;2026-10-02 11:49:11.842506;Não informado
Prazo aberto no cadastro PNCP;Software sem marca / validar fornecimento;;SUPERINTENDENCIA DE AGUA E ESGOTOS DE ITUIUTABA;SUPERINTENDÊNCIA DE ÁGUA E ESGOTOS DE ITUIUTABA/MG;Municipal;Ituiutaba;MG;Edital nº 043/2026;2026-10-20 08:00:00;2026-10-02 13:45:11;214354.58;169340.11;Pregão - Eletrônico;Não/não informado;"[LICITANET] - Contratação de
empresa especializada para fornecimento de solução de PABX Virtual em nuvem, no modelo
Software as a Service (SaaS), utilizando tecnologia VoIP (Voz sobre IP) e protocolo SIP, para
modernização da comunicação institucional da Autarquia, conforme especificações técnicas, memoriais descritivos, lista de materiais e condições de fornecimento constantes do Anexo I -
Termo de Referência.";"Marca/modelo ou modalidade não definidos na triagem. Conferir itens e TR; possibilidade de revenda não confirmada.";Cadastro de busca oficial PNCP + itens oficiais + detalhe da contratação;https://pncp.gov.br/app/editais/17819061000188/2026/85;https://licitanet.com.br/sessao/203682;https://pncp.gov.br/pncp-api/v1/orgaos/17819061000188/compras/2026/85/arquivos/1;;17819061000188-1-000085/2026;;2026-10-02 13:45:17.818341;Não informado
Prazo aberto no cadastro PNCP;Software sem marca / validar fornecimento;;CONSORCIO INTERMUN. DE SAUDE DA M DO VALE DO SUACUI;Unidade Única;Não se aplica;Santa Maria do Suaçuí;MG;Edital nº 007/2026;2026-10-20 08:00:00;2026-10-02 08:00:00;530000.0;418700.0;Pregão - Eletrônico;Não/não informado;Registro de Preços para futura e eventual contratação de empresa especializada na implantação, operação e administração de sistema informatizado e integrado de gerenciamento da frota de veículos do Consórcio Intermunicipal de Saúde do Vale do Suaçuí – CISVAS, mediante disponibilização de plataforma tecnológica e rede de estabelecimentos credenciados, visando a manutenção preventiva e corretiva, o fornecimento de peças, a prestação de serviços automotivos e o abastecimento de combustíveis;"Marca/modelo ou modalidade não definidos na triagem. Conferir itens e TR; possibilidade de revenda não confirmada.";API oficial PNCP de propostas abertas (varredura por UF) + itens oficiais + detalhe da contratação;https://pncp.gov.br/app/editais/00794962000160/2026/15;https://app2.licitardigital.com.br/pesquisa/115232;https://pncp.gov.br/pncp-api/v1/orgaos/00794962000160/compras/2026/15/arquivos/1;;00794962000160-1-000015/2026;;2026-10-01 10:50:43;Não informado
Prazo aberto no cadastro PNCP;Software sem marca / validar fornecimento;;MUNICIPIO DE URUGUAIANA;PREFEITURA MUNICIPAL;Municipal;Uruguaiana;RS;Edital nº 61 | Processo 20460/2026;2026-10-20 08:00:00;2026-10-02 08:00:00;23514.0;18576.06;Pregão - Eletrônico;Não/não informado;Licenca  de uso  por tempo de sistema web para o Portal da Prefeitura de Uruguaiana  RS;"Marca/modelo ou modalidade não definidos na triagem. Conferir itens e TR; possibilidade de revenda não confirmada.";Cadastro de busca oficial PNCP + itens oficiais + detalhe da contratação;https://pncp.gov.br/app/editais/88131164000107/2026/151; ;https://pncp.gov.br/pncp-api/v1/orgaos/88131164000107/compras/2026/151/arquivos/1;;88131164000107-1-000151/2026;;2026-10-01 12:56:03.421997;Não informado
Prazo aberto no cadastro PNCP;Software sem marca / validar fornecimento;;MUNICIPIO DE BALSAS;Secretaria Municipal de Finanças, Planejamento e Gestão Tributária;Municipal;Balsas;MA;Edital nº 31/2026;2026-10-20 08:29:00;2026-10-01 17:00:00;;;Pregão - Eletrônico;Sim;Registro de Preços para contratação de empresa especializada em gerenciamento de manutenção preventiva e corretiva da frota municipal, mediante sistema informatizado e rede credenciada de estabelecimentos.;"Marca/modelo ou modalidade não definidos na triagem. Conferir itens e TR; possibilidade de revenda não confirmada.";API oficial PNCP de propostas abertas (varredura por UF) + itens oficiais + detalhe da contratação;https://pncp.gov.br/app/editais/06441430000125/2026/118;https://bnccompras.com/Process/ProcessView?param1=[gkz]Fsfb_ZTfOamXvP8v_Ql7UgWMyiJbXRb/N2ITPCuU3iouBSihYS6TRnS9kvlm4c45cZWcH9TSM1IV/KlAc9n2mteJmVrDeRivSERQ4ViYjfA=;https://pncp.gov.br/pncp-api/v1/orgaos/06441430000125/compras/2026/118/arquivos/1;;06441430000125-1-000118/2026;;2026-10-01 16:58:39;Não informado
Prazo aberto no cadastro PNCP;Software sem marca / validar fornecimento;;MUNICIPIO DE TRES RANCHOS;PREFEITURA MUNICIPAL DE TRES RANCHOS;Municipal;Três Ranchos;GO;Edital nº (3688) | 15-0/2026;2026-10-20 08:59:00;2026-10-06 08:00:00;218528.68;172637.65;Pregão - Eletrônico;Não/não informado;Contratação de empresa especializada para disponibilização, mediante locação, de sistema de geração distribuída de energia elétrica de fonte fotovoltaica, já instalado e regularizado, destinado à geração e disponibilização de créditos de energia elétrica para compensação nas unidades consumidoras do Município de Três Ranchos – GO.;"Marca/modelo ou modalidade não definidos na triagem. Conferir itens e TR; possibilidade de revenda não confirmada.";Cadastro de busca oficial PNCP + itens oficiais + detalhe da contratação;https://pncp.gov.br/app/editais/01304286000161/2026/94;;https://pncp.gov.br/pncp-api/v1/orgaos/01304286000161/compras/2026/94/arquivos/1;;01304286000161-1-000094/2026;;2026-10-02 16:18:31.088236;Não informado
Prazo aberto no cadastro PNCP;Software sem marca / validar fornecimento;;CONSORCIO INTERMUNICIPAL DE SAUDE DO ALTO DO RIO PARA;Unidade Única;Não se aplica;Pará de Minas;MG;Edital nº 18/2026;2026-10-20 09:00:00;2026-10-06 09:00:00;53462618.61;42235468.7;Pregão - Eletrônico;Sim;Registro de Preços para eventual contratação de empresa especializada na prestação de serviços técnicos especializados de gestão patrimonial imobiliária, compreendendo a identificação, o levantamento, o cadastramento, o inventário, a avaliação, a regularização, a organização, a atualização e o gerenciamento do patrimônio imobiliário público, mediante a execução de serviços técnicos especializados, disponibilização de plataforma tecnológica em ambiente de computação em nuvem (Software as a Service – SaaS), suporte técnico continuado, capacitação de usuários e demais serviços correlatos necessários à adequada gestão dos bens imóveis dos Municípios integrantes do Consórcio Intermunicipal de Saúde e Serviços do Alto Rio Pará – CISPARÁ, conforme condições, especificações e exigências estabelecidas no Termo de Referência. ;"Marca/modelo ou modalidade não definidos na triagem. Conferir itens e TR; possibilidade de revenda não confirmada.";Cadastro de busca oficial PNCP + itens oficiais + detalhe da contratação;https://pncp.gov.br/app/editais/01260691000125/2026/31;https://app2.ammlicita.org.br/pesquisa/115412;https://pncp.gov.br/pncp-api/v1/orgaos/01260691000125/compras/2026/31/arquivos/1;;01260691000125-1-000031/2026;;2026-10-02 12:22:24.320218;Não informado
Prazo aberto no cadastro PNCP;Software sem marca / validar fornecimento;;SERVICO AUTONOMO DE AGUA E ESGOTO DE SAO GABRIEL DOESTE;Serviço Autônomo de Água e Esgoto de São Gabriel do Oeste;Municipal;São Gabriel do Oeste;MS;Edital nº 011/2026;2026-10-20 09:00:00;2026-10-02 09:00:00;423151.0;334289.29;Pregão - Eletrônico;Não/não informado;[Portal de Compras Públicas] - Contratação de empresa para o fornecimento, em caráter não exclusivo, de Cessão de Direito de Uso, por prazo determinado, de software de autoria própria com interface única para Gestão Comercial e de Serviço Operacional em ambiente 100% web, sistema de informações geográficas (SIG/GIS) e prestação dos serviços técnicos especializados de: customização, treinamento, migração de dados, implantação, integrações Web API, manutenção e suporte técnico ao sistema, contemplando os seguintes processos: Cadastramento, Atendimento ao Público, Serviços, Micromedição, Faturamento, Arrecadação, Cobrança, Financeiro, Relatórios, Analytics, Fiscalização, Jurídico, Controle de acesso e Auditoria, Qualidade de Água, BI (Business Intelligence) e Omnichannel que permita integração com os diversos meios de comunicação, tais como webchat, Whatsapp, Facebook Messenger e totens.;"Marca/modelo ou modalidade não definidos na triagem. Conferir itens e TR; possibilidade de revenda não confirmada.";Cadastro de busca oficial PNCP + itens oficiais + detalhe da contratação;https://pncp.gov.br/app/editais/15553985000150/2026/45;https://www.portaldecompraspublicas.com.br/processos/MS/Servico-Autonomo-de-Agua-e-Esgoto-de-Sao-Gabriel-do-Oeste-3728/PE-011-2026-2026-515422;https://pncp.gov.br/pncp-api/v1/orgaos/15553985000150/compras/2026/45/arquivos/1;;15553985000150-1-000045/2026;;2026-10-01 09:15:18.313765;Não informado
Prazo aberto no cadastro PNCP;Software sem marca / validar fornecimento;;TRIBUNAL DE CONTAS DO ESTADO DE PERNAMBUCO;Diretoria Geral;Estadual;Recife;PE;Edital nº 73/2026;2026-10-20 09:00:00;2026-10-01 08:30:00;3570138.0;2820409.02;Pregão - Eletrônico;Não/não informado;PC.72.2026.Pregão.07.2026 - Prestação de serviços de agenciamento de viagens, compreendendo reserva, emissão, remarcação, cancelamento e entrega de bilhetes de passagens aéreas nacionais e internacionais e disponibilização de sistema informatizado de gestão via web (Self-Booking e Self-Ticket) (SC.017);"Marca/modelo ou modalidade não definidos na triagem. Conferir itens e TR; possibilidade de revenda não confirmada.";API oficial PNCP de propostas abertas (varredura por UF) + itens oficiais + detalhe da contratação;https://pncp.gov.br/app/editais/11435633000149/2026/74;www.peintegrado.pe.gov.br/Portal/Pages/LicitacoesEmAndamento.aspx?ncdmodulo=18&sdsprocesso=0073.2026.GLCD.PE.0011.TCE-PE&nCdProcesso=31972&nCdSituacao=1;https://pncp.gov.br/pncp-api/v1/orgaos/11435633000149/compras/2026/74/arquivos/1;;11435633000149-1-000074/2026;;2026-10-01 07:55:15;Não informado
Prazo aberto no cadastro PNCP;Software sem marca / validar fornecimento;;SECRETARIA DE ESTADO DE INDUSTRIA, CIENCIA E TECNOLOGIA;EAC-SECRETARIA DE EST.INDÚST.CIÊNCIA E TECNOL;Estadual;Rio Branco;AC;Edital nº 27/2026;2026-10-20 09:15:00;2026-10-05 10:00:00;;;Pregão - Eletrônico;Sim;Registro de Preços visando a contratação de empresa especializada na prestação de serviços de infraestrutura para eventos oficiais, incluindo a locação de tendas, treliças, sistemas de iluminação, energização, sonorização, arquibancadas, climatizadores e stands, com fornecimento de montagem e desmontagem. Os serviços destinam-se ao atendimento das demandas da Diretoria de Eventos Oficiais da Secretaria de Estado da Casa Civil, assegurando a adequada realização de cerimônias, conforme TR. ;"Marca/modelo ou modalidade não definidos na triagem. Conferir itens e TR; possibilidade de revenda não confirmada.";Cadastro de busca oficial PNCP + itens oficiais + detalhe da contratação;https://pncp.gov.br/app/editais/16958425000148/2026/330;https://cnetmobile.estaleiro.serpro.gov.br/comprasnet-web/public/compras/acompanhamento-compra?compra=92799605000272026;https://pncp.gov.br/pncp-api/v1/orgaos/16958425000148/compras/2026/330/arquivos/1;;16958425000148-1-000330/2026;;2026-07-27 11:55:34.936964;Não informado
Prazo aberto no cadastro PNCP;Software sem marca / validar fornecimento;;MUNICIPIO DE CICERO DANTAS;MUNICÍPIO DE CÍCERO DANTAS/BA;Municipal;Cícero Dantas;BA;Edital nº 030/2026;2026-10-20 11:00:00;2026-10-05 09:57:12;153309.0;121114.11;Pregão - Eletrônico;Sim;[LICITANET] - CONTRATAÇÃO DE EMPRESA ESPECIALIZADA PARA LOCAÇÃO E LICENCIAMENTO DE SISTEMA, PARA GERENCIAMENTO DO DIÁRIO OFICIAL ELETRÔNICO DO MUNICÍPIO E DO PORTAL DA TRANSPARÊNCIA, EM ATENDIMENTO À LEI DE ACESSO À INFORMAÇÃO (LEI Nº 12.527/2011), À LEI COMPLEMENTAR Nº 131/2009, À RESOLUÇÃO TCM/BA Nº 1426/2021 E AOS CRITÉRIOS DO PROGRAMA NACIONAL DE TRANSPARÊNCIA PÚBLICA – PNTP (RADAR DA TRANSPARÊNCIA – ATRICON/TRIBUNAIS DE CONTAS), E PARA O ENVIO, PUBLICAÇÃO, COMPROVAÇÃO E CONTROLE DE PUBLICAÇÕES AVULSAS DE ATOS OFICIAIS NO DIÁRIO OFICIAL DA UNIÃO, VISANDO ATENDER AS NECESSIDADES DO MUNICÍPIO DE CÍCERO DANTAS;"Marca/modelo ou modalidade não definidos na triagem. Conferir itens e TR; possibilidade de revenda não confirmada.";Cadastro de busca oficial PNCP + itens oficiais + detalhe da contratação;https://pncp.gov.br/app/editais/13808613000100/2026/75;https://licitanet.com.br/sessao/203754;https://pncp.gov.br/pncp-api/v1/orgaos/13808613000100/compras/2026/75/arquivos/1;;13808613000100-1-000075/2026;;2026-10-05 09:57:16.379502;Não informado
Prazo aberto no cadastro PNCP;Software sem marca / validar fornecimento;;MUNICIPIO DE RIO DE JANEIRO;MRJ-PREFEITURA MUNICIPAL DO RIO DE JANEIRO;Municipal;Rio de Janeiro;RJ;Edital nº 1757/2026;2026-10-20 11:00:00;2026-10-05 08:00:00;;;Pregão - Eletrônico;Não/não informado;Prestação de Serviços de disponibilização de solução de computação em nuvem privada, compreendendo Infraestrutura como Serviço (IaaS), Plataforma como Serviço (PaaS) e Software como Serviço (SaaS), incluindo implantação, suporte técnico e operação, para atender às necessidades da MOBI-Rio, pelo período de 24 (vinte e quatro) meses, caracterizados e especificados neste Edital e/ou no Termo de Referência, na forma da lei. ;"Marca/modelo ou modalidade não definidos na triagem. Conferir itens e TR; possibilidade de revenda não confirmada.";Cadastro de busca oficial PNCP + itens oficiais + detalhe da contratação;https://pncp.gov.br/app/editais/42498733000148/2026/2011;https://cnetmobile.estaleiro.serpro.gov.br/comprasnet-web/public/compras/acompanhamento-compra?compra=98600105017572026;https://pncp.gov.br/pncp-api/v1/orgaos/42498733000148/compras/2026/2011/arquivos/1;;42498733000148-1-002011/2026;;2026-10-02 16:08:17.084382;Não informado
Prazo aberto no cadastro PNCP;Software sem marca / validar fornecimento;;TRIBUNAL REGIONAL FEDERAL DA 2 REGIAO;TRIBUNAL REGIONAL FEDERAL DA 2A. REGIAO;Federal;Rio de Janeiro;RJ;Edital nº 108/2026;2026-10-20 13:00:00;2026-10-05 13:00:00;900462.5;711365.37;Pregão - Eletrônico;Não/não informado;Renovação das licenças existentes do Software de Backup e restauração de dados IBM Spectrum Protect, com direito a atualização de versões e suporte técnico por 2 anos.;"Marca/modelo ou modalidade não definidos na triagem. Conferir itens e TR; possibilidade de revenda não confirmada.";Cadastro de busca oficial PNCP + itens oficiais + detalhe da contratação;https://pncp.gov.br/app/editais/32243347000151/2026/170;https://cnetmobile.estaleiro.serpro.gov.br/comprasnet-web/public/compras/acompanhamento-compra?compra=09002805001082026;https://pncp.gov.br/pncp-api/v1/orgaos/32243347000151/compras/2026/170/arquivos/1;;32243347000151-1-000170/2026;;2026-10-05 04:00:33.827099;Não informado
Prazo aberto no cadastro PNCP;Software sem marca / validar fornecimento;;JUSTICA FEDERAL DE PRIMEIRA INSTANCIA;TRIBUNAL REGIONAL FEDERAL-SEC.1A.REG./DF;Federal;Brasília;DF;Edital nº 46/2026;2026-10-20 14:00:00;2026-10-05 08:00:00;3313660.18;2617791.54;Pregão - Eletrônico;Sim;A presente licitação tem por objeto a formação de registro de preços para eventual contratação de empresa especializada no fornecimento de Solução de Gerenciamento de Vulnerabilidades, na modalidade Software como Serviço (SaaS), para atender às necessidades do Tribunal Regional Federal da Primeira Região – TRF1 e Órgãos Participantes, conforme condições, especificações e quantidades estabelecidas no Edital seus Anexos.;"Marca/modelo ou modalidade não definidos na triagem. Conferir itens e TR; possibilidade de revenda não confirmada.";Cadastro de busca oficial PNCP + itens oficiais + detalhe da contratação;https://pncp.gov.br/app/editais/00508903000188/2026/1941;https://cnetmobile.estaleiro.serpro.gov.br/comprasnet-web/public/compras/acompanhamento-compra?compra=09002705000462026;https://pncp.gov.br/pncp-api/v1/orgaos/00508903000188/compras/2026/1941/arquivos/1;;00508903000188-1-001941/2026;;2026-10-05 04:02:49.012808;Não informado
Prazo aberto no cadastro PNCP;Software sem marca / validar fornecimento;;MUNICIPIO DE BASTOS;PREFEITURA MUNICIPAL DE BASTOS;Municipal;Bastos;SP;Edital nº 043/2026;2026-10-21 08:00:00;2026-10-02 08:00:00;61317.6;48440.9;Pregão - Eletrônico;Não/não informado;LOCAÇÃO DE SOFTWARE PARA ADMINISTRAÇÃO, GERENCIAMENTO, EMISSÃO DE VALE ALIMENTAÇÃO EM CARTÃO MAGNÉTICO PARA OS SERVIDORES PÚBLICOS DA PREFEITURA.;"Marca/modelo ou modalidade não definidos na triagem. Conferir itens e TR; possibilidade de revenda não confirmada.";Cadastro de busca oficial PNCP + itens oficiais + detalhe da contratação;https://pncp.gov.br/app/editais/45547403000193/2026/102;https://bllcompras.com/Process/ProcessView?param1=[gkz]LQajdDwJrimy0uCmqSh178EEtt1OcRJJ1zoIegJNSjf4nIIFibmnZugWlBb5O00VY3gy8re5aw1MouCZZxv/_2u9WnEdNfJXaVR5g/dBaX8=;https://pncp.gov.br/pncp-api/v1/orgaos/45547403000193/compras/2026/102/arquivos/2;;45547403000193-1-000102/2026;;2026-09-30 14:11:57.268476;Não informado
Prazo aberto no cadastro PNCP;Software sem marca / validar fornecimento;;MUNICIPIO DE ESPERANCA NOVA;Unidade administrativa;Municipal;Esperança Nova;PR;Edital nº 24/2026;2026-10-21 08:30:00;2026-10-02 14:30:00;2344800.0;1852392.0;Pregão - Eletrônico;Sim;O objeto da presente licitação é Registro de Preços para aquisição de peças e acessórios em geral, novos, original e/ou genuína com manutenção mecânica,  Manutenção Elétrica e Eletrônica, Serviços Gerais (Ar-condicionado, Funilaria, Alinhamento e Balanceamento, Estofamento Veicular, Recapagem e Consertos), Aquisição de Lubrificantes e Fluidos e Pneus novos para a “LINHA MÉDIA”, com critério de maior percentual de desconto tendo como referência de valores máximos os preços do software de orçamentação eletrônica TRAZ VALOR para peças e/ou materiais e maior percentual de desconto sobre os preços da hora homem dos serviços da TRAZ VALOR, necessários aos veículos da frota Municipal de Esperança Nova já integrantes da frota oficial ou que venham a ser incorporadas ao patrimônio, por um período de 12 (doze) meses, para atender a demanda das Secretarias e Departamentos do município de Esperança Nova – PR;"Marca/modelo ou modalidade não definidos na triagem. Conferir itens e TR; possibilidade de revenda não confirmada.";API oficial PNCP de propostas abertas (varredura por UF) + itens oficiais + detalhe da contratação;https://pncp.gov.br/app/editais/01612269000191/2026/54;;https://pncp.gov.br/pncp-api/v1/orgaos/01612269000191/compras/2026/54/arquivos/1;;01612269000191-1-000054/2026;;2026-10-02 14:58:37;Não informado
Prazo aberto no cadastro PNCP;Software sem marca / validar fornecimento;;MUNICIPIO DE SAO JOAO DA BOA VISTA;Prefeitura Municipal de São João da Boa Vista;Municipal;São João da Boa Vista;SP;Edital nº 014/2026;2026-10-21 08:30:00;2026-08-28 08:30:00;46184383.29;36485662.79;Concorrência - Eletrônica;Não/não informado;CONTRATAÇÃO EM REGIME SEMI-INTEGRADO, DE EMPRESA ESPECIALIZADA OU CONSÓRCIO, PARA ELABORAÇÃO DO PROJETO EXECUTIVO, OBTENÇÃO E REGULARIZAÇÃO DAS LICENÇAS, GESTÃO E EXECUÇÃO DOS PROGRAMAS AMBIENTAIS E EXECUÇÃO DAS OBRAS CIVIS DA BARRAGEM, INCLUINDO O CADERNO DE DETALHES TÉCNICOS, ESTRUTURA HIDRÁULICA, DRENAGEM, PONTE SOBRE O BARRAMENTO, ESTABILIZAÇÃO DE TALUDES, REVEGETAÇÃO, COMPENSAÇÕES AMBIENTAIS E TODAS AS OBRAS NECESSÁRIAS AO FUNCIONAMENTO DA BARRAGEM.;"Marca/modelo ou modalidade não definidos na triagem. Conferir itens e TR; possibilidade de revenda não confirmada.";Cadastro de busca oficial PNCP + itens oficiais + detalhe da contratação;https://pncp.gov.br/app/editais/46429379000150/2026/181;;https://pncp.gov.br/pncp-api/v1/orgaos/46429379000150/compras/2026/181/arquivos/1;;46429379000150-1-000181/2026;;2026-08-27 17:37:51.185271;Não informado
Prazo aberto no cadastro PNCP;Software sem marca / validar fornecimento;;MUNICIPIO DE PORTO ALEGRE;DLC - Diretoria de Licitações e Contratos;Municipal;Porto Alegre;RS;Edital nº 334/2026;2026-10-21 08:59:00;2026-10-02 18:00:00;698615.01;551905.85;Pregão - Eletrônico;Não/não informado;[Portal de Compras Públicas] - Contratação de empresa para prestação de serviços relativos a licença de uso do Sistema de Administração de Créditos Imobiliários contratos ativos e inativos que compõem a carteira de créditos hipotecários do DEMHAB, legislados ou não pelo Sistema Financeiro de Habitação  SFH e assemelhados, em formato SaaS (Software as a Service), para uso nas instalações do Departamento Municipal de Habitação - DEMHAB, abrangendo os serviços relacionados conforme especificações e condições estabelecidas no TR;"Marca/modelo ou modalidade não definidos na triagem. Conferir itens e TR; possibilidade de revenda não confirmada.";Cadastro de busca oficial PNCP + itens oficiais + detalhe da contratação;https://pncp.gov.br/app/editais/92963560000160/2026/1269;https://www.portaldecompraspublicas.com.br/processos/RS/Prefeitura-Municipal-de-Porto-Alegre-206/PE-334-2026-2026-516054;https://pncp.gov.br/pncp-api/v1/orgaos/92963560000160/compras/2026/1269/arquivos/1;https://pncp.gov.br/pncp-api/v1/orgaos/92963560000160/compras/2026/1269/arquivos/2;92963560000160-1-001269/2026;;2026-10-02 16:55:44.072898;Não informado
Prazo aberto no cadastro PNCP;Software sem marca / validar fornecimento;;MUNICIPIO DE PIMENTA;MUNICÍPIO DE PIMENTA/MG;Municipal;Pimenta;MG;Edital nº 23/2026;2026-10-21 09:00:00;2026-09-30 07:56:15;1.0;0.79;Pregão - Eletrônico;Sim;[LICITANET] - Registro de Preços para futura e eventual contratação de empresa especializada na prestação de serviços de gerenciamento da frota municipal, mediante disponibilização de sistema informatizado e rede credenciada de estabelecimentos, compreendendo o gerenciamento das operações de abastecimento, fornecimento de peças, materiais e insumos automotivos e execução de serviços de manutenção, destinadas ao atendimento dos veículos, máquinas e equipamentos do Município de Pimenta/MG.;"Marca/modelo ou modalidade não definidos na triagem. Conferir itens e TR; possibilidade de revenda não confirmada.";API oficial PNCP de propostas abertas (varredura por UF) + itens oficiais + detalhe da contratação;https://pncp.gov.br/app/editais/16725962000148/2026/52;https://licitanet.com.br/sessao/203111;https://pncp.gov.br/pncp-api/v1/orgaos/16725962000148/compras/2026/52/arquivos/1;;16725962000148-1-000052/2026;;2026-09-30 08:18:18;Não informado
Prazo aberto no cadastro PNCP;Software sem marca / validar fornecimento;;COMPANHIA DE SANEAMENTO DO PARANA SANEPAR;SEDE;Não se aplica;Curitiba;PR;Edital nº 152726/2026;2026-10-21 09:00:00;2026-09-28 11:00:00;10225865.47;8078433.72;Pregão - Eletrônico;Não/não informado;"Serviços integrados de gestão de viagens, sob demanda, compreendendo o licenciamento, parametrização e suporte de sistema informatizado de gestão de viagens (Online Booking Tool  OBT, doravante denominada ""Ferramenta de Reserva Online), bem como o atendimento operacional (offline) para demandas complexas.";"Marca/modelo ou modalidade não definidos na triagem. Conferir itens e TR; possibilidade de revenda não confirmada.";Cadastro de busca oficial PNCP + itens oficiais + detalhe da contratação;https://pncp.gov.br/app/editais/76484013000145/2026/106;https://licitacoes-e2.bb.com.br/aop-inter-estatico/visualizar-processo-publico/1101264;https://pncp.gov.br/pncp-api/v1/orgaos/76484013000145/compras/2026/106/arquivos/1;;76484013000145-1-000106/2026;;2026-09-28 18:35:42.244093;Não informado
Prazo aberto no cadastro PNCP;Software sem marca / validar fornecimento;;INSTITUTO MUNICIPAL DE PREVIDENCIA DE MACHADINHO DO OESTE, RO - IMPREV;INSTITUTO MUNICIPAL DE PREVIDÊNCIA DE MACHADINHO DO OESTE- IMPREV/RO;Municipal;Machadinho D'Oeste;RO;Edital nº 02/2026;2026-10-21 09:00:00;2026-10-05 10:43:09;116072.04;91696.91;Pregão - Eletrônico;Não/não informado;"[LICITANET] - Contratação de empresa especializada para a prestação de serviços continuados de 
assessoria e consultoria técnica previdenciária em Regime Próprio de Previdência Social – RPPS, 
bem como para a disponibilização, implantação, parametrização, migração de dados, manutenção, 
suporte técnico e atualização de software de gestão previdenciária em ambiente web, pelo período de 
12 (doze) meses, conforme condições e especificações estabelecidas no Termo de Referência. ";"Marca/modelo ou modalidade não definidos na triagem. Conferir itens e TR; possibilidade de revenda não confirmada.";Cadastro de busca oficial PNCP + itens oficiais + detalhe da contratação;https://pncp.gov.br/app/editais/05127965000163/2026/11;https://licitanet.com.br/sessao/203764;https://pncp.gov.br/pncp-api/v1/orgaos/05127965000163/compras/2026/11/arquivos/1;;05127965000163-1-000011/2026;;2026-10-05 10:43:15.734418;Não informado
Prazo aberto no cadastro PNCP;Software sem marca / validar fornecimento;;MUNICIPIO DE SAO LEOPOLDO;Prefeitura Municipal de São Leopoldo;Municipal;São Leopoldo;RS;Edital nº 29/2026;2026-10-21 09:00:00;2026-10-06 15:00:00;1023518.47;808579.59;Pregão - Eletrônico;Não/não informado;[Portal de Compras Públicas] - Aquisição de solução corporativa de proteção de dados (backup), contemplando licenciamento de software, servidores físicos para backup primário e armazenamento imutável, serviços especializados de implantação e integração ao ambiente computacional existente, testes operacionais e treinamento técnico.;"Marca/modelo ou modalidade não definidos na triagem. Conferir itens e TR; possibilidade de revenda não confirmada.";Cadastro de busca oficial PNCP + itens oficiais + detalhe da contratação;https://pncp.gov.br/app/editais/89814693000160/2026/263;https://www.portaldecompraspublicas.com.br/processos/RS/Prefeitura-Municipal-de-Sao-Leopoldo-4967/PE-29-2026-2026-516537;https://pncp.gov.br/pncp-api/v1/orgaos/89814693000160/compras/2026/263/arquivos/1;;89814693000160-1-000263/2026;;2026-10-06 14:09:01.338881;Não informado
Prazo aberto no cadastro PNCP;Software sem marca / validar fornecimento;;SERVICO AUTONOMO DE AGUA E ESGOTO DE JAGUARIUNA;MSP-SERVIÇO AUT. ÁGUA ESG. JAGUARIUNA;Municipal;Jaguariúna;SP;Edital nº PL-28/2026;2026-10-21 09:00:00;2026-10-05 08:00:00;391432.78;309231.89;Pregão - Eletrônico;Não/não informado;"FORNECIMENTO DE ATÉ 250 TONELADAS DE HIDRÓXIDO DE CÁLCIO EM SUSPENSÃO PARA TRATAMENTO DE ÁGUA, COM LOCAÇÃO DE SISTEMA DE ARMAZENAMENTO E DOSAGEM

CONFORME ESTUDO TÉCNICO PRELIMINAR, TERMO DE REFERÊNCIA E DEMAIS ANEXOS

SOLICITAÇÃO REFERENTE AO FORNECIMENTO DO PRODUTO";"Marca/modelo ou modalidade não definidos na triagem. Conferir itens e TR; possibilidade de revenda não confirmada.";Cadastro de busca oficial PNCP + itens oficiais + detalhe da contratação;https://pncp.gov.br/app/editais/59097984000113/2026/103;;https://pncp.gov.br/pncp-api/v1/orgaos/59097984000113/compras/2026/103/arquivos/1;;59097984000113-1-000103/2026;;2026-10-05 08:19:04.741003;Não informado
Prazo aberto no cadastro PNCP;Software sem marca / validar fornecimento;;MUNICIPIO DE SUZANO;PREFEITURA MUNICIPAL DE SUZANO - SP;Municipal;Suzano;SP;Edital nº 166/2026;2026-10-21 09:00:00;2026-10-06 09:00:00;11483136.4;9071677.75;Pregão - Eletrônico;Não/não informado;Contratação de empresa especializada para fornecimento de licença mensal de sistema de arquivamento digital, para indexação de documentos existentes e organização do Arquivo Central do Município Suzano.;"Marca/modelo ou modalidade não definidos na triagem. Conferir itens e TR; possibilidade de revenda não confirmada.";Cadastro de busca oficial PNCP + itens oficiais + detalhe da contratação;https://pncp.gov.br/app/editais/46523056000121/2026/130;https://cnetmobile.estaleiro.serpro.gov.br/comprasnet-web/public/compras/acompanhamento-compra?compra=98715105001662026;https://pncp.gov.br/pncp-api/v1/orgaos/46523056000121/compras/2026/130/arquivos/1;;46523056000121-1-000130/2026;;2026-10-05 14:06:27.856650;Não informado
Prazo aberto no cadastro PNCP;Software sem marca / validar fornecimento;;MUNICIPIO DE CARMOPOLIS DE MINAS;SECRETARIA MUNICIPAL DE ADMINISTRAÇÃO;Municipal;Carmópolis de Minas;MG;Edital nº PRE 46/2026;2026-10-21 12:59:00;2026-10-06 12:00:00;1408652.1;1112835.15;Pregão - Eletrônico;Não/não informado;CONTRATAÇÃO DE EMPRESA ESPECIALIZADA NA PRESTAÇÃO DE SERVIÇOS DE GERENCIAMENTO PARA FORNECIMENTO DE PEÇAS, ACESSÓRIOS DE REPOSIÇÃO, COM IMPLANTAÇÃO DE SISTEMA INFORMATIZADO E INTEGRADO PARA GESTÃO DE FROTA DE VEÍCULOS LEVES E PESADOS, MÁQUINAS E EQUIPAMENTOS POR MEIO DE INTERNET, ATRAVÉS DE REDE ESTABELECIMENTOS CREDENCIADOS, MEDIANTE A UTILIZAÇÃO DE SISTEMA INFORMATIZADO E DE RECURSO TECNOLÓGICOS EM ATENDIMENTO ÀS NECESSIDADES DAS DIVERSAS SECRETARIAS DO MUNICÍPIO DE CARMÓPOLIS DE MINAS/MG.;"Marca/modelo ou modalidade não definidos na triagem. Conferir itens e TR; possibilidade de revenda não confirmada.";API oficial PNCP de propostas abertas (varredura por UF) + itens oficiais + detalhe da contratação;https://pncp.gov.br/app/editais/18312983000167/2026/88;;https://pncp.gov.br/pncp-api/v1/orgaos/18312983000167/compras/2026/88/arquivos/1;;18312983000167-1-000088/2026;;2026-10-05 17:26:04;Não informado
Prazo aberto no cadastro PNCP;Software sem marca / validar fornecimento;;MUNICIPIO DE CARMOPOLIS DE MINAS;Unidade Única;Municipal;Carmópolis de Minas;MG;Edital nº 46/2026;2026-10-21 13:00:00;2026-10-05 18:00:05;1408652.1;1112835.15;Pregão - Eletrônico;Não/não informado;CONTRATAÇÃO DE EMPRESA ESPECIALIZADA PARA A PRESTAÇÃO DE SERVIÇOS DE GERENCIAMENTO DO FORNECIMENTO DE PEÇAS, ACESSÓRIOS DE REPOSIÇÃO, COM IMPLANTAÇÃO DE SISTEMA INFORMATIZADO E INTEGRADO PARA GESTÃO DE FROTA DE VEÍCULOS LEVES E PESADOS, MÁQUINAS E EQUIPAMENTOS POR MEIO DE INTERNET, ATRAVÉS DE REDE ESTABELECIMENTOS CREDENCIADOS, MEDIANTE A UTILIZAÇÃO DE SISTEMA INFORMATIZADO E DE RECURSO TECNOLÓGICOS, em atendimento às necessidades das Secretarias Municipais de Carmópolis de Minas/MG, conforme condições, quantidades e exigências estabelecidas neste Edital e seus anexos.;"Marca/modelo ou modalidade não definidos na triagem. Conferir itens e TR; possibilidade de revenda não confirmada.";API oficial PNCP de propostas abertas (varredura por UF) + itens oficiais + detalhe da contratação;https://pncp.gov.br/app/editais/18312983000167/2026/89;https://app2.licitardigital.com.br/pesquisa/115597;https://pncp.gov.br/pncp-api/v1/orgaos/18312983000167/compras/2026/89/arquivos/1;;18312983000167-1-000089/2026;;2026-10-05 18:08:02;Não informado
Prazo aberto no cadastro PNCP;Software sem marca / validar fornecimento;;UNIVERSIDADE FEDERAL DO PARANA;UNIVERSIDADE FEDERAL DO PARANA;Federal;Curitiba;PR;Edital nº 25/2027;2026-10-21 13:30:00;2026-10-06 08:00:00;5659280.0;4470831.2;Pregão - Eletrônico;Não/não informado;Contratação de empresa especializada na prestação de serviços de agenciamento de viagens com o fornecimento de passagens aéreas e terrestres, nacionais e internacionais, e emissão de seguro de assistência em viagem internacional, com disponibilização de sistema informatizado, para atender necessidades de diversas unidades da UFPR;"Marca/modelo ou modalidade não definidos na triagem. Conferir itens e TR; possibilidade de revenda não confirmada.";API oficial PNCP de propostas abertas (varredura por UF) + itens oficiais + detalhe da contratação;https://pncp.gov.br/app/editais/75095679000149/2027/11;https://cnetmobile.estaleiro.serpro.gov.br/comprasnet-web/public/compras/acompanhamento-compra?compra=15307905000252027;https://pncp.gov.br/pncp-api/v1/orgaos/75095679000149/compras/2027/11/arquivos/1;;75095679000149-1-000011/2027;;2026-10-06 04:00:20;Não informado
Prazo aberto no cadastro PNCP;Software sem marca / validar fornecimento;;TRIBUNAL SUPERIOR DO TRABALHO;TRIBUNAL SUPERIOR DO TRABALHO;Federal;Brasília;DF;Edital nº 200/2026;2026-10-21 14:00:00;2026-10-06 08:00:00;1255671.5;991980.48;Pregão - Eletrônico;Não/não informado;Prestação de serviços de administração e gerenciamento de manutenção preventiva, corretiva, fornecimento de peças, pneus, insumos, acessórios e mão de obra especializada e de higienização de veículos por meio de rede própria de estabelecimentos credenciados e mediante a utilização de sistema informatizado.;"Marca/modelo ou modalidade não definidos na triagem. Conferir itens e TR; possibilidade de revenda não confirmada.";API oficial PNCP de propostas abertas (varredura por UF) + itens oficiais + detalhe da contratação;https://pncp.gov.br/app/editais/00509968000148/2026/3390;https://cnetmobile.estaleiro.serpro.gov.br/comprasnet-web/public/compras/acompanhamento-compra?compra=08000105002002026;https://pncp.gov.br/pncp-api/v1/orgaos/00509968000148/compras/2026/3390/arquivos/1;;00509968000148-1-003390/2026;;2026-10-06 04:00:21;Não informado
Recebimento futuro anunciado;Software sem marca / validar fornecimento;;MUNICIPIO DE PEDRA DO ANTA;PREFEITURA MUNICIPAL DE PEDRA DO ANTA - MG;Municipal;Pedra do Anta;MG;Edital nº 24/2026;2026-10-22 08:00:00;2026-10-07 08:00:00;35462.28;28015.2;Pregão - Eletrônico;Não/não informado;Contratação de empresa especializada na locação de relógios de ponto, com disponibilização de software para atender ás demandas de diversos setores da Secretaria Municipal de Saúde de Pedra do Anta/MG;"Marca/modelo ou modalidade não definidos na triagem. Conferir itens e TR; possibilidade de revenda não confirmada.";Cadastro de busca oficial PNCP + itens oficiais + detalhe da contratação;https://pncp.gov.br/app/editais/18133439000158/2026/75;https://cnetmobile.estaleiro.serpro.gov.br/comprasnet-web/public/compras/acompanhamento-compra?compra=98497505000242026;https://pncp.gov.br/pncp-api/v1/orgaos/18133439000158/compras/2026/75/arquivos/1;;18133439000158-1-000075/2026;;2026-10-06 13:11:08.563528;Não informado
Prazo aberto no cadastro PNCP;Software sem marca / validar fornecimento;;CODESAN - SERVICOS E OBRAS;CODESAN - SERVICOS E OBRAS;Municipal;Santa Cruz do Rio Pardo;SP;Edital nº 05/2026;2026-10-22 08:00:00;2026-10-05 08:00:00;3380391.12;2670508.98;Pregão - Eletrônico;Não/não informado;CONTRATAÇÃO DE EMPRESA ESPECIALIZADA NA PRESTAÇÃO DE SERVIÇOS DE GERENCIAMENTO E CONTROLE DE ABASTECIMENTO, POR MEIO DE SISTEMA INFORMATIZADO E INTEGRADO, PARA FORNECIMENTO DE COMBUSTÍVEIS (GASOLINA, ETANOL E DIESEL) E INSUMOS CORRELATOS (ARLA 32 E ADITIVOS PARA COMBUSTÍVEL) PARA A AUTARQUIA CODESAN – SERVIÇOS E OBRAS;"Marca/modelo ou modalidade não definidos na triagem. Conferir itens e TR; possibilidade de revenda não confirmada.";API oficial PNCP de propostas abertas (varredura por UF) + itens oficiais + detalhe da contratação;https://pncp.gov.br/app/editais/60344157000166/2026/20;https://bllcompras.com/Process/ProcessView?param1=[gkz]ZfPdCCekmiVbm0BP8lJBZe7DG9oksATCVzwNB3p1dZB8uZ5yHE98D5elezSUuoJYrMxTt9h2rRKuwFn1JOqTtjrcX7HZH85slu2y_SUBNUg=;https://pncp.gov.br/pncp-api/v1/orgaos/60344157000166/compras/2026/20/arquivos/1;;60344157000166-1-000020/2026;;2026-09-30 14:29:37;Não informado
Prazo aberto no cadastro PNCP;Software sem marca / validar fornecimento;;UNIVERSIDADE ESTADUAL DE MARINGA;UEM - Universidade Estadual de Maringá;Estadual;Maringá;PR;Edital nº 1473/2026;2026-10-22 08:29:00;2026-10-06 08:00:00;128608.32;101600.57;Pregão - Eletrônico;Não/não informado;Contratação de empresa especializada para locação de sistema automatizado de urinálise, com fornecimento de reagentes, controles, calibradores, insumos, acessórios, instalação, treinamento, manutenção preventiva e corretiva, suporte técnico e demais itens necessários à execução dos exames, pelo período de 12 meses podendo ser prorrogado na forma legal.;"Marca/modelo ou modalidade não definidos na triagem. Conferir itens e TR; possibilidade de revenda não confirmada.";Cadastro de busca oficial PNCP + itens oficiais + detalhe da contratação;https://pncp.gov.br/app/editais/79151312000156/2026/722;www.transparencia.pr.gov.br/pte/compras/licitacoes/pesquisar-param?numprocesso=1473&ano=2026&codmodalidade=68;https://pncp.gov.br/pncp-api/v1/orgaos/79151312000156/compras/2026/722/arquivos/1;;79151312000156-1-000722/2026;;2026-10-05 16:00:09.425831;Não informado
Prazo aberto no cadastro PNCP;Software sem marca / validar fornecimento;;UNIVERSIDADE ESTADUAL DE MARINGA;UNIVERSIDADE ESTADUAL DE MARINGA - PR;Estadual;Maringá;PR;Edital nº 225/2026;2026-10-22 08:29:00;2026-10-06 08:00:00;128608.32;101600.57;Pregão - Eletrônico;Não/não informado;Contratação de empresa especializada para locação de sistema automatizado de urinálise, com fornecimento de reagentes, controles, calibradores, insumos, acessórios, instalação, treinamento, manutenção preventiva e corretiva, suporte técnico e demais itens necessários à execução dos exames, pelo período de 12 meses podendo ser prorrogado na forma legal. Conforme descrição detalhada no Termo de Referência.;"Marca/modelo ou modalidade não definidos na triagem. Conferir itens e TR; possibilidade de revenda não confirmada.";Cadastro de busca oficial PNCP + itens oficiais + detalhe da contratação;https://pncp.gov.br/app/editais/79151312000156/2026/721;https://cnetmobile.estaleiro.serpro.gov.br/comprasnet-web/public/compras/acompanhamento-compra?compra=92676405002252026;https://pncp.gov.br/pncp-api/v1/orgaos/79151312000156/compras/2026/721/arquivos/1;;79151312000156-1-000721/2026;;2026-10-05 14:26:36.488794;Não informado
Prazo aberto no cadastro PNCP;Software sem marca / validar fornecimento;;SERVICO DE SANEAMENTO AMBIENTAL MUNICIPAL - SESAM;SERVIÇOS ADMINISTRATIVOS;Municipal;Carmópolis de Minas;MG;Edital nº PRE 29/2026;2026-10-22 08:59:00;2026-10-06 09:00:00;31199.68;24647.74;Pregão - Eletrônico;Não/não informado;"Contratação de empresa especializada em monitoramento e rastreamento com Software próprio necessários para o funcionamento da solução, configuraçãoe treinamentos, garantia de funcionamento desenvolvido pela licitante; Rastreamento detalhado e disponível 24 horas, com roteiros e trajetos; Visualização em tempo real por veículo ou de toda a frota; Possibilidade de criação de cerca eletrônica inclusiva ou exclusiva; Identificação do modo de operação; (ligado/desligado) Envio de comandos remotos; Permite o bloqueio/desbloqueio remoto do veículo via Web; Aplicativo para Smartphone com visualização online por veículo; Possibilidade de bloquear e desbloquear o veículo através do aplicativo para Smartphone, atrelamento do motorista ao veiculo com identificação do motorista através de cartao.";"Marca/modelo ou modalidade não definidos na triagem. Conferir itens e TR; possibilidade de revenda não confirmada.";API oficial PNCP de propostas abertas (varredura por UF) + itens oficiais + detalhe da contratação;https://pncp.gov.br/app/editais/20898698000111/2026/60;;https://pncp.gov.br/pncp-api/v1/orgaos/20898698000111/compras/2026/60/arquivos/1;;20898698000111-1-000060/2026;;2026-10-05 09:36:45;Não informado
Prazo aberto no cadastro PNCP;Software sem marca / validar fornecimento;;SERVICO DE SANEAMENTO AMBIENTAL MUNICIPAL - SESAM;Unidade Única;Municipal;Carmópolis de Minas;MG;Edital nº 29/2026;2026-10-22 09:00:00;2026-10-06 09:00:00;31200.27;24648.21;Pregão - Eletrônico;Não/não informado;"Contratação de empresa especializada em monitoramento e rastreamento de veículos com software próprio necessários para o funcionamento da solução, configuração e treinamentos, garantia de funcionamento desenvolvido pela licitante; rastreamento detalhado e disponível 24 horas, com roteiros e trajetos; visualização em tempo real por veículo ou de toda a frota; possibilidade de criação de cerca eletrônica inclusiva ou exclusiva; identificação do modo de operação; (ligado/desligado), envio de comandos remotos; permite o bloqueio/desbloqueio remoto do veículo via Web; aplicativo para smartphone com visualização online por veículo; possibilidade de bloquear e desbloquear o veículo através do aplicativo para smartphone, atrelamento do motorista ao veículo com identificação do motorista através de cartão, conforme as condições deste edital e do termo de referência.";"Marca/modelo ou modalidade não definidos na triagem. Conferir itens e TR; possibilidade de revenda não confirmada.";Cadastro de busca oficial PNCP + itens oficiais + detalhe da contratação;https://pncp.gov.br/app/editais/20898698000111/2026/61;https://app2.licitardigital.com.br/pesquisa/115497;https://pncp.gov.br/pncp-api/v1/orgaos/20898698000111/compras/2026/61/arquivos/1;;20898698000111-1-000061/2026;;2026-10-05 09:59:51.838147;Não informado
Prazo aberto no cadastro PNCP;Software sem marca / validar fornecimento;;MUNICIPIO DE INOCENCIA;Prefeitura Municipal de Inocência - MS;Municipal;Inocência;MS;Edital nº 019/2026;2026-10-22 09:00:00;2026-08-20 08:00:00;1500000.0;1185000.0;Pregão - Eletrônico;Não/não informado;CONTRATAÇÃO DE EMPRESA ESPECIALIZADA EM SERVIÇOS DE GESTÃO ADMINISTRATIVA NA INTERMEDIAÇÃO DE AQUISIÇÃO DE MATERIAIS DE CONSTRUÇÃO CIVIL EM GERAL, PARA ATENDER ÀS MANUTENÇÕES, REFORMAS, ADEQUAÇÕES E MELHORIA DE TODA A INFRAESTRUTURA UTILIZADA PELA ADMINISTRAÇÃO PÚBLICA MUNICIPAL, POR MEIO DA IMPLANTAÇÃO DE UM SISTEMA INFORMATIZADO E INTEGRADO DE GESTÃO, COM CONTROLE DE COTAÇÕES DE PREÇOS ONLINE, ATRAVÉS DE REDE CREDENCIADA DE EMPRESAS FORNECEDORAS NO RAMO DA ATIVIDADE, conforme as especificações e condições estabelecidas neste Edital e em seus anexos.;"Marca/modelo ou modalidade não definidos na triagem. Conferir itens e TR; possibilidade de revenda não confirmada.";API oficial PNCP de propostas abertas (varredura por UF) + itens oficiais + detalhe da contratação;https://pncp.gov.br/app/editais/03342938000188/2026/183;;https://pncp.gov.br/pncp-api/v1/orgaos/03342938000188/compras/2026/183/arquivos/1;https://pncp.gov.br/pncp-api/v1/orgaos/03342938000188/compras/2026/183/arquivos/6;03342938000188-1-000183/2026;;2026-08-21 08:47:39;Não informado
Prazo aberto no cadastro PNCP;Software sem marca / validar fornecimento;;CAIXA DE ASSISTENCIA  AO SERVIDOR PUBLICO MUNICIPAL DE SANTOS - CAPEP-SAUDE;CAIXA DE ASSISTENCIA AO SER. PUB. MUN. SANTOS;Municipal;Santos;SP;Edital nº 016/2026;2026-10-22 09:00:00;2026-10-06 10:10:00;7550887.31;5965200.97;Pregão - Eletrônico;Não/não informado;LOTE 1: SERVIÇOS DE AUDITORIA PROSPECTIVA, CONCORRENTE E RETROSPECTIVA, AUDITORIA FARMACÊUTICA E CENTRAL DE ATENDIMENTO REMOTO AOS BENEFICIÁRIOS E PRESTADORES, LOTE 2: SOLUÇÃO INFORMATIZADA INTEGRADA PARA GESTÃO DA ASSISTÊNCIA À SAÚDE, NA MODALIDADE SAAS, INCLUINDO IMPLANTAÇÃO, MIGRAÇÃO DE DADOS, PARAMETRIZAÇÃO, INTEGRAÇÕES, TREINAMENTO, MANUTENÇÃO E SUPORTE TÉCNICO E  LOTE 3: SERVIÇOS DE CONSULTORIA E ASSESSORIA TÉCNICA, EMISSÃO DE PARECERES DE MÉDICOS ESPECIALISTAS E JUNTAS MÉDICA, CONFORME TR;"Marca/modelo ou modalidade não definidos na triagem. Conferir itens e TR; possibilidade de revenda não confirmada.";Cadastro de busca oficial PNCP + itens oficiais + detalhe da contratação;https://pncp.gov.br/app/editais/58197948000169/2026/28;https://bllcompras.com/Process/ProcessView?param1=[gkz]yAx9oJfNdRotWWQhVl3/pJTmEks0/oaprmYltGNSKOPUIh1v1zM4T54i0/pUu_kGx_kX5LtLwTdLfgqNNFRnDPZAZtJy6iAsokUSS71Oock=;https://pncp.gov.br/pncp-api/v1/orgaos/58197948000169/compras/2026/28/arquivos/1;;58197948000169-1-000028/2026;;2026-10-06 10:08:41.796968;Não informado
Prazo aberto no cadastro PNCP;Software sem marca / validar fornecimento;;METRO DF;EDF - COMPANHIA DO METROPOLITANO DO DF;Não se aplica;Brasília;DF;Edital nº 13/2026;2026-10-22 10:00:00;2026-09-30 08:00:00;;;Pregão - Eletrônico;Não/não informado;Contratação de solução tecnológica especializada, sob a modalidade de Software as a Service (SaaS), baseada em arquitetura de computação em nuvem (Cloud Native), para atender às necessidades de geração, emissão autorizada, escrituração fiscal, monitoramento e consolidação automatizada de obrigações acessórias eletrônicas e digitais federais, distritais e municipais, contemplando a emissão de Notas Fiscais Eletrônicas (NF-e Modelo 55) e Notas Fiscais de Serviço Eletrônicas (NFS-e Padrão Nacional);"Marca/modelo ou modalidade não definidos na triagem. Conferir itens e TR; possibilidade de revenda não confirmada.";Cadastro de busca oficial PNCP + itens oficiais + detalhe da contratação;https://pncp.gov.br/app/editais/38070074000177/2026/31;https://cnetmobile.estaleiro.serpro.gov.br/comprasnet-web/public/compras/acompanhamento-compra?compra=92504605000132026;https://pncp.gov.br/pncp-api/v1/orgaos/38070074000177/compras/2026/31/arquivos/1;;38070074000177-1-000031/2026;;2026-09-29 11:34:16.709541;Não informado
Recebimento futuro anunciado;Software sem marca / validar fornecimento;;MUNICIPIO DE TAPIRAI;PREFEITURA MUNICIPAL DE TAPIRAI - SP;Municipal;Tapiraí;SP;Edital nº 22/2026;2026-10-22 10:00:00;2026-10-07 08:00:00;1710260.76;1351106.0;Pregão - Eletrônico;Sim;Registro de preços para contratação de empresa especializada na prestação de serviços contínuos de gerenciamento do abastecimento de combustíveis (gasolina comum, gasolina aditivada, etanol hidratado, óleo diesel S-10 e óleo diesel comum) e de serviços complementares de manutenção preventiva (troca de óleo lubrificante e filtros e lavagem de veículos) prestados por postos credenciados, por meio de sistema informatizado com cartão magnético ou microprocessado.;"Marca/modelo ou modalidade não definidos na triagem. Conferir itens e TR; possibilidade de revenda não confirmada.";API oficial PNCP de propostas abertas (varredura por UF) + itens oficiais + detalhe da contratação;https://pncp.gov.br/app/editais/46634465000103/2026/67;https://cnetmobile.estaleiro.serpro.gov.br/comprasnet-web/public/compras/acompanhamento-compra?compra=98717105000222026;https://pncp.gov.br/pncp-api/v1/orgaos/46634465000103/compras/2026/67/arquivos/1;;46634465000103-1-000067/2026;;2026-10-06 17:09:09;Não informado
Prazo aberto no cadastro PNCP;Software sem marca / validar fornecimento;;CAIXA ECONOMICA FEDERAL;GECOT;Não se aplica;Brasília;DF;Edital nº CECOT 263/2026;2026-10-23 00:00:00;2026-09-25 10:00:00;7041656.92;5562908.96;Concorrência - Eletrônica;Não/não informado;PRESTAÇÃO DE SERVIÇOS DE SOLUÇÃO DE GERENCIAMENTO DE ACESSOS PRIVILEGIADOS (PRIVILEGED ACCESS MANAGEMENT - PAM), CONTEMPLANDO O FORNECIMENTO DE SUBSCRIÇÕES, SUPORTE TÉCNICO E ATUALIZAÇÃO TECNOLÓGICA), PARA ATENDIMENTO EM TODO O TERRITÓRIO NACIONAL.;"Marca/modelo ou modalidade não definidos na triagem. Conferir itens e TR; possibilidade de revenda não confirmada.";API oficial PNCP de propostas abertas (varredura por UF) + itens oficiais + detalhe da contratação;https://pncp.gov.br/app/editais/00360305000104/2026/759;;https://pncp.gov.br/pncp-api/v1/orgaos/00360305000104/compras/2026/759/arquivos/1;;00360305000104-1-000759/2026;;2026-09-30 20:00:34;Não informado
Recebimento futuro anunciado;Software sem marca / validar fornecimento;;MUNICIPIO DE SAO SEBASTIAO;PREFEITURA MUNICIPAL;Municipal;São Sebastião;SP;Edital nº 75 | Processo 17614/2026;2026-10-23 08:00:00;2026-10-07 08:00:00;8021570.21;6337040.46;Pregão - Eletrônico;Não/não informado;CONTRATACAO DE EMPRESA ESPECIALIZADA PARA FORNECIMENTO E IMPLANTACAO DE PLATAFORMA INTEGRADA DE TECNOLOGIA DA INFORMACAO E GESTAO GEOGRAFICA MULTIFINALITARIA  PARA FORNECIMENTO E IMPLANTACAO DE PLATAFORMA INTEGRADA DE TECNOLOGIA DA INFORMACAO E GESTAO GEOGRAFICA MULTIFINALITARIA  EM REGIME DE LOCACAO DE LICENCA DE USO  SAAS .;"Marca/modelo ou modalidade não definidos na triagem. Conferir itens e TR; possibilidade de revenda não confirmada.";Cadastro de busca oficial PNCP + itens oficiais + detalhe da contratação;https://pncp.gov.br/app/editais/46482832000192/2026/722; ;https://pncp.gov.br/pncp-api/v1/orgaos/46482832000192/compras/2026/722/arquivos/1;;46482832000192-1-000722/2026;;2026-10-06 14:08:55.997352;Não informado
Recebimento futuro anunciado;Software sem marca / validar fornecimento;;MUNICIPIO DE MARIPA;PREFEITURA MUNICIPAL DE MARIPA - PR;Municipal;Maripá;PR;Edital nº 26/2026;2026-10-23 08:30:00;2026-10-07 08:00:00;683017.6;539583.9;Pregão - Eletrônico;Não/não informado;Serviços de licença de direito de uso de sistema web integrado de gestão em saúde, em plataforma 100% web, contemplando os serviços de migração da base de dados existente, implantação, parametrização, configuração, treinamento dos usuários, suporte técnico, manutenção, atualizações legais e tecnológicas, hospedagem em ambiente de nuvem, bem como todos os serviços necessários ao pleno funcionamento da solução, visando atender às necessidades da Secretaria Municipal de Saúde do Município de Maripá;"Marca/modelo ou modalidade não definidos na triagem. Conferir itens e TR; possibilidade de revenda não confirmada.";API oficial PNCP de propostas abertas (varredura por UF) + itens oficiais + detalhe da contratação;https://pncp.gov.br/app/editais/95583571000102/2026/142;https://cnetmobile.estaleiro.serpro.gov.br/comprasnet-web/public/compras/acompanhamento-compra?compra=98548705000262026;https://pncp.gov.br/pncp-api/v1/orgaos/95583571000102/compras/2026/142/arquivos/1;;95583571000102-1-000142/2026;;2026-10-06 17:19:12;Não informado
Recebimento futuro anunciado;Software sem marca / validar fornecimento;;MUNICIPIO DE GLICERIO;PREFEITURA MUNICIPAL DE GLICÉRIO;Municipal;Glicério;SP;Edital nº 28/2026;2026-10-23 08:30:00;2026-10-08 08:00:00;378648.0;299131.92;Pregão - Presencial;Não/não informado;Contratação de empresa especializada para prestação de serviços continuados de gerenciamento do abastecimento de combustíveis da frota municipal, mediante implantação e operação de sistema informatizado e integrado, com utilização de cartão magnético;"Marca/modelo ou modalidade não definidos na triagem. Conferir itens e TR; possibilidade de revenda não confirmada.";API oficial PNCP de propostas abertas (varredura por UF) + itens oficiais + detalhe da contratação;https://pncp.gov.br/app/editais/44441475000199/2026/57;;https://pncp.gov.br/pncp-api/v1/orgaos/44441475000199/compras/2026/57/arquivos/1;;44441475000199-1-000057/2026;;2026-10-06 13:50:50;Não informado
Recebimento futuro anunciado;Software sem marca / validar fornecimento;;MUNICIPIO DE PINHAL DO SAO BENTO;PREFEITURA MUNICIPAL DE PINHAL DE SÃO BENTO;Municipal;Pinhal de São Bento;PR;Edital nº 19/2026;2026-10-23 09:00:00;2026-10-07 08:00:00;103457.0;81731.03;Pregão - Eletrônico;Sim;Registro de Preços para futura e eventual contratação de empresa especializada na disponibilização de solução tecnológica integrada para gestão, monitoramento e controle da frota municipal, compreendendo plataforma em ambiente de computação em nuvem (SaaS), fornecimento, instalação e manutenção de dispositivos eletrônicos embarcados (IoT), rastreamento por GPS, suporte técnico, treinamento, manutenção corretiva, preventiva e evolutiva, conforme especificações constantes do Termo de Referência.;"Marca/modelo ou modalidade não definidos na triagem. Conferir itens e TR; possibilidade de revenda não confirmada.";Cadastro de busca oficial PNCP + itens oficiais + detalhe da contratação;https://pncp.gov.br/app/editais/95590832000111/2026/123;https://cnetmobile.estaleiro.serpro.gov.br/comprasnet-web/public/compras/acompanhamento-compra?compra=98549505000192026;https://pncp.gov.br/pncp-api/v1/orgaos/95590832000111/compras/2026/123/arquivos/1;;95590832000111-1-000123/2026;;2026-10-06 14:52:24.494330;Não informado
Prazo aberto no cadastro PNCP;Software sem marca / validar fornecimento;;UNIVERSIDADE ESTADUAL DE CAMPINAS;ESP-UNIVERSIDADE ESTADUAL DE CAMPINAS;Estadual;Campinas;SP;Edital nº 2382/2026;2026-10-23 09:00:00;2026-10-06 08:30:00;;;Pregão - Eletrônico;Não/não informado;PE DGA N° 90416/2026 - Contratação de serviços de Instalação e Fornecimento de Licença Software SCADA e Suporte;"Marca/modelo ou modalidade não definidos na triagem. Conferir itens e TR; possibilidade de revenda não confirmada.";Cadastro de busca oficial PNCP + itens oficiais + detalhe da contratação;https://pncp.gov.br/app/editais/46068425000133/2026/2065;https://cnetmobile.estaleiro.serpro.gov.br/comprasnet-web/public/compras/acompanhamento-compra?compra=45016105023822026;https://pncp.gov.br/pncp-api/v1/orgaos/46068425000133/compras/2026/2065/arquivos/1;;46068425000133-1-002065/2026;;2026-10-05 16:04:43.219950;Não informado
Recebimento futuro anunciado;Software sem marca / validar fornecimento;;SOCIEDADE DE ABASTECIMENTO DE AGUA E SANEAMENTO S/;SANASA;Não se aplica;Campinas;SP;Edital nº 300/2026/2026;2026-10-23 09:00:00;2026-10-20 08:00:00;71426.87;56427.22;Pregão - Eletrônico;Não/não informado;FORNECIMENTO DE LICENÇA PARA ATUALIZAÇÃO E SUPORTE TÉCNICO DO PROGRAMA KEPSERVEREX;"Marca/modelo ou modalidade não definidos na triagem. Conferir itens e TR; possibilidade de revenda não confirmada.";Cadastro de busca oficial PNCP + itens oficiais + detalhe da contratação;https://pncp.gov.br/app/editais/46119855000137/2026/69;https://licitacoes-e2.bb.com.br/aop-inter-estatico/visualizar-processo-publico/1101595;https://pncp.gov.br/pncp-api/v1/orgaos/46119855000137/compras/2026/69/arquivos/1;;46119855000137-1-000069/2026;;2026-09-28 18:59:49.444310;Não informado
Recebimento futuro anunciado;Software sem marca / validar fornecimento;;SAO PAULO TRIBUNAL DE CONTAS DO MUNICIPIO;ESP-TRIBUNAL DE CONTAS DO MUN. DE SAO PAULO;Municipal;São Paulo;SP;Edital nº 135/2026;2026-10-23 09:00:00;2026-10-07 08:00:00;;;Pregão - Eletrônico;Não/não informado;Contratação visando ao fornecimento de licenças perpétuas dos softwares Micro Focus/OpenText, abrangendo as soluções ZENworks Configuration Management e Identity Manager Standard Edition, acompanhadas de manutenção oficial do fabricante pelo período de 36 (trinta e seis) meses.;"Marca/modelo ou modalidade não definidos na triagem. Conferir itens e TR; possibilidade de revenda não confirmada.";Cadastro de busca oficial PNCP + itens oficiais + detalhe da contratação;https://pncp.gov.br/app/editais/50176270000126/2026/79;https://cnetmobile.estaleiro.serpro.gov.br/comprasnet-web/public/compras/acompanhamento-compra?compra=92546205001352026;https://pncp.gov.br/pncp-api/v1/orgaos/50176270000126/compras/2026/79/arquivos/1;;50176270000126-1-000079/2026;;2026-10-06 07:02:33.770475;Não informado
Recebimento futuro anunciado;Software sem marca / validar fornecimento;;SENAC - SERVICO NACIONAL DE APRENDIZAGEM COMERCIAL - ADMINIS;SERVIÇO NACIONAL DE APRENDIZAGEM COMERCIAL-DF;Não se aplica;Brasília;DF;Edital nº 10/2026;2026-10-23 10:00:00;2026-10-08 10:00:00;102.0;80.58;Pregão - Eletrônico;Não/não informado;Contratação de empresa para a prestação de serviços de gestão integrada de abastecimento e manutenção de frota, com fornecimento de combustíveis, rede credenciada e sistema informatizado de controle, para atender as necessidades do Senac AR/DF.;"Marca/modelo ou modalidade não definidos na triagem. Conferir itens e TR; possibilidade de revenda não confirmada.";API oficial PNCP de propostas abertas (varredura por UF) + itens oficiais + detalhe da contratação;https://pncp.gov.br/app/editais/03296968000790/2026/24;https://cnetmobile.estaleiro.serpro.gov.br/comprasnet-web/public/compras/acompanhamento-compra?compra=92678105000102026;https://pncp.gov.br/pncp-api/v1/orgaos/03296968000790/compras/2026/24/arquivos/3;;03296968000790-1-000024/2026;;2026-09-18 15:12:05;Não informado
Recebimento futuro anunciado;Software sem marca / validar fornecimento;;MUNICIPIO DE BARREIROS;PREFEITURA MUNICIPAL DE BARREIROS;Municipal;Barreiros;PE;Edital nº 15/2026;2026-10-26 08:30:00;2026-10-07 08:00:00;5383098.17;4252647.55;Pregão - Eletrônico;Não/não informado;Contratação de serviços para gestão da frota de veículos automotores do Município de Barreiros (incluindo Fundo de Saúde, Fundo Municipal de Educação e Fundo de Assistência), com operação de sistema informatizado, via internet, através de rede de estabelecimentos credenciados para prestação de serviços de manutenção preventiva e corretiva, incluindo o fornecimento de peças e acessórios, serviços de mecânica, elétrica geral, lavagem, reboque, troca de filtro(s) e lubrificante(s), funilaria, ;"Marca/modelo ou modalidade não definidos na triagem. Conferir itens e TR; possibilidade de revenda não confirmada.";API oficial PNCP de propostas abertas (varredura por UF) + itens oficiais + detalhe da contratação;https://pncp.gov.br/app/editais/10110989000140/2026/16;https://bnccompras.com/Process/ProcessView?param1=[gkz]RrTnTUpyowBO3RExMwxY4B7bUI6MYc/bVgxCt1m1G6RWmoP7qU4d0L2j0wYC/PlM9X/JPEmv97IfVFL3y09xTGgAsgH80ToKGQgGYCPkPus=;https://pncp.gov.br/pncp-api/v1/orgaos/10110989000140/compras/2026/16/arquivos/1;;10110989000140-1-000016/2026;;2026-09-15 11:08:31;Não informado
Recebimento futuro anunciado;Software sem marca / validar fornecimento;;SAO PAULO TRIBUNAL DE CONTAS DO ESTADO;TRIBUNAL DE CONTAS DO ESTADO DE SÃO PAULO;Estadual;São Paulo;SP;Edital nº 312/2026;2026-10-26 09:00:00;2026-10-07 08:00:00;1342218.97;1060352.98;Pregão - Eletrônico;Não/não informado;Prestação de serviços de gerenciamento do abastecimento de combustíveis em veículos e outros serviços prestados por postos credenciados, mediante sistema informatizado, utilização de cartão ou tecnologia equivalente.;"Marca/modelo ou modalidade não definidos na triagem. Conferir itens e TR; possibilidade de revenda não confirmada.";API oficial PNCP de propostas abertas (varredura por UF) + itens oficiais + detalhe da contratação;https://pncp.gov.br/app/editais/50290931000140/2026/150;https://cnetmobile.estaleiro.serpro.gov.br/comprasnet-web/public/compras/acompanhamento-compra?compra=92546305003122026;https://pncp.gov.br/pncp-api/v1/orgaos/50290931000140/compras/2026/150/arquivos/1;;50290931000140-1-000150/2026;;2026-10-05 11:44:41;Não informado
Prazo aberto no cadastro PNCP;Software sem marca / validar fornecimento;;BB TECNOLOGIA E SERVICOS S.A.; BB TECNOLOGIA E SERVICOS S.A.;Não se aplica;Brasília;DF;Edital nº LE 2026-21/2026;2026-10-26 10:00:00;2026-10-02 17:00:00;;;Pregão - Eletrônico;Não/não informado;Contratação de empresa especializada na manutenção continuada preventiva e corretiva, incluindo instalação e licença de uso software para os equipamentos de controle de acesso da BB Tecnologia e Serviços localizados na Estrada dos Bandeirantes, 7966, Jacarepaguá, Rio de Janeiro/RJ.;"Marca/modelo ou modalidade não definidos na triagem. Conferir itens e TR; possibilidade de revenda não confirmada.";Cadastro de busca oficial PNCP + itens oficiais + detalhe da contratação;https://pncp.gov.br/app/editais/42318949001318/2026/57;https://licitacoes-e2.bb.com.br/aop-inter-estatico/visualizar-processo-publico/1101567;https://pncp.gov.br/pncp-api/v1/orgaos/42318949001318/compras/2026/57/arquivos/1;;42318949001318-1-000057/2026;;2026-10-02 18:30:19.921771;Não informado
Prazo aberto no cadastro PNCP;Software sem marca / validar fornecimento;;MUNICIPIO DE CRUCILANDIA;Unidade Única;Municipal;Crucilândia;MG;Edital nº 56/2026;2026-10-26 10:00:00;2026-10-02 00:00:00;;;Pregão - Eletrônico;Não/não informado;CONTRATAÇÃO DE EMPRESA ESPECIALIZADA PARA DISPONIBILIZAÇÃO DE SOLUÇÃO TECNOLÓGICA INTEGRALMENTE ACESSÍVEL EM AMBIENTE WEB, NO MODELO SOFTWARE COMO SERVIÇO – SAAS, DESTINADA AO ACOMPANHAMENTO, PROCESSAMENTO, CONFERÊNCIA, ANÁLISE E MONITORAMENTO DAS INFORMAÇÕES RELACIONADAS AO VALOR ADICIONADO FISCAL – VAF, AOS ELEMENTOS RELACIONADOS À COMPOSIÇÃO DO ÍNDICE DE PARTICIPAÇÃO DOS MUNICÍPIOS – IPM E AO CRITÉRIO EDUCAÇÃO UTILIZADO NA DISTRIBUIÇÃO DA RECEITA ESTADUAL;"Marca/modelo ou modalidade não definidos na triagem. Conferir itens e TR; possibilidade de revenda não confirmada.";Cadastro de busca oficial PNCP + itens oficiais + detalhe da contratação;https://pncp.gov.br/app/editais/18313007000129/2026/89;https://app2.licitardigital.com.br/pesquisa/115493;https://pncp.gov.br/pncp-api/v1/orgaos/18313007000129/compras/2026/89/arquivos/1;;18313007000129-1-000089/2026;;2026-10-05 10:07:50.734407;Não informado
Recebimento futuro anunciado;Software sem marca / validar fornecimento;;CENTRAIS ELETRICAS DE SANTA CATARINA SA;CENTRAIS ELETRICAS DE SANTA CATARINA SA - CELESC;Não se aplica;Florianópolis;SC;Edital nº 26/00647/2026;2026-10-27 14:00:00;2026-10-26 08:00:00;;;Pregão - Eletrônico;Não/não informado;Contratação de empresa para realizar os serviços de locação de sistemas geradores completos em fornecimento diretamente na média tensão, incluindo unidades geradoras, transformadores de potência e respectivos equipamentos de proteção, para as Agências Regionais de Florianópolis, Itajaí, Blumenau, Criciúma e Joinville, totalizando 36 MW efetivos para disponibilidade diária de funcionamento em regime de 24 horas, com dedicação de mão de obra exclusiva, de acordo com as especificações técnicas, constantes do Termo de Referência (Anexo I), a ser executada sob o regime de empreitada por preço global por lote.;"Marca/modelo ou modalidade não definidos na triagem. Conferir itens e TR; possibilidade de revenda não confirmada.";Cadastro de busca oficial PNCP + itens oficiais + detalhe da contratação;https://pncp.gov.br/app/editais/83878892000155/2026/175;https://licitacoes-e2.bb.com.br/aop-inter-estatico/visualizar-processo-publico/1101827;https://pncp.gov.br/pncp-api/v1/orgaos/83878892000155/compras/2026/175/arquivos/1;;83878892000155-1-000175/2026;;2026-10-02 11:38:01.126471;Não informado
Prazo aberto no cadastro PNCP;Software sem marca / validar fornecimento;;MUNICIPIO DE CEU AZUL;Departamento de Educação;Municipal;Céu Azul;PR;Edital nº PCE 73/2026;2026-10-28 08:00:00;2026-10-06 08:00:00;245750.0;194142.5;Pregão - Eletrônico;Não/não informado;contratação a seleção de empresa especializada para a prestação de serviços de implantação, administração, gerenciamento, emissão, fornecimento e operacionalização do Programa Cartão Educação - Auxílio Material Escolar, mediante disponibilização de cartão eletrônico e sistema informatizado de gestão, destinado à concessão de auxílio financeiro para aquisição exclusiva de materiais escolares aos estudantes regularmente matriculados nas etapas obrigatórias da Educação Básica da Rede Municipal de Ensino de Céu Azul - Paraná, compreendendo a Pré-escola (Infantil IV e V) e o Ensino Fundamental (1º ao 5º ano).;"Marca/modelo ou modalidade não definidos na triagem. Conferir itens e TR; possibilidade de revenda não confirmada.";API oficial PNCP de propostas abertas (varredura por UF) + itens oficiais + detalhe da contratação;https://pncp.gov.br/app/editais/76206473000101/2026/220;;https://pncp.gov.br/pncp-api/v1/orgaos/76206473000101/compras/2026/220/arquivos/1;;76206473000101-1-000220/2026;;2026-10-06 07:14:14;Não informado
Prazo aberto no cadastro PNCP;Software sem marca / validar fornecimento;;MUNICIPIO DE PADRE PARAISO;Unidade Única;Municipal;Padre Paraíso;MG;Edital nº 005/2026;2026-11-26 08:00:00;2026-10-01 08:00:00;1.0;0.79;Concorrência - Eletrônica;Não/não informado;PERMISSÃO DE LICENÇA PARA EXPLORAÇÃO DE USO DO ESPAÇO PÚBLICO RESERVADO PARA FUNCIONAMENTO A TÍTULO GRATUITO, DE 01 (UM) QUIOSQUE NA PRAÇA DE ESPORTES NO MUNICÍPIO DE PADRE PARAÍSO/MG.;"Marca/modelo ou modalidade não definidos na triagem. Conferir itens e TR; possibilidade de revenda não confirmada.";Cadastro de busca oficial PNCP + itens oficiais + detalhe da contratação;https://pncp.gov.br/app/editais/18404764000108/2026/70;https://app2.licitardigital.com.br/pesquisa/115373;https://pncp.gov.br/pncp-api/v1/orgaos/18404764000108/compras/2026/70/arquivos/2;https://pncp.gov.br/pncp-api/v1/orgaos/18404764000108/compras/2026/70/arquivos/3;18404764000108-1-000070/2026;;2026-10-02 11:35:42.011898;Não informado
Prazo aberto no cadastro PNCP;Software sem marca / validar fornecimento;;MUNICIPIO DE BRASILEIA;PREFEITURA MUNICIPAL DE BRASILEIA - AC;Municipal;Brasiléia;AC;Edital de Chamamento Público nº 10/2026;2026-12-29 08:25:00;2026-05-05 08:25:00;150000.0;118500.0;Credenciamento;Não/não informado;Contratação de serviços especializados de agenciamento de viagens, a serem executados sob demanda e sem exclusividade, compreendendo a reserva, emissão, marcação, remarcação, cancelamento, reembolso e endosso de passagens aéreas nacionais, bem como a entrega de bilhetes ou ordens de passagens, abrangendo todas as companhias aéreas que operam no território nacional, incluindo a intermediação para aquisição de passagens em todas as tarifas disponíveis, inclusive promocionais, a assessoria na definição de itinerários, a intermediação para autorização e envio de excesso de bagagem, quando necessário, além do suporte operacional contínuo, com utilização de sistemas informatizados que assegurem agilidade, transparência e controle.;"Marca/modelo ou modalidade não definidos na triagem. Conferir itens e TR; possibilidade de revenda não confirmada.";API oficial PNCP de propostas abertas (varredura por UF) + itens oficiais + detalhe da contratação;https://pncp.gov.br/app/editais/04508933000145/2026/3;;https://pncp.gov.br/pncp-api/v1/orgaos/04508933000145/compras/2026/3/arquivos/2;https://pncp.gov.br/pncp-api/v1/orgaos/04508933000145/compras/2026/3/arquivos/1;04508933000145-1-000003/2026;;2026-05-04 10:31:43;Não informado
Prazo aberto no cadastro PNCP;Software sem marca / validar fornecimento;;MUNICIPIO DE SANTO ANTONIO DO DESCOBERTO;FUNDO DE PREVIDENCIA SOCIAL SADPREV;Municipal;Santo Antônio do Descoberto;GO;Aviso de Contratação Direta nº 7272/2026;2026-12-31 10:08:41;2026-02-19 09:40:41;13230.0;10451.7;Dispensa;Não/não informado;CONTRATAÇÃO DE SERVIÇOS DE LOCAÇÃO DE SISTEMA CMS DE GESTÃO DE SITE, PORTAL TRANSPARÊNCIA, PAINEL PRÓ-GESTÃO E IMPLANTAÇÃO DE SITE PARA ATENDER AS NECESSIDADES ADMINISTRATIVAS DO FUNDO DE PREVIDÊNCIA ;"Marca/modelo ou modalidade não definidos na triagem. Conferir itens e TR; possibilidade de revenda não confirmada.";Cadastro de busca oficial PNCP + itens oficiais + detalhe da contratação;https://pncp.gov.br/app/editais/00097857000171/2026/42;;https://pncp.gov.br/pncp-api/v1/orgaos/00097857000171/compras/2026/42/arquivos/1;;00097857000171-1-000042/2026;;2026-04-13 10:33:30.342930;Não informado
Prazo aberto no cadastro PNCP;Software sem marca / validar fornecimento;;MUNICIPIO DE RIO REAL;SECRETARIA MUNICIPAL DE ADMINISTRAÇÃO;Municipal;Rio Real;BA;Edital de Chamamento Público nº 003/2026;2027-01-14 09:00:00;2026-01-14 09:00:00;284023.39;224378.47;Credenciamento;Não/não informado;CREDENCIAMENTO PARA SERVIÇOS DE DIVULGAÇÃO INSTITUCIONAL EM CARRO DE SOM E LOCAÇÃO DE SISTEMAS DE SOM DE PEQUENO, MÉDIO E GRANDE PORTE E MÃO DE OBRA DE LOCUTOR, CONFORME DEMANDA DAS SECRETARIAS MUNICIPAIS.;"Marca/modelo ou modalidade não definidos na triagem. Conferir itens e TR; possibilidade de revenda não confirmada.";Cadastro de busca oficial PNCP + itens oficiais + detalhe da contratação;https://pncp.gov.br/app/editais/15088800000183/2026/9;;https://pncp.gov.br/pncp-api/v1/orgaos/15088800000183/compras/2026/9/arquivos/2;;15088800000183-1-000009/2026;;2026-01-13 10:47:24.933672;Não informado
Prazo aberto no cadastro PNCP;Software sem marca / validar fornecimento;;INSTITUTO DE PREV DOS SERV PUBLICOS DO EST DE RONDONIA;ERO-INSTITUTO PREV SERV PUBLICOS EST.RONDONIA;Estadual;Porto Velho;RO;Edital nº 85/2026;2027-02-09 00:00:00;2026-02-09 00:00:00;45177.0;35689.83;Pregão - Eletrônico;Não/não informado;"Sistema de painel de vídeo wall com 4 (quatro) monitores profissionais de 55"", 1 (um) gerenciador, suportes e software de controle, com instalação.";"Marca/modelo ou modalidade não definidos na triagem. Conferir itens e TR; possibilidade de revenda não confirmada.";Cadastro de busca oficial PNCP + itens oficiais + detalhe da contratação;https://pncp.gov.br/app/editais/15849540000111/2026/2;contratosgov.com.br/Transparencia/DetalhesContratacao?hsCliente=iperon&p_idContratacao=2245;https://pncp.gov.br/pncp-api/v1/orgaos/15849540000111/compras/2026/2/arquivos/1;;15849540000111-1-000002/2026;;2026-02-11 10:29:24.112271;Não informado
Prazo aberto no cadastro PNCP;Software sem marca / validar fornecimento;;MUNICIPIO DE PORTO FRANCO;PREFEITURA MUNICIPAL DE PORTO FRANCO - MA;Municipal;Porto Franco;MA;Edital de Chamamento Público nº 1/2027;2027-02-11 10:52:00;2026-02-26 11:52:00;;;Credenciamento;Não/não informado;Pré-Qualificação para seleção de empresas para implantação de Projeto de Educação 4.0 (educação científica, tecnológica e digital), alinhado à Base Nacional Comum Curricular (BNCC) e à Política Nacional de Educação Digital (PNED), utilizando Metodologias Ativas como Educação Maker e aprendizado STEAM, contemplando, principalmente, materiais pedagógicos e formação em Robótica Educacional, software de programação visual, atendendo as necessidades  da Secretaria Municipal de Educação de Porto Franc;"Marca/modelo ou modalidade não definidos na triagem. Conferir itens e TR; possibilidade de revenda não confirmada.";Cadastro de busca oficial PNCP + itens oficiais + detalhe da contratação;https://pncp.gov.br/app/editais/06208946000124/2027/1;;https://pncp.gov.br/pncp-api/v1/orgaos/06208946000124/compras/2027/1/arquivos/1;;06208946000124-1-000001/2027;;2026-02-11 11:04:08.170342;Não informado
Prazo aberto no cadastro PNCP;Software sem marca / validar fornecimento;;MUNICIPIO DE PARAZINHO;MUNICIPIO DE PARAZINHO;Municipal;Parazinho;RN;Edital de Chamamento Público nº 2/2026;2027-03-29 08:00:00;2026-03-30 08:00:00;351978.0;278062.62;Credenciamento;Não/não informado;"Contratação de empresa(s) especializada(s) para prestação de serviços de gerenciamento e 
realização de exames laboratoriais, incluindo o fornecimento de insumos para coletas a vácuo, transporte de 
amostras biológicas, execução dos exames e entrega de resultados via sistema informatizado, para atender a 
demanda da Secretaria Municipal de Saúde de Parazinho/RN.";"Marca/modelo ou modalidade não definidos na triagem. Conferir itens e TR; possibilidade de revenda não confirmada.";API oficial PNCP de propostas abertas (varredura por UF) + itens oficiais + detalhe da contratação;https://pncp.gov.br/app/editais/08113631000129/2026/2;;https://pncp.gov.br/pncp-api/v1/orgaos/08113631000129/compras/2026/2/arquivos/1;;08113631000129-1-000002/2026;;2026-03-30 11:37:23;Não informado
Prazo aberto no cadastro PNCP;Software sem marca / validar fornecimento;;MUNICIPIO DE PATROCINIO;SECRETARIA DE COMPRAS E LICITAÇÃO;Municipal;Patrocínio;MG;Edital de Chamamento Público nº 10/2026;2027-04-08 08:01:00;2026-04-08 08:00:00;5340000.0;4218600.0;Credenciamento;Não/não informado;"CREDENCIAMENTO DE EMPRESAS ESPECIALIZADAS PARA A PRESTAÇÃO DE SERVIÇOS MECÂNICOS E DEMAIS SERVIÇOS AUTOMOTIVOS, FORNECIMENTO DE PEÇAS ORIGINAIS E/OU GENUÍNAS, COMPONENTES E ACESSÓRIOS AUTOMOTIVOS NOVOS PARA VEÍCULOS PESADOS SENDO DO TIPO MICRO-ÔNIBUS, ÔNIBUS E CAMINHÕES PELO MAIOR DESCONTO SOBRE A TABELA DO SOFTWARE ""TRAZ VALOR"", EM CONFORMIDADE COM O TERMO DE REFERÊNCIA PARA ATENDER A MANUTENÇÃO PREVENTIVA E CORRETIVA DA FROTA DO MUNICÍPIO DE PATROCÍNIO/MG.";"Marca/modelo ou modalidade não definidos na triagem. Conferir itens e TR; possibilidade de revenda não confirmada.";Cadastro de busca oficial PNCP + itens oficiais + detalhe da contratação;https://pncp.gov.br/app/editais/18468033000126/2026/75;;https://pncp.gov.br/pncp-api/v1/orgaos/18468033000126/compras/2026/75/arquivos/1;;18468033000126-1-000075/2026;;2026-03-27 10:15:02.979828;Não informado
Prazo aberto no cadastro PNCP;Software sem marca / validar fornecimento;;INSTITUTO FEDERAL DE EDUCACAO, CIENCIA E TECNOLOGIA DE SAO PAULO;INST.FED.DE EDUC.,CIENC.E TEC.DE SÃO PAULO;Federal;São Paulo;SP;Edital de Chamamento Público nº 41/2026;2027-04-21 18:00:00;2026-04-22 08:00:00;1079991.81;853193.52;Credenciamento;Não/não informado;"Contratação, por meio de credenciamento, de empresas especializadas na prestação de serviços de intermediação de soluções de computação em nuvem (cloud broker), com agregação de valor, contemplando o fornecimento, gestão, suporte técnico, treinamento e serviços especializados associados ao uso de ambientes multinuvem (multicloud), conforme condições estabelecidas no Termo de Referência.
A solução compreende a disponibilização de serviços de computação em nuvem nativos e não nativos dos provedores (CSPs), incluindo recursos de infraestrutura, plataforma e software (IaaS, PaaS e SaaS), bem como serviços complementares de sustentação, operação assistida, governança, segurança da informação, otimização de custos (FinOps) e apoio técnico especializado.
O modelo de contratação prevê a atuação de intermediadores (brokers) responsáveis pela integração, gestão e suporte dos serviços contratados junto aos provedores de nuvem, possibilitando a utilização de múltiplos ambientes de forma integrada, com flexibilidade, escalabilidade e mitigação de riscos de dependência tecnológica (vendor lock-in).
A execução contratual observará dinâmica de contratação sob demanda, com base em tabelas públicas dos provedores e aplicação de descontos ofertados pelos credenciados, permitindo competição contínua entre fornecedores e garantindo economicidade, eficiência e aderência às necessidades institucionais.";"Marca/modelo ou modalidade não definidos na triagem. Conferir itens e TR; possibilidade de revenda não confirmada.";Cadastro de busca oficial PNCP + itens oficiais + detalhe da contratação;https://pncp.gov.br/app/editais/10882594000165/2026/122;;https://pncp.gov.br/pncp-api/v1/orgaos/10882594000165/compras/2026/122/arquivos/21;https://pncp.gov.br/pncp-api/v1/orgaos/10882594000165/compras/2026/122/arquivos/9;10882594000165-1-000122/2026;;2026-04-17 10:57:54.229614;Não informado
Prazo aberto no cadastro PNCP;Software sem marca / validar fornecimento;;MUNICIPIO DE PATROCINIO;SECRETARIA DE COMPRAS E LICITAÇÃO;Municipal;Patrocínio;MG;Edital de Chamamento Público nº 13/2026;2027-04-22 08:00:00;2026-04-22 08:00:00;3722690.0;2940925.1;Credenciamento;Não/não informado;"CREDENCIAMENTO DE EMPRESAS ESPECIALIZADAS PARA A PRESTAÇÃO DE SERVIÇOS MECÂNICOS E DEMAIS SERVIÇOS AUTOMOTIVOS, FORNECIMENTO DE PEÇAS ORIGINAIS E/OU GENUÍNAS, COMPONENTES E ACESSÓRIOS AUTOMOTIVOS NOVOS PARA VEÍCULOS LEVES E MÉDIOS SENDO DO TIPO MOTOCICLETAS, VEÍCULOS LEVES E VEÍCULOS MÉDIOS, NAS VERSÕES DIESEL E FLEX, PELO MAIOR DESCONTO SOBRE A TABELA DO SOFTWARE ""TRAZ VALOR"", EM CONFORMIDADE COM O TERMO DE REFERÊNCIA PARA ATENDER A MANUTENÇÃO PREVENTIVA E CORRETIVA DA FROTA DO MUNICÍPIO DE PATROCÍNIO/MG.";"Marca/modelo ou modalidade não definidos na triagem. Conferir itens e TR; possibilidade de revenda não confirmada.";Cadastro de busca oficial PNCP + itens oficiais + detalhe da contratação;https://pncp.gov.br/app/editais/18468033000126/2026/97;;https://pncp.gov.br/pncp-api/v1/orgaos/18468033000126/compras/2026/97/arquivos/1;;18468033000126-1-000097/2026;;2026-04-10 15:55:41.830036;Não informado
Prazo aberto no cadastro PNCP;Software sem marca / validar fornecimento;;MUNICIPIO DE PATROCINIO;SECRETARIA DE COMPRAS E LICITAÇÃO;Municipal;Patrocínio;MG;Edital de Chamamento Público nº 18/2026;2027-04-30 08:01:00;2026-04-30 08:00:00;2800000.0;2212000.0;Credenciamento;Não/não informado;"CREDENCIAMENTO DE EMPRESAS ESPECIALIZADAS PARA A PRESTAÇÃO DE SERVIÇOS MECÂNICOS E DEMAIS SERVIÇOS VEICULARES, FORNECIMENTO DE PEÇAS ORIGINAIS E/OU GENUÍNAS, COMPONENTES E ACESSÓRIOS AUTOMOTIVOS NOVOS PARA VEÍCULOS PESADOS DA LINHA VERDE E AMARELA PELO MAIOR DESCONTO SOBRE A TABELA DO SOFTWARE ""TRAZ VALOR"", EM CONFORMIDADE COM O TERMO DE REFERÊNCIA PARA ATENDER A MANUTENÇÃO PREVENTIVA E CORRETIVA DA FROTA DO MUNICÍPIO DE PATROCÍNIO/MG.";"Marca/modelo ou modalidade não definidos na triagem. Conferir itens e TR; possibilidade de revenda não confirmada.";Cadastro de busca oficial PNCP + itens oficiais + detalhe da contratação;https://pncp.gov.br/app/editais/18468033000126/2026/212;;https://pncp.gov.br/pncp-api/v1/orgaos/18468033000126/compras/2026/212/arquivos/1;;18468033000126-1-000212/2026;;2026-07-17 09:28:49.397210;Não informado
Prazo aberto no cadastro PNCP;Software sem marca / validar fornecimento;;MUNICIPIO DE CAREACU;Unidade Única;Municipal;Careaçu;MG;Edital de Chamamento Público nº 03/2026;2027-05-08 23:59:59;2026-05-08 00:00:00;3980000.0;3144200.0;Credenciamento;Não/não informado;"CREDENCIAMENTO DE EMPRESAS ESPECIALIZADAS PARA A PRESTAÇÃO DE SERVIÇOS MECÂNICOS E DEMAIS SERVIÇOS AUTOMOTIVOS, FORNECIMENTO DE PEÇAS ORIGINAIS E/OU GENUÍNAS, COMPONENTES E ACESSÓRIOS AUTOMOTIVOS NOVOS PARA VEÍCULOS LEVES E PESADOS, PELO MAIOR DESCONTO SOBRE A TABELA DO SOFTWARE ""TRAZ VALOR"", EM CONFORMIDADE COM O TERMO DE REFERÊNCIA PARA ATENDER A MANUTENÇÃO PREVENTIVA E CORRETIVA DA FROTA DO MUNICÍPIO DE CAREAÇU/MG";"Marca/modelo ou modalidade não definidos na triagem. Conferir itens e TR; possibilidade de revenda não confirmada.";Cadastro de busca oficial PNCP + itens oficiais + detalhe da contratação;https://pncp.gov.br/app/editais/17935388000115/2026/50;https://app2.licitardigital.com.br/pesquisa/99744;https://pncp.gov.br/pncp-api/v1/orgaos/17935388000115/compras/2026/50/arquivos/1;;17935388000115-1-000050/2026;;2026-05-08 10:23:40.684687;Não informado
Prazo aberto no cadastro PNCP;Software sem marca / validar fornecimento;;CONSORCIO INTERGESTORES DE SAUDE DA 5A REGIAO DE SAUDE DO PARANA - CIS5RS;Diretoria Executiva;Não se aplica;Guarapuava;PR;Edital de Chamamento Público nº 1/2026;2027-07-21 09:00:00;2026-07-22 09:00:00;2425232.64;1915933.78;Credenciamento;Não/não informado;CREDENCIAMENTO DE PESSOAS JURÍDICAS PARA A PRESTAÇÃO DE SERVIÇOS ESPECIALIZADOS EM SISTEMA INFORMATIZADO NA ÁREA DA SAÚDE PARA OS MUNICÍPIOS CONSORCIADOS AO CIS5RS, COMPATÍVEL COM A PLATAFORMA, A BASE DE DADOS E ACESSANDO FERRAMENTAS JÁ EXISTENTES EM TEMPO REAL, INTEGRANDO ASSIM O SISTEMA JÁ USADO PELO CIS5RS , COM PAGAMENTO BASEADO NOS VALORES CONSTANTES DA TABELA DO CIS5RS;"Marca/modelo ou modalidade não definidos na triagem. Conferir itens e TR; possibilidade de revenda não confirmada.";API oficial PNCP de propostas abertas (varredura por UF) + itens oficiais + detalhe da contratação;https://pncp.gov.br/app/editais/36330988000102/2026/156;;https://pncp.gov.br/pncp-api/v1/orgaos/36330988000102/compras/2026/156/arquivos/1;;36330988000102-1-000156/2026;;2026-08-05 14:58:01;Não informado
Prazo aberto no cadastro PNCP;Software sem marca / validar fornecimento;;MUNICIPIO DE CAPIM GROSSO;SECRETARIA DE ADMINISTRAÇÃO;Municipal;Capim Grosso;BA;Edital de Chamamento Público nº 019/2026;2027-08-05 08:00:00;2026-08-06 08:00:00;623750.0;492762.5;Credenciamento;Não/não informado;CREDENCIAMENTO DE PESSOAS JURÍDICAS PARA PRESTAÇÃO DE SERVIÇOS PARA LOCAÇÃO DE SISTEMAS DE SONORIZAÇÃO DE PEQUENO PORTE E CARRO DE SOM COM LOCUÇÃO AO VIVO OU GRAVADA, POR HORA, DESTINADOS AO ATENDIMENTO DAS DEMANDAS DAS SECRETARIAS MUNICIPAIS DA PREFEITURA DE CAPIM GROSSO – BA.;"Marca/modelo ou modalidade não definidos na triagem. Conferir itens e TR; possibilidade de revenda não confirmada.";Cadastro de busca oficial PNCP + itens oficiais + detalhe da contratação;https://pncp.gov.br/app/editais/13230982000150/2026/149;;https://pncp.gov.br/pncp-api/v1/orgaos/13230982000150/compras/2026/149/arquivos/6;;13230982000150-1-000149/2026;;2026-08-05 15:25:09.098961;Não informado
Prazo aberto no cadastro PNCP;Software sem marca / validar fornecimento;;POLICIA MILITAR DO ESTADO DO PARA;PMPA;Estadual;Belém;PA;Edital nº 064/2026;2027-08-05 10:55:00;2026-08-06 10:56:00;24999.98;19749.98;Pregão - Eletrônico;Sim;aquisição de Smartphone (telefone móvel) que possua sistemas nativos de software, com otimização de vídeo e processamento, suporte a Codecs com qualidade superior, fluidez, estabilidade, atualizações e performance que favoreça a melhor comunicação, eficiência e eficácia com as plataformas de redes sociais mais atuais (exemplo Instagram), mantendo a qualidade máxima dos vídeos e fotos após a postagem;"Marca/modelo ou modalidade não definidos na triagem. Conferir itens e TR; possibilidade de revenda não confirmada.";API oficial PNCP de propostas abertas (varredura por UF) + itens oficiais + detalhe da contratação;https://pncp.gov.br/app/editais/05054994000142/2026/67;;https://pncp.gov.br/pncp-api/v1/orgaos/05054994000142/compras/2026/67/arquivos/1;;05054994000142-1-000067/2026;;2026-09-29 11:25:37;Não informado
Prazo aberto no cadastro PNCP;Software sem marca / validar fornecimento;;CAMARA MUNICIPAL DE SOLEDADE DE MINAS;GABINETE E SECRETARIA DA CAMARA;Municipal;Soledade de Minas;MG;Edital de Chamamento Público nº 10/2026;2027-09-09 15:01:00;2026-09-09 15:00:00;13323.6;10525.64;Credenciamento;Não/não informado;Disponibilização do beneficio por meio do cartão eletrônico com Chip de segurança, associado a aplicativo para dispositivos móveis e sistema informatizado de gestão;"Marca/modelo ou modalidade não definidos na triagem. Conferir itens e TR; possibilidade de revenda não confirmada.";API oficial PNCP de propostas abertas (varredura por UF) + itens oficiais + detalhe da contratação;https://pncp.gov.br/app/editais/08510524000134/2026/24;https://bnccompras.com/Process/ProcessView?;https://pncp.gov.br/pncp-api/v1/orgaos/08510524000134/compras/2026/24/arquivos/1;;08510524000134-1-000024/2026;;2026-09-10 13:27:59;Não informado
Prazo aberto no cadastro PNCP;Software sem marca / validar fornecimento;;MUNICIPIO DE CAETANOS;Prefeitura Municipal de Caetanos;Municipal;Caetanos;BA;Edital de Chamamento Público nº 008/2026;2027-10-02 17:00:00;2026-10-02 08:00:00;179588.33;141874.78;Credenciamento;Não/não informado;"Credenciamento de empresas especializadas para prestação de serviços e disponibilização de solução, por itens independentes, compreendendo: locação de sistema de digitalização de imagens para Raios-X DR; serviço de dosimetria pessoal; manutenção preventiva de equipamento de Raios-X fixo ALTUS; manutenção preventiva de câmara de conservação de 350 litros; manutenção preventiva de conservadora CSV de 280 litros; manutenção preventiva de conservadora CSV de 120 litros; e manutenção corretiva, mediante hora técnica, de equipamentos médico-hospitalares da Secretaria Municipal de Saúde de Caetanos/BA.";"Marca/modelo ou modalidade não definidos na triagem. Conferir itens e TR; possibilidade de revenda não confirmada.";Cadastro de busca oficial PNCP + itens oficiais + detalhe da contratação;https://pncp.gov.br/app/editais/16418717000198/2026/20;sai.io.org.br/site/PublicadoPncp/171727?localConsulta=2&cod=1570;https://pncp.gov.br/pncp-api/v1/orgaos/16418717000198/compras/2026/20/arquivos/1;;16418717000198-1-000020/2026;;2026-10-01 10:08:37.339938;Não informado
