Situação apurada;Enquadramento;Produtos/marcas;Órgão;Unidade compradora;Esfera;Cidade;UF;Edital / aviso;Prazo de propostas / fim vigência;Início propostas / vigência;Valor estimado TOTAL (R$);Teto de custo TOTAL p/ margem 15% (R$);Modalidade;Registro de preços;Objeto integral;Pontos a conferir;Verificação realizada;Link PNCP;Portal de disputa / origem;Edital ou aviso (arquivo);Termo de referência (arquivo);Controle PNCP;Duplicidade provável de;Publicação PNCP;Adesão da ata (cadastro)
Prazo aberto no cadastro PNCP;Sistema especializado / serviços;;MUNICIPIO DE CAMPOS DO JORDAO;Prefeitura Municipal da Est. Turística de Campos do Jordão;Municipal;Campos do Jordão;SP;Edital de Chamamento Público nº 006 - CONACIN/2026;2026-10-08 23:59:00;2026-09-16 08:00:00;;;Manifestação de Interesse;Não/não informado;O CONACIN – CONSÓRCIO PÚBLICO INTERMUNICIPAL DE CIDADES INTELIGENTES, pessoa jurídica de direito público, devidamente inscrito no CNPJ sob o número 63.161.279/0001-05, na qualidade de órgão gerenciador, torna pública, para conhecimento dos interessados, a abertura de Intenção de Registro de Preços n.º 006/2026, visando a abertura de futuro procedimento licitatório, pelo Sistema de Registro de Preços, destinado à CONTRATAÇÃO DE EMPRESA ESPECIALIZADA NO FORNECIMENTO, NA MODALIDADE SOFTWARE COMO SERVIÇO (SAAS), DE SOLUÇÃO DE CORREIO ELETRÔNICO INSTITUCIONAL, COMPREENDENDO LICENCIAMENTO DE USO, HOSPEDAGEM, MIGRAÇÃO, CONFIGURAÇÃO, IMPLANTAÇÃO, TREINAMENTO, SUPORTE TÉCNICO, MANUTENÇÃO, BACKUP, SEGURANÇA, ANTISPAM, QUARENTENA, MONITORAMENTO E DEMAIS SERVIÇOS CORRELATOS.;Pode envolver implantação, operação, hardware ou desenvolvimento. Não presumir fornecimento apenas de assinatura.;Cadastro de busca oficial PNCP + itens oficiais + detalhe da contratação;https://pncp.gov.br/app/editais/45699626000176/2026/466;http://www.licitacaocamposdojordao.com.br;https://pncp.gov.br/pncp-api/v1/orgaos/45699626000176/compras/2026/466/arquivos/1;;45699626000176-1-000466/2026;;2026-09-15 16:31:27.328331;Não informado
Prazo aberto no cadastro PNCP;Sistema especializado / serviços;;MUNICIPIO DE CAMPOS DO JORDAO;Prefeitura Municipal da Est. Turística de Campos do Jordão;Municipal;Campos do Jordão;SP;Edital de Chamamento Público nº 005 - CONACIN/2026;2026-10-08 23:59:00;2026-09-16 08:00:00;;;Manifestação de Interesse;Não/não informado;O CONACIN – CONSÓRCIO PÚBLICO INTERMUNICIPAL DE CIDADES INTELIGENTES, pessoa jurídica de direito público, devidamente inscrito no CNPJ sob o número 63.161.279/0001-05, na qualidade de órgão gerenciador, torna pública, para conhecimento dos interessados, a abertura de Intenção de Registro de Preços n.º 005/2026, visando a abertura de futuro procedimento licitatório, pelo Sistema de Registro de Preços, destinado à CONTRATAÇÃO DE EMPRESA ESPECIALIZADA NA EXECUÇÃO DO CADASTRO TERRITORIAL MULTIFINALITÁRIO (CTM), COMPREENDENDO O LEVANTAMENTO AEROFOTOGRAMÉTRICO DIGITAL E ORBITAL, A ATUALIZAÇÃO DA BASE CADASTRAL E DO MAPA DIGITAL URBANO, A REVISÃO DA PLANTA GENÉRICA DE VALORES (PGV) E O FORNECIMENTO, NA MODALIDADE SOFTWARE COMO SERVIÇO (SAAS), DE SOLUÇÕES TECNOLÓGICAS DE GESTÃO TERRITORIAL, TRIBUTÁRIA, AMBIENTAL E DE MONITORAMENTO DE EVENTOS CLIMÁTICOS.;Pode envolver implantação, operação, hardware ou desenvolvimento. Não presumir fornecimento apenas de assinatura.;Cadastro de busca oficial PNCP;https://pncp.gov.br/app/editais/45699626000176/2026/465;http://www.licitacaocamposdojordao.com.br;;;45699626000176-1-000465/2026;;2026-09-15 16:20:36.410408;Não informado
Prazo aberto no cadastro PNCP;Sistema especializado / serviços;;TIMBO CAMARA DE VEREADORES;Atividades Legislativas;Municipal;Timbó;SC;Edital nº PCE 1/2026;2026-10-09 00:00:00;2026-09-18 00:00:00;39406.5;31131.13;Pregão - Eletrônico;Não/não informado;Contratação de empresa especializada em desenvolvimento e fornecimento de sistemas de informática, para locação de sistema de Processo Legislativo Eletrônico em nuvem: A solução objeto deste pregão deverá ser fornecida na modalidade de locação de sistema em nuvem (SaaS - Software as a Service), modular, abrangendo todos os módulos do Processo Legislativo Eletrônico, além de serviço de treinamento, capacitação e serviços técnicos, migração, conversão, customização.;Pode envolver implantação, operação, hardware ou desenvolvimento. Não presumir fornecimento apenas de assinatura.;Cadastro de busca oficial PNCP;https://pncp.gov.br/app/editais/83497594000115/2026/38;;;;83497594000115-1-000038/2026;;2026-09-18 16:09:29.988277;Não informado
Prazo aberto no cadastro PNCP;Hardware ou solução integrada;;SECRETARIA DE ESTADO DOS DIREITOS DA PESSOA COM DEFICIENCIA;ESP-DEPARTAMENTO DE ADMINISTRACAO  PES.DEFIC.;Estadual;São Paulo;SP;Aviso de Contratação Direta nº 67/2026;2026-10-09 08:00:00;2026-10-06 08:00:00;30847.91;24369.84;Dispensa;Não/não informado;Aquisição de equipamentos eletrônicos e mobiliários para estúdio de gravação de vídeos e programas de áudio digital, com instalação e garantia de suporte técnico;Pode envolver implantação, operação, hardware ou desenvolvimento. Não presumir fornecimento apenas de assinatura.;Cadastro de busca oficial PNCP;https://pncp.gov.br/app/editais/09495438000162/2026/57;https://cnetmobile.estaleiro.serpro.gov.br/comprasnet-web/public/compras/acompanhamento-compra?compra=47010206000672026;;;09495438000162-1-000057/2026;;2026-10-05 15:45:34.966126;Não informado
Prazo aberto no cadastro PNCP;Hardware ou solução integrada;;CONSELHO REGIONAL DE CONTABILIDADE DO ESTADO DO AMAZONAS;CONSELHO REG. DE CONTABILIDADE DO AMAZONAS;Federal;Manaus;AM;Aviso de Contratação Direta nº 24/2026;2026-10-09 08:00:00;2026-10-05 15:30:00;54530.01;43078.7;Dispensa;Não/não informado;"Aquisição de 03 (três) estações de trabalho completas, compostas por computadores, monitores, nobreaks, periféricos, licenças e demais acessórios necessários ao pleno funcionamento, destinadas à estruturação dos postos de trabalho dos novos servidores concursados do Conselho Regional de Contabilidade do Amazonas – CRCAM.

A solução deverá contemplar, no mínimo:

03 (três) computadores completos, em formato compacto ou equivalente;

06 (seis) monitores, sendo 02 (dois) por estação de trabalho;

03 (três) nobreaks, sendo 01 (um) por estação;

03 (três) conjuntos de teclado e mouse com fio;

03 (três) licenças de sistema operacional profissional, original e devidamente licenciada;

licenças de aplicativos de escritório compatíveis com as atividades institucionais;

cabos, conectores, adaptadores e demais acessórios necessários à instalação e ao pleno funcionamento dos equipamentos.";Pode envolver implantação, operação, hardware ou desenvolvimento. Não presumir fornecimento apenas de assinatura.;Cadastro de busca oficial PNCP;https://pncp.gov.br/app/editais/04165775000178/2026/39;https://cnetmobile.estaleiro.serpro.gov.br/comprasnet-web/public/compras/acompanhamento-compra?compra=92665006000242026;;;04165775000178-1-000039/2026;;2026-10-05 14:45:09.971455;Não informado
Prazo aberto no cadastro PNCP;Sistema especializado / serviços;;COMPANHIA NACIONAL DE ABASTECIMENTO;SEDE SUREG BAHIA;Federal;Salvador;BA;Aviso de Contratação Direta nº 15/2026;2026-10-09 08:00:00;2026-10-02 08:00:00;2531.15;1999.6;Dispensa;Não/não informado;Contratação de empresa especializada na prestação de Serviços de Telefonia Fixa Comutada (STFC) com tecnologia VoIP (PABX em Nuvem), em regime de solução completa (turn key), incluindo plataforma, licenças, aparelhos IP em comodato, portabilidade, instalação, configuração e suporte técnico, para atendimento das demandas da Sede (Salvador/BA) e das Unidades Armazenadoras (Irecê, Itaberaba e Ribeira do Pombal);Pode envolver implantação, operação, hardware ou desenvolvimento. Não presumir fornecimento apenas de assinatura.;Cadastro de busca oficial PNCP;https://pncp.gov.br/app/editais/26461699000180/2026/331;https://cnetmobile.estaleiro.serpro.gov.br/comprasnet-web/public/compras/acompanhamento-compra?compra=13510106000152026;;;26461699000180-1-000331/2026;;2026-10-01 15:10:09.874176;Não informado
Prazo aberto no cadastro PNCP;Sistema especializado / serviços;;MUNICIPIO DE PACAJUS;Pacajus;Municipal;Pacajus;CE;Edital nº 050/2026-PE/2026;2026-10-09 08:00:00;2026-09-25 00:01:00;116843.04;92306.0;Pregão - Eletrônico;Não/não informado;CONTRATAÇÃO DE EMPRESA ESPECIALIZADA PARA PRESTAÇÃO DE SERVIÇOS DE LICENÇAS DE USO DE SISTEMA INFORMATIZADO PARA USO DOS SETORES DE CONTABILIDADE, LICITAÇÃO, ALMOXARIFADO, PATRIMÔNIO, LOCAÇÃO DE SISTEMA INFORMATIZADO PARA PUBLICAÇÃO DE DADOS PARA ATENDER AS EXIGENCIAS DA LEI N°12.527/2011 E COMPLEMENTAR N°131/2009(LEI DA TRANSFERENCIA PUBLICA), SOB RESPONSABILIDADE DA SECRETARIA DE ADMINISTRAÇÃO E FINANÇAS DE PACAJUS/CE;Pode envolver implantação, operação, hardware ou desenvolvimento. Não presumir fornecimento apenas de assinatura.;Cadastro de busca oficial PNCP;https://pncp.gov.br/app/editais/07384407000109/2026/149;;;;07384407000109-1-000149/2026;;2026-09-24 08:20:06.345645;Não informado
Prazo aberto no cadastro PNCP;Sistema especializado / serviços;;MUNICIPIO DE ANAJATUBA;Secretaria Municipal de Administração;Municipal;Anajatuba;MA;Edital nº 040/2026;2026-10-09 08:00:00;2026-09-22 18:00:00;142138.68;112289.55;Pregão - Eletrônico;Não/não informado;Seleção da proposta mais vantajosa visando a contratação de empresa especializada para a implementação, manutenção e suporte técnico de software de gestão integrado, para atender as necessidades das Entidades Públicas do Município de Anajatuba/MA;Pode envolver implantação, operação, hardware ou desenvolvimento. Não presumir fornecimento apenas de assinatura.;API oficial PNCP de propostas abertas (varredura por UF) + itens oficiais + detalhe da contratação;https://pncp.gov.br/app/editais/06002372000133/2026/100;https://app2-compras.licitaanajatuba.com.br/pesquisa/8987;https://pncp.gov.br/pncp-api/v1/orgaos/06002372000133/compras/2026/100/arquivos/1;;06002372000133-1-000100/2026;;2026-09-24 12:26:24;Não informado
Prazo aberto no cadastro PNCP;Sistema especializado / serviços;;MUNICIPIO DE PASTOS BONS;Prefeitura Municipal de Pastos Bons;Municipal;Pastos Bons;MA;Edital nº 004/2026;2026-10-09 08:00:00;2026-09-24 10:00:00;10583490.49;8360957.48;Pregão - Eletrônico;Sim;Registro de Preços para contratação de empresa especializada na implantação de solução educacional integrada para implantação do Projeto Educacional de Letramento Digital e Científico, contemplando materiais didático-pedagógicos físicos e digitais, infraestrutura para ambientes de experimentação, equipamentos pedagógicos e tecnológicos, kits para aulas práticas e automação educacional, formação continuada de professores, acesso à plataforma educacional e utilização de software livre de programação visual, alinhada à BNCC, BNCC Computação, Política Nacional de Educação Digital (Lei nº 14.533/2023), Resolução CNE/CEB nº 2/2025 e Plano Nacional de Educação, na rede municipal de ensino de Pastos Bons (MA).;Pode envolver implantação, operação, hardware ou desenvolvimento. Não presumir fornecimento apenas de assinatura.;API oficial PNCP de propostas abertas (varredura por UF) + itens oficiais + detalhe da contratação;https://pncp.gov.br/app/editais/05277173000175/2026/30;http://www.compraspastosbonsma.com.br;https://pncp.gov.br/pncp-api/v1/orgaos/05277173000175/compras/2026/30/arquivos/1;;05277173000175-1-000030/2026;;2026-09-24 09:41:20;Não informado
Prazo aberto no cadastro PNCP;Sistema especializado / serviços;;MUNICIPIO DE FRANCISCO ALVES;Unidade administrativa;Municipal;Francisco Alves;PR;Aviso de Contratação Direta nº 11/2026;2026-10-09 08:00:00;2026-10-05 08:00:00;30155.6;23822.92;Dispensa;Não/não informado;Aquisição de 01 (um) Scanner Automotivo Profissional Multimarcas, incluindo licença de software, atualizações, cabos/adaptadores para a linha leve e pesada/linha amarela, maleta de transporte e suporte técnico, conforme especificações e condições constantes neste documento, conforme a necessidade da Secretaria Municipal de Infraestrutura de Francisco Alves, Estado do Paraná, através do memorial descritivo constante no anexo I do referido Edital.;Pode envolver implantação, operação, hardware ou desenvolvimento. Não presumir fornecimento apenas de assinatura.;Cadastro de busca oficial PNCP + itens oficiais + detalhe da contratação;https://pncp.gov.br/app/editais/77356665000167/2026/92;;https://pncp.gov.br/pncp-api/v1/orgaos/77356665000167/compras/2026/92/arquivos/1;;77356665000167-1-000092/2026;;2026-10-05 09:06:41.334126;Não informado
Prazo aberto no cadastro PNCP;Hardware ou solução integrada;;MUNICIPIO DE PARANACITY;MUNICÍPIO DE PARANACITY/PR;Municipal;Paranacity;PR;Aviso de Contratação Direta nº 018/2026;2026-10-09 08:00:00;2026-09-17 09:03:02;52030.94;41104.44;Dispensa;Não/não informado;[LICITANET] - CONTRATAÇÃO DE PESSOA JURÍDICA ESPECIALIZADA PARA O FORNECIMENTO DE RELÓGIOS DE PONTO ELETRÔNICO FACIAL, INCLUINDO INSTALAÇÃO, CONFIGURAÇÃO, PARAMETRIZAÇÃO DO SISTEMA, CAPACITAÇÃO DE USUÁRIOS, SUPORTE TÉCNICO, MANUTENÇÃO E DEMAIS SERVIÇOS NECESSÁRIOS À IMPLANTAÇÃO DA SOLUÇÃO, DESTINADOS AO CONTROLE DA JORNADA DE TRABALHO DOS SERVIDORES DA PREFEITURA MUNICIPAL DE PARANACITY/PR.;Pode envolver implantação, operação, hardware ou desenvolvimento. Não presumir fornecimento apenas de assinatura.;API oficial PNCP de propostas abertas (varredura por UF);https://pncp.gov.br/app/editais/76970334000150/2026/90;https://licitanet.com.br/sessao/201809;;;76970334000150-1-000090/2026;;2026-09-23 09:39:17;Não informado
Prazo aberto no cadastro PNCP;Hardware ou solução integrada;;MUNICIPIO DE ALTO DO RODRIGUES;Prefeitura Municipal de Alto do Rodrigues;Municipal;Alto do Rodrigues;RN;Edital nº 022/2026;2026-10-09 08:00:00;2026-09-11 18:00:00;1923498.36;1519563.7;Pregão - Eletrônico;Sim;"[Portal de Compras Públicas] - registro de preço para contratação de empresa especializada na prestação de serviços de locação de equipamentos de informática, do tipo impressoras, computadores desktop, notebooks, monitores, servidores, incluindo fornecimento de equipamentos novos para primeiro uso e em linha de produção; com serviços de instalação e configuração, licenças de software e suporte hardware/software, com suas respectivas garantias; manutenção preventiva e corretiva com fornecimento de peças e suprimentos necessários (exceto papel); suporte técnico remoto e presencial; e solução para monitoramento e gerenciamento de todo o parque e dos serviços executados para atender demanda dos órgãos participantes e do município de Alto do Rodrigues/RN";Pode envolver implantação, operação, hardware ou desenvolvimento. Não presumir fornecimento apenas de assinatura.;Cadastro de busca oficial PNCP;https://pncp.gov.br/app/editais/08184111000107/2026/28;https://www.portaldecompraspublicas.com.br/processos/RN/Prefeitura-Municipal-de-Alto-do-Rodrigues-1573/RPE-022-2026-2026-510854;;;08184111000107-1-000028/2026;;2026-09-11 16:05:50.081610;Não informado
Prazo aberto no cadastro PNCP;Sistema especializado / serviços;;CONSORCIO INTERMUNICIPAL DE DESENVOLVIMENTO SUSTENTAVEL DA SERRA GAUCHA - CISGA;CONSÓRCIO INTERMUNICIPAL DE DESENVOLVIMENTO SUSTENTÁVEL DA SERRA GAÚCHA;Não se aplica;Garibaldi;RS;Edital nº 0011/2026;2026-10-09 08:00:00;2026-09-25 08:00:00;;;Pregão - Eletrônico;Sim;Contratação de soluções de adequação à lei geral de proteção de dados (LGPD), serviços gerenciados de segurança cibernética, backup em nuvem e suporte técnico especializado, para atender às necessidades demandadas pelos municípios consorciados ao CP – CISGA.;Pode envolver implantação, operação, hardware ou desenvolvimento. Não presumir fornecimento apenas de assinatura.;Cadastro de busca oficial PNCP;https://pncp.gov.br/app/editais/14662467000101/2026/29;https://pregaobanrisul.com.br/editais/0011_2026/357159;;;14662467000101-1-000029/2026;;2026-09-24 14:11:21.813656;Não informado
Prazo aberto no cadastro PNCP;Sistema especializado / serviços;;SERVICO AUTONOMO DE AGUA E ESGOTO DE BARRETOS;SERVIÇO AUTÔNOMO DE ÁGUA E ESGOTO DE BARRETOS - SP;Municipal;Barretos;SP;Edital nº 000107/26/2026;2026-10-09 08:00:00;2026-09-28 08:00:00;418220.55;330394.23;Pregão - Eletrônico;Não/não informado;Aquisição de materiais destinados à automação do controle de nível dos reservatórios do sistema público de abastecimento de água, bem como conexões para manutenção das redes de distribuição, conforme especificações e quantitativos constantes neste documento, conforme especificações e quantitativos constantes no Anexo I – Termo de de referência;Pode envolver implantação, operação, hardware ou desenvolvimento. Não presumir fornecimento apenas de assinatura.;API oficial PNCP de propostas abertas (varredura por UF);https://pncp.gov.br/app/editais/45289329000152/2026/122;https://licitamaisbrasil.com.br/detalhes-do-edital/fjrXTaAGhINwubI0;;;45289329000152-1-000122/2026;;2026-09-25 10:23:20;Não informado
Prazo aberto no cadastro PNCP;Hardware ou solução integrada;;ESCOLA PREPARATORIA DE CADETES DO EXERCITO;ESCOLA PREPARATORIA DE CADETES DO EXERCITO;Federal;Campinas;SP;Aviso de Contratação Direta nº 114/2026;2026-10-09 08:00:00;2026-10-06 08:00:00;57225.0;45207.75;Dispensa;Não/não informado;Aquisição de workstation de alto desempenho para inteligência artificial e processamento de dados.;Pode envolver implantação, operação, hardware ou desenvolvimento. Não presumir fornecimento apenas de assinatura.;Cadastro de busca oficial PNCP;https://pncp.gov.br/app/editais/09559822000181/2026/36;https://cnetmobile.estaleiro.serpro.gov.br/comprasnet-web/public/compras/acompanhamento-compra?compra=16046806001142026;;;09559822000181-1-000036/2026;;2026-10-05 15:02:39.786787;Não informado
Prazo aberto no cadastro PNCP;Sistema especializado / serviços;;MUNICIPIO DE CARAPICUIBA;MUNICIPIO DE CARAPICUIBA;Municipal;Carapicuíba;SP;Aviso de Contratação Direta nº 71/2026;2026-10-09 08:00:00;2026-10-05 10:00:00;;;Dispensa;Não/não informado; - Contratação de empresa especializada no fornecimento de solução de software.;Pode envolver implantação, operação, hardware ou desenvolvimento. Não presumir fornecimento apenas de assinatura.;API oficial PNCP de propostas abertas (varredura por UF) + itens oficiais + detalhe da contratação;https://pncp.gov.br/app/editais/44892693000140/2026/239;;https://pncp.gov.br/pncp-api/v1/orgaos/44892693000140/compras/2026/239/arquivos/1;;44892693000140-1-000239/2026;;2026-10-05 09:38:12;Não informado
Prazo aberto no cadastro PNCP;Hardware ou solução integrada;;MUNICIPIO DE GUARAREMA;GERAL;Municipal;Guararema;SP;Edital nº 2/2026;2026-10-09 08:00:00;2026-08-07 16:00:00;5.0;3.95;Concorrência - Eletrônica;Não/não informado;OUTORGA ONEROSA COM A CONCESSÃO DOS SERVIÇOS DE IMPLANTAÇÃO, FISCALIZAÇÃO E ADMINISTRAÇÃO DO SISTEMA DE ESTACIONAMENTO ROTATIVO NAS VIAS PÚBLICAS E LOGRADOUROS DO MUNICÍPIO DE GUARAREMA-SP (PARADA LEGAL), ATRAVÉS DE SISTEMA INFORMATIZADO E FORNECIMENTO DE MÃO-DE-OBRA E EQUIPAMENTOS;Pode envolver implantação, operação, hardware ou desenvolvimento. Não presumir fornecimento apenas de assinatura.;API oficial PNCP de propostas abertas (varredura por UF);https://pncp.gov.br/app/editais/46523262000131/2026/202;;;;46523262000131-1-000202/2026;;2026-08-07 11:11:30;Não informado
Prazo aberto no cadastro PNCP;Sistema especializado / serviços;;CAMARA MUNICIPAL DE GUANHAES;Unidade Única;Municipal;Guanhães;MG;Aviso de Contratação Direta nº 4/2026;2026-10-09 08:30:00;2026-09-25 08:30:00;28924.76;22850.56;Dispensa;Não/não informado;CONTRATAÇÃO DE EMPRESA ESPECIALIZADA EM PRESTAÇÃO DE SERVIÇOS DE SOLUÇÃO INTEGRADA DE TELEFONIA EM NUVEM (CLOUD PBX/IP), COMPREENDENDO O LICENCIAMENTO DA PLATAFORMA, FORNECIMENTO DE APARELHOS TELEFÔNICOS IP, SERVIÇO DE VOZ ILIMITADO COM CANAIS E DDR, UNIDADE DE RESPOSTA AUDÍVEL (URA), SOFTWARE DE TARIFAÇÃO, GRAVAÇÃO DE CHAMADAS, MESA DE TELEFONISTA, SERVIÇO DE INFORMAÇÃO TELEFÔNICA, INSTALAÇÃO, CONFIGURAÇÃO, SUPORTE TÉCNICO E MANUTENÇÃO PREVENTIVA E CORRETIVA, VISANDO ATENDER ÀS NECESSIDADES DA CÂMARA MUNICIPAL DE GUANHÃES/MG.;Pode envolver implantação, operação, hardware ou desenvolvimento. Não presumir fornecimento apenas de assinatura.;Cadastro de busca oficial PNCP;https://pncp.gov.br/app/editais/01710897000100/2026/29;https://app2.licitardigital.com.br/pesquisa/111189;;;01710897000100-1-000029/2026;;2026-09-25 10:29:20.523750;Não informado
Prazo aberto no cadastro PNCP;Sistema especializado / serviços;;MUNICIPIO DE BORBOREMA;SUPERINTENDÊNCIA MUNICIPAL DE ADMINISTRAÇÃO;Municipal;Borborema;SP;Edital nº 25/2026;2026-10-09 08:30:00;2026-09-24 09:00:00;454070.4;358715.61;Pregão - Eletrônico;Não/não informado;CONTRATAÇÃO DE EMPRESA ESPECIALIZADA PARA PRESTAÇÃO DE SERVIÇOS CONTINUADOS DE TELECOMUNICAÇÕES SMP (SERVIÇO MÓVEL PESSOAL), COMPREENDENDO TELEFONIA MÓVEL COM VOZ, DADOS E SMS, SISTEMA DE GESTÃO VIA WEB E OS DEMAIS SERVIÇOS PRETENDIDOS, TAIS COMO, FORNECIMENTO DE CHIPS, SUPORTE TÉCNICO ESPECIALIZADO E PORTAL DE GESTÃO DE FATURAS, PARA ATENDIMENTO DAS NECESSIDADES DE COMUNICAÇÃO INSTITUCIONAL DA PREFEITURA MUNICIPAL DE BORBOREMA/SP, NOS TERMOS DAS OUTORGAS CONFERIDAS PELA AGÊNCIA NACIONAL DE TELECOMUNICAÇÕES (ANATEL).;Pode envolver implantação, operação, hardware ou desenvolvimento. Não presumir fornecimento apenas de assinatura.;API oficial PNCP de propostas abertas (varredura por UF);https://pncp.gov.br/app/editais/46737219000179/2026/148;;;;46737219000179-1-000148/2026;;2026-09-24 13:45:30;Não informado
Prazo aberto no cadastro PNCP;Sistema especializado / serviços;;MUNICIPIO DE IACANGA;PREFEITURA MUNICIPAL DE IACANGA;Municipal;Iacanga;SP;Edital nº 52/2026;2026-10-09 08:30:00;2026-09-25 08:00:00;83333.33;65833.33;Pregão - Eletrônico;Não/não informado;“contratação de empresa especializada para cessão de Sistema de Informações geográficas (SIG) e sua respectiva de Licença de Uso, para gestão e automação de solução de engenharia integrada ao cadastro imobiliário municipal, ao CIB – cadastro imobiliário Brasileiro e ao SINTER – Sistema Nacional de Gestão de Informações Territoriais, em conformidade com a legislação Vigente, de forma a possibilitar a emissão do Cadastro Imobiliário Brasileiro (CIB), individualmente por imóvel, incluindo serviços de Implantação e Treinamento, para empregados públicos da administração tributária do Município de Iacanga/SP, pelo prazo de 12 meses, e ainda de acordo com as especificações e condições constantes do Anexo I”.;Pode envolver implantação, operação, hardware ou desenvolvimento. Não presumir fornecimento apenas de assinatura.;Cadastro de busca oficial PNCP;https://pncp.gov.br/app/editais/46137477000114/2026/70;;;;46137477000114-1-000070/2026;;2026-09-24 10:41:51.634412;Não informado
Prazo aberto no cadastro PNCP;Sistema especializado / serviços;;MUNICIPIO DE NAQUE;PREFEITURA MUNICIPAL DE NAQUE (MG);Municipal;Naque;MG;Aviso de Contratação Direta nº 14/2026;2026-10-09 08:50:00;2026-10-06 00:01:00;40320.0;31852.8;Dispensa;Não/não informado;Locação de sistema para gestão de documentos e processos digitais;Pode envolver implantação, operação, hardware ou desenvolvimento. Não presumir fornecimento apenas de assinatura.;Cadastro de busca oficial PNCP + itens oficiais + detalhe da contratação;https://pncp.gov.br/app/editais/01613208000149/2026/60;https://naque-pm-scpi.sigmix.net/transparencia/?AcessoIndividual=lnkLicitacoes;https://pncp.gov.br/pncp-api/v1/orgaos/01613208000149/compras/2026/60/arquivos/1;;01613208000149-1-000060/2026;;2026-10-05 13:56:12.704327;Não informado
Prazo aberto no cadastro PNCP;Sistema especializado / serviços;;MUNICIPIO DE ANTONIO JOAO;Prefeitura Municipal de Antônio João - MS;Municipal;Antônio João;MS;Edital nº 018/2026;2026-10-09 08:50:00;2026-09-28 09:00:00;104776.92;82773.76;Pregão - Eletrônico;Não/não informado;Contratação de empresa especializada em tecnologia da informação para prestação de serviços de cessão de uso de softwares, com licença ilimitada, compreendendo os sistemas de Gestão Escolar, Cestas de Preços e Gestão de Diárias, incluindo os serviços de implantação, migração de dados, parametrização, treinamento de usuários, suporte técnico e manutenção, atualizações tecnológicas e garantia de disponibilidade, para atender às necessidades da Secretaria Municipal de Administração e Planejamento.;Pode envolver implantação, operação, hardware ou desenvolvimento. Não presumir fornecimento apenas de assinatura.;Cadastro de busca oficial PNCP;https://pncp.gov.br/app/editais/03567930000110/2026/23;https://comprasbr.com.br/pregao-eletronico-detalhe/?idlicitacao=48618;;;03567930000110-1-000023/2026;;2026-09-28 08:41:40.920656;Não informado
Prazo aberto no cadastro PNCP;Sistema especializado / serviços;;CONSORCIO INTERMUNICIPAL DE SAUDE DA REDE DE URGENCIA DO CENTRO SUL CISRU;CONSÓRCIO INT.DE SAÚDE DA R.DE U.CENTRO SUL;Não se aplica;Barbacena;MG;Aviso de Contratação Direta nº 72/2026;2026-10-09 08:59:00;2026-10-06 15:00:00;12336.0;9745.44;Dispensa;Não/não informado;Contratação de empresa especializada para prestação de serviços de licenciamento de software para utilização do chatbot, contemplando a implantação, configuração, suporte e manutenção de plataforma compatível com a API oficial do WhatsApp, em atendimento às necessidades do Consórcio Intermunicipal de Saúde da Rede de Urgência Centro Sul - CISRU Centro Sul.;Pode envolver implantação, operação, hardware ou desenvolvimento. Não presumir fornecimento apenas de assinatura.;Cadastro de busca oficial PNCP + itens oficiais + detalhe da contratação;https://pncp.gov.br/app/editais/11938399000172/2026/42;https://cnetmobile.estaleiro.serpro.gov.br/comprasnet-web/public/compras/acompanhamento-compra?compra=92804006000722026;https://pncp.gov.br/pncp-api/v1/orgaos/11938399000172/compras/2026/42/arquivos/1;;11938399000172-1-000042/2026;;2026-10-06 15:01:03.845302;Não informado
Prazo aberto no cadastro PNCP;Sistema especializado / serviços;;SERVICO DE APOIO AS MICRO E PEQ EMPRESAS DE SAO PAULO;SERVIÇO APOIO A MICROS E PEQUENAS EMPRESAS-SP;Não se aplica;São Paulo;SP;Aviso de Contratação Direta nº 239/2026;2026-10-09 08:59:00;2026-10-05 15:30:00;4000.0;3160.0;Dispensa;Não/não informado;CONTRATAÇÃO DE EMPRESA ESPECIALIZADA EM AUTOMAÇÃO DE PORTÕES PARA FORNECIMENTO E INSTALAÇÃO DE SISTEMA DE ACIONAMENTO AUTOMÁTICO PARA PORTÃO DE ACESSO DE VEÍCULOS DO ESCRITÓRIO REGIONAL DE BAURU. vide especificações clausula 3 do Termo de referência;Pode envolver implantação, operação, hardware ou desenvolvimento. Não presumir fornecimento apenas de assinatura.;API oficial PNCP de propostas abertas (varredura por UF);https://pncp.gov.br/app/editais/43728245000142/2026/270;https://cnetmobile.estaleiro.serpro.gov.br/comprasnet-web/public/compras/acompanhamento-compra?compra=93045206002392026;;;43728245000142-1-000270/2026;;2026-10-05 15:21:21;Não informado
Prazo aberto no cadastro PNCP;Sistema especializado / serviços;;INSTITUTO DE DESENVOLVIMENTO FLORESTAL E DA BIODIVERSIDADE DO ESTADO DO PARA;IDEFLOR-BIO;Estadual;Belém;PA;Edital nº 90005/2026;2026-10-09 09:00:00;2026-09-25 08:00:00;;;Pregão - Eletrônico;Não/não informado;Contratação de serviços de empresa especializada na prestação de serviços de telecomunicações, para o fornecimento de circuito de acesso à internet via satélite banda larga com uso da rede de satélites em órbita terrestre baixa (LEO) com cobertura nacional, em unidades móveis e fixas, incluindo equipamentos em locação, suporte técnico e manutenção preventiva e corretiva, pelo período de 12 (doze) meses para atender as unidades de conservação existente sob a gestão do Instituto de Desenvolvimento Florestal e da Biodiversidade do Estado do Pará (IDEFLOR-Bio).;Pode envolver implantação, operação, hardware ou desenvolvimento. Não presumir fornecimento apenas de assinatura.;Cadastro de busca oficial PNCP;https://pncp.gov.br/app/editais/08780663000188/2026/21;;;;08780663000188-1-000021/2026;;2026-09-25 11:00:13.928559;Não informado
Prazo aberto no cadastro PNCP;Sistema especializado / serviços;;INSTITUTO DE DESENVOLVIMENTO FLORESTAL E DA BIODIVERSIDADE DO ESTADO DO PARA;EPA-INSTITUTO DE DESENV FLORESTAL E BIO;Estadual;Belém;PA;Edital nº 7/2026;2026-10-09 09:00:00;2026-09-25 08:00:00;;;Pregão - Eletrônico;Não/não informado;Contratação de serviços de empresa especializada na prestação de serviços de telecomunicações, para o fornecimento de circuito de acesso à internet via satélite banda larga com uso da rede de satélites em órbita terrestre baixa (LEO) com cobertura nacional, em unidades móveis e fixas, incluindo equipamentos em locação, suporte técnico e manutenção preventiva e corretiva, pelo período de 12 (doze) meses para atender as unidades de conservação existente sob a gestão do IDEFLOR-Bio;Pode envolver implantação, operação, hardware ou desenvolvimento. Não presumir fornecimento apenas de assinatura.;Cadastro de busca oficial PNCP;https://pncp.gov.br/app/editais/08780663000188/2026/20;https://cnetmobile.estaleiro.serpro.gov.br/comprasnet-web/public/compras/acompanhamento-compra?compra=92749805000072026;;;08780663000188-1-000020/2026;;2026-09-24 14:14:39.953064;Não informado
Prazo aberto no cadastro PNCP;Hardware ou solução integrada;;ESTADO DE GOIAS;UNIVERSIDADE ESTADUAL DE GOIÁS;Estadual;Anápolis;GO;Edital nº 117999/2025;2026-10-09 09:00:00;2026-09-24 08:00:00;840502.8;663997.21;Pregão - Eletrônico;Não/não informado;Contratação de empresa especializada na prestação de serviços de solução continuada de impressão, cópias e digitalização (Outsourcing), com o fornecimento e instalação de equipamentos de impressoras e multifuncionais com tecnologia laser ou led, monocromático (preto e branco), policromático (colorida), bem como solução de softwares de gerenciamento e contabilização (bilhetagem) de impressão, com provimento de todos os suprimentos originais, incluindo papel branco e tonner, técnicos em manutenção on-site, manutenção preventiva e corretiva dos equipamentos com substituição de peças, componentes e insumos originais, na modalidade de contratação de locação de equipamento mais página impressa, pelo período de 36 (trinta e seis) meses, para atendimento aos Órgãos e Entidades da UEG, conforme especificações contidas no Termo de Referência.;Pode envolver implantação, operação, hardware ou desenvolvimento. Não presumir fornecimento apenas de assinatura.;API oficial PNCP de propostas abertas (varredura por UF);https://pncp.gov.br/app/editais/01409580000138/2025/3581;;;;01409580000138-1-003581/2025;;2026-09-23 12:16:56;Não informado
Prazo aberto no cadastro PNCP;Sistema especializado / serviços;;MUNICIPIO DE MORADA NOVA DE MINAS;Unidade Única;Municipal;Morada Nova de Minas;MG;Edital nº 39/2026;2026-10-09 09:00:00;2026-09-22 09:00:00;6671.8;5270.72;Pregão - Eletrônico;Sim;REGISTRO DE PREÇO PARA FUTURA E EVENTUAL CONTRATAÇÃO DE EMPRESA ESPECIALIZADA PARA PRESTAÇÃO DE SERVIÇOS DE FORNECIMENTO DE ACESSO PERMANENTE À INTERNET VIA FIBRA ÓPTICA, INCLUINDO INSTALAÇÃO, SUPORTE TÉCNICO E MANUTENÇÃO, POR MEIO DE PREGÃO ELETRÔNICO, UTILIZANDO O SISTEMA DE REGISTRO DE PREÇOS, PARA ATENDER ÀS NECESSIDADES DA ADMINISTRAÇÃO PÚBLICA.;Pode envolver implantação, operação, hardware ou desenvolvimento. Não presumir fornecimento apenas de assinatura.;API oficial PNCP de propostas abertas (varredura por UF);https://pncp.gov.br/app/editais/18296665000150/2026/51;https://app2.licitardigital.com.br/pesquisa/114486;;;18296665000150-1-000051/2026;;2026-09-24 08:59:52;Não informado
Prazo aberto no cadastro PNCP;Sistema especializado / serviços;;MUNICIPIO DE PETROLINA;Autarquia Educacional do Vale do São Francisco – AEVSF/Faculdade de Petrolina - FACAPE;Municipal;Petrolina;PE;Edital nº 065/2026;2026-10-09 09:00:00;2026-08-27 09:00:00;110520.23;87310.98;Pregão - Eletrônico;Não/não informado;[Portal de Compras Públicas] - Contratação de empresa especializada para a PRESTAÇÃO DE SERVIÇOS NO LICENCIAMENTO DE USO DE PLATAFORMA INTEGRADA DE GESTÃO PÚBLICA, contemplando sistema de gestão patrimonial, almoxarifado, licitação e contratos administrativos, com aplicação web e mobile, incluindo implantação, configuração, parametrização, treinamento de usuários, suporte técnico, manutenção, atualizações e demais serviços necessários ao pleno funcionamento da solução, visando atender às necessidades da Autarquia Educacional do Vale do São Francisco - AEVSF/FACAPE;Pode envolver implantação, operação, hardware ou desenvolvimento. Não presumir fornecimento apenas de assinatura.;Cadastro de busca oficial PNCP;https://pncp.gov.br/app/editais/10358190000177/2026/303;https://www.portaldecompraspublicas.com.br/processos/PE/Prefeitura-Municipal-de-Petrolina-1554/PE-065-2026-2026-507083;;;10358190000177-1-000303/2026;;2026-08-26 16:56:29.427415;Não informado
Prazo aberto no cadastro PNCP;Sistema especializado / serviços;;MUNICIPIO DE CAXIAS DO SUL;MRS-PREFEITURA MUNICIPAL DE CAXIAS DO SUL;Municipal;Caxias do Sul;RS;Edital nº 41/2026;2026-10-09 09:00:00;2026-09-25 08:00:00;11846775.9;9358952.96;Pregão - Eletrônico;Não/não informado;Prestação de serviços de licenciamento mensal de Solução para Gestão Educacional, manutenção corretiva, preventiva, legal e tecnológica, implantação, parametrização, migração de dados, treinamento e implementações posteriores, provimento de infraestrutura de hospedagem e suporte técnico;Pode envolver implantação, operação, hardware ou desenvolvimento. Não presumir fornecimento apenas de assinatura.;Cadastro de busca oficial PNCP;https://pncp.gov.br/app/editais/88830609000139/2026/368;https://cnetmobile.estaleiro.serpro.gov.br/comprasnet-web/public/compras/acompanhamento-compra?compra=98859905000412026;;;88830609000139-1-000368/2026;;2026-07-15 11:59:01.191197;Não informado
Prazo aberto no cadastro PNCP;Sistema especializado / serviços;;MUNICIPIO DE RIO NEGRINHO;PREFEITURA MUNICIPAL DE RIO NEGRINHO - SC;Municipal;Rio Negrinho;SC;Edital nº 122/2026;2026-10-09 09:00:00;2026-09-25 09:00:00;16141.8;12752.02;Pregão - Eletrônico;Não/não informado;CONTRATAÇÃO DE EMPRESA ESPECIALIZADA PARA FORNECIMENTO E IMPLANTAÇÃO DE SOLUÇÃO INTEGRADA DE GERENCIAMENTO ELETRÔNICO DE FILAS E ATENDIMENTO AO PÚBLICO, COM SOFTWARE DE GESTÃO DE SENHAS, 2 TOTENS EM COMODATO, INSTALAÇÃO, SUPORTE, MANUTENÇÃO, ATUALIZAÇÃO E INTEGRAÇÃO COM TELEVISOR DA ADMINISTRAÇÃO.;Pode envolver implantação, operação, hardware ou desenvolvimento. Não presumir fornecimento apenas de assinatura.;Cadastro de busca oficial PNCP;https://pncp.gov.br/app/editais/83102756000179/2026/158;https://comprasbr.com.br/pregao-eletronico-detalhe/?idlicitacao=48581;;;83102756000179-1-000158/2026;;2026-09-25 08:19:37.572198;Não informado
Prazo aberto no cadastro PNCP;Hardware ou solução integrada;;MUNICIPIO DE RIO GRANDE DA SERRA;Municipio De Rio Grande Da Serra;Municipal;Rio Grande da Serra;SP;Edital nº 51/2026;2026-10-09 09:00:00;2026-09-24 18:00:00;172533.48;136301.44;Pregão - Eletrônico;Não/não informado;Contratação de empresa especializada para aquisição de solução integrada para gerenciamento de frequencia e assiduidade dos servidores da Prefeitura de Rio Grande da Serra, incluindo fornecimento e manutenção de equipamentos de registro eletrônico de ponto, implantação, configuração, treinamento e suporte técnico, bem como licenciamento de software especializado para gestão das informações de jornada, com atualizações, manutenção e suporte necessários ao pleno funcionamento da solução.  Processo Administrativo 948/2026.;Pode envolver implantação, operação, hardware ou desenvolvimento. Não presumir fornecimento apenas de assinatura.;Cadastro de busca oficial PNCP;https://pncp.gov.br/app/editais/46522975000180/2026/85;;;;46522975000180-1-000085/2026;;2026-09-24 17:08:06.167763;Não informado
Prazo aberto no cadastro PNCP;Sistema especializado / serviços;;SERVICO AUTONOMO DE AGUA E ESGOTO DE BANDEIRANTES;SAAE de Bandeirantes - MS;Municipal;Bandeirantes;MS;Edital nº 002/2026;2026-10-09 09:15:00;2026-09-23 00:00:00;75800.0;59882.0;Pregão - Eletrônico;Não/não informado;Contratação de empresa de tecnologia da informação para fornecimento de licença de direito de uso (locação) de software integrado de gestão pública, com suporte técnico e manutenção, incluindo implantação, conversão e migração de dados pré-existentes, parametrização, customização e treinamento de usuários, para atender às necessidades administrativas, financeiras, patrimoniais e de pessoal do Serviço Autônomo de Água e Esgoto – SAAE do Município de Bandeirantes/MS.;Pode envolver implantação, operação, hardware ou desenvolvimento. Não presumir fornecimento apenas de assinatura.;Cadastro de busca oficial PNCP;https://pncp.gov.br/app/editais/15435910000174/2026/3;https://comprasbr.com.br/pregao-eletronico-detalhe/?idlicitacao=48544;;;15435910000174-1-000003/2026;;2026-09-23 16:44:52.405743;Não informado
Prazo aberto no cadastro PNCP;Sistema especializado / serviços;;PRODAUB - PROCESSAMENTO DE DADOS DE UBERLANDIA/MG;PRODAUB - PROCESSAMENTO DE DADOS DE UBERLANDIA/MG;Municipal;Uberlândia;MG;Edital nº 003/2026;2026-10-09 09:30:00;2026-09-18 16:54:55;;;Pregão - Eletrônico;Não/não informado;[LICITANET] - Contratação de Empresa Especializada para Prestação de Serviços Terceirizados de Help Desk ao Projeto Zona Azul em que a PRODAUB atende os usuários do sistema desenvolvido pela PRODAUB em parceria com a Secretaria Municipal de Trânsito e Transportes com a disponibilização de profissionais qualificados para execução de atividades de suporte técnico de primeiro nível (Help Desk), visando atender os clientes externos da PRODAUB, conforme condições, quantidades e exigências estabelecidas neste Termo de Referência.;Pode envolver implantação, operação, hardware ou desenvolvimento. Não presumir fornecimento apenas de assinatura.;API oficial PNCP de propostas abertas (varredura por UF);https://pncp.gov.br/app/editais/25523986000105/2026/1;https://licitanet.com.br/sessao/202075;;;25523986000105-1-000001/2026;;2026-09-23 09:37:17;Não informado
Prazo aberto no cadastro PNCP;Sistema especializado / serviços;;MUNICIPIO DE JI-PARANA;PREFEITURA MUNICIPAL DE JI-PARANÁ;Municipal;Ji-Paraná;RO;Edital nº 135/2026;2026-10-09 09:30:00;2026-09-21 08:30:00;1650807.92;1304138.25;Pregão - Eletrônico;Não/não informado; Contratação de empresa especializada para a prestação de serviços contínuos de fornecimento de solução integrada de software de gestão de saúde pública municipal, contemplando o licenciamento de uso em nuvem, implantação, migração de dados, treinamento, suporte técnico ininterrupto (SLA 99%) e assessoria especializada em gestão, visando atender às necessidades exclusivas do Departamento de Média e Alta Complexidade (MAC/Hospital/UPA), a Divisão de Vigilância em Saúde (DVS) e a Gerência de Assistência Farmacêutica (GAF), conforme condições, quantidades e exigências estabelecidas no Edital e seus anexos. ;Pode envolver implantação, operação, hardware ou desenvolvimento. Não presumir fornecimento apenas de assinatura.;Cadastro de busca oficial PNCP;https://pncp.gov.br/app/editais/04092672000125/2026/535;https://cnetmobile.estaleiro.serpro.gov.br/comprasnet-web/public/compras/acompanhamento-compra?compra=98000505001352026;;;04092672000125-1-000535/2026;;2026-09-18 12:56:24.580053;Não informado
Prazo aberto no cadastro PNCP;Sistema especializado / serviços;;FUNDO MUNICIPAL DE SAUDE;FUNDO MUNICIPAL DE SAÚDE DE AQUIDABÃ;Municipal;Aquidabã;SE;Edital nº 10/2026;2026-10-09 09:30:00;2026-09-25 08:00:00;1539100.95;1215889.75;Pregão - Eletrônico;Não/não informado;CONTRATAÇÃO DE EMPRESA ESPECIALIZADA EM TECNOLOGIA DA INFORMAÇÃO PARA PRESTAÇÃO DE SERVIÇOS DE FORNECIMENTO DE LICENÇA DE USO DE SOFTWARE DE GESTÃO DE SAÚDE, INCLUINDO EQUIPAMENTOS PARA OPERACIONALIZAÇÃO DA SOLUÇÃO EM REGIME DE USO, PARA ATENDER AS NECESSIDADES DA SECRETARIA MUNICIPAL DE SAÚDE DE AQUIDABÃ/SE.;Pode envolver implantação, operação, hardware ou desenvolvimento. Não presumir fornecimento apenas de assinatura.;Cadastro de busca oficial PNCP;https://pncp.gov.br/app/editais/11546530000156/2026/27;;;;11546530000156-1-000027/2026;;2026-09-24 14:04:14.372950;Não informado
Prazo aberto no cadastro PNCP;Sistema especializado / serviços;;SUP. EST. DE LICITACAO;SUPERINTEND.ESTAD.DE COMPRAS E LICITAÇÕES-RO;Estadual;Porto Velho;RO;Edital nº 130/2026;2026-10-09 09:59:00;2026-09-24 10:30:00;12549203.7;9913870.92;Pregão - Eletrônico;Sim;Registro de preços para contratação futura e eventual de empresa especializada no fornecimento de repositório de armazenamento de Dados de Backup e Proteção de Dados para armazenamento de cópias dos dados do ambiente de máquinas virtuais de produção e dados de aplicações e usuários, incluindo todos os Estágios de Implementação, abrangendo Assistência Técnica, Repasse de Conhecimento além dos serviços de garantia, manutenção e suporte técnico da solução proposta, para atender a Gerência de Tecnologia da Informação e Comunicação da Secretaria de Estado de Finanças de Rondônia - SEFIN/RO, conforme especificações e condições constantes deste Termo de Referência, pelo período de 12 meses.;Pode envolver implantação, operação, hardware ou desenvolvimento. Não presumir fornecimento apenas de assinatura.;API oficial PNCP de propostas abertas (varredura por UF);https://pncp.gov.br/app/editais/04696490000163/2026/130;https://cnetmobile.estaleiro.serpro.gov.br/comprasnet-web/public/compras/acompanhamento-compra?compra=92537305001302026;;;04696490000163-1-000130/2026;;2026-09-24 10:19:30;Não informado
Prazo aberto no cadastro PNCP;Hardware ou solução integrada;;TOCANTINS PROCURADORIA GERAL DA JUSTICA;ETO-PROCURADORIA GERAL DA JUSTIÇA TOCANTINS;Estadual;Palmas;TO;Edital nº 282/2026;2026-10-09 09:59:00;2026-09-24 15:00:00;184815.33;146004.11;Pregão - Eletrônico;Não/não informado;Aquisição de 1 (um) Sistema de Nobreak (UPS) de grande porte com capacidade de no mínimo 80 kVA / 80 kW, incluindo o fornecimento de equipamentos novos, banco de baterias de chumbo-ácido reguladas por válvula (VRLA), Serviços Especializados de Instalação, Configuração, Comissionamento, Garantia Integral e Suporte Técnico on-site por 60 (sessenta) meses, destinado à proteção da infraestrutura crítica do Data Center da Sede do Ministério Público do Estado do Tocantins (MPTO) em Palmas-TO.;Pode envolver implantação, operação, hardware ou desenvolvimento. Não presumir fornecimento apenas de assinatura.;API oficial PNCP de propostas abertas (varredura por UF);https://pncp.gov.br/app/editais/01786078000146/2026/66;https://cnetmobile.estaleiro.serpro.gov.br/comprasnet-web/public/compras/acompanhamento-compra?compra=92589205002822026;;;01786078000146-1-000066/2026;;2026-09-24 11:56:53;Não informado
Prazo aberto no cadastro PNCP;Hardware ou solução integrada;;INSTITUTO FEDERAL DE EDUCACAO,CIENCIA E TECNOLOGIA DO ACRE;INST.FED.DE EDUC.,CIENC.E TEC.DO ACRE;Federal;Rio Branco;AC;Edital nº 58/2026;2026-10-09 10:00:00;2026-09-24 08:00:00;3848916.0;3040643.64;Pregão - Eletrônico;Sim;Contratação serviço de impressão prestado por empresa especializada em reprodução de documentos (Outsourcing de impressão) na modalidade de franquia mensal de páginas mais excedente, com fornecimento de software de gerenciamento de cotas, monitoramento, gestão e bilhetagem de impressão, acessórios, suprimentos, insumos/consumíveis (toner e outros, exceto papel), impressoras multifuncionais novas e assistência técnica /manutenção/preventiva nos locais de instalação (com fornecimento de peças e componentes);Pode envolver implantação, operação, hardware ou desenvolvimento. Não presumir fornecimento apenas de assinatura.;API oficial PNCP de propostas abertas (varredura por UF);https://pncp.gov.br/app/editais/10918674000123/2026/22;https://cnetmobile.estaleiro.serpro.gov.br/comprasnet-web/public/compras/acompanhamento-compra?compra=15815605000582026;;;10918674000123-1-000022/2026;;2026-09-10 04:00:27;Não informado
Prazo aberto no cadastro PNCP;Sistema especializado / serviços;;MUNICIPIO DE AGUAS LINDAS DE GOIAS;SECRETARIA MUNICIPAL DE DESENVOLVIMENTO ECONÔMICO;Municipal;Águas Lindas de Goiás;GO;Edital nº 10968/2026;2026-10-09 10:00:00;2026-09-29 10:00:00;5231918.0;4133215.22;Pregão - Eletrônico;Sim;AQUISIÇÃO DE TELAS INTERATIVAS DE, NO MÍNIMO, 75 POLEGADAS, COM TECNOLOGIA 4K, SISTEMA ANDROID EMBARCADO, RECURSOS EDUCACIONAIS E DE COLABORAÇÃO, INCLUINDO SOFTWARES E PLATAFORMAS DE APRENDIZAGEM, GERENCIAMENTO REMOTO, ACESSÓRIOS, INSTALAÇÃO, CONFIGURAÇÃO, TREINAMENTO E SUPORTE TÉCNICO, ALÉM DE SUPORTES MÓVEIS COM RODÍZIOS PARA LOUSA DIGITAL.;Pode envolver implantação, operação, hardware ou desenvolvimento. Não presumir fornecimento apenas de assinatura.;Cadastro de busca oficial PNCP + itens oficiais + detalhe da contratação;https://pncp.gov.br/app/editais/01616520000196/2026/126;;https://pncp.gov.br/pncp-api/v1/orgaos/01616520000196/compras/2026/126/arquivos/1;;01616520000196-1-000126/2026;;2026-10-02 16:10:27.347051;Não informado
Prazo aberto no cadastro PNCP;Sistema especializado / serviços;;MUNICIPIO DE CONCEICAO DE MACABU;Fundo Municipal de Saude;Municipal;Conceição de Macabu;RJ;Edital nº 056/2026;2026-10-09 10:00:00;2026-09-25 10:00:00;226666.7;179066.69;Pregão - Eletrônico;Não/não informado;[Portal de Compras Públicas] - Contratação de empresa especializada para fornecimento de solução tecnológica integrada para gestão da saúde pública municipal, compreendendo licenciamento de uso de software em ambiente cloud (SaaS), implantação, migração de dados, treinamento de usuários, suporte técnico e manutenção corretiva e evolutiva, para atender as necessidades da Secretaria Municipal de Saúde de Conceição de Macabu.;Pode envolver implantação, operação, hardware ou desenvolvimento. Não presumir fornecimento apenas de assinatura.;Cadastro de busca oficial PNCP + itens oficiais + detalhe da contratação;https://pncp.gov.br/app/editais/29115466000114/2026/146;https://www.portaldecompraspublicas.com.br/processos/RJ/Prefeitura-Municipal-de-Conceicao-de-Macabu-2900/PE-056-2026-2026-513924;https://pncp.gov.br/pncp-api/v1/orgaos/29115466000114/compras/2026/146/arquivos/1;https://pncp.gov.br/pncp-api/v1/orgaos/29115466000114/compras/2026/146/arquivos/2;29115466000114-1-000146/2026;;2026-09-24 13:51:50.769892;Não informado
Prazo aberto no cadastro PNCP;Sistema especializado / serviços;;ASSEMBLEIA LEGISLATIVA DO ESTADO DE RONDONIA;ASSEMBLEIA LEGISLATIVA DO ESTADO DE RONDÔNIA;Estadual;Porto Velho;RO;Edital nº 91/2026;2026-10-09 10:00:00;2026-09-23 08:00:00;764898.1;604269.49;Pregão - Eletrônico;Não/não informado;CONTRATAÇÃO DE TECNOLÓGICA INTEGRADA, DISPONIBILIZADA EM MODELO SAAS (SOFTWARE AS A SERVICE), DESTINADA À GESTÃO COMPLETA DO CICLO DE VIDA DE DIÁRIAS E PASSAGENS AÉREAS, CONTEMPLANDO DESDE A SOLICITAÇÃO ATÉ A PRESTAÇÃO DE CONTAS E O RESPECTIVO CONTROLE ADMINISTRATIVO E FINANCEIRO;Pode envolver implantação, operação, hardware ou desenvolvimento. Não presumir fornecimento apenas de assinatura.;Cadastro de busca oficial PNCP + itens oficiais + detalhe da contratação;https://pncp.gov.br/app/editais/04794681000168/2026/101;https://cnetmobile.estaleiro.serpro.gov.br/comprasnet-web/public/compras/acompanhamento-compra?compra=92691905000912026;https://pncp.gov.br/pncp-api/v1/orgaos/04794681000168/compras/2026/101/arquivos/2;https://pncp.gov.br/pncp-api/v1/orgaos/04794681000168/compras/2026/101/arquivos/1;04794681000168-1-000101/2026;;2026-09-22 13:11:25.326986;Não informado
Prazo aberto no cadastro PNCP;Hardware ou solução integrada;;CONVALES - CONSORCIO DE SAUDE E DESENVOLVIMENTO DOS VALES DO NOROESTE DE MINAS;Unidade Única;Não se aplica;Arinos;MG;Edital nº 035/2026;2026-10-09 12:00:00;2026-09-28 15:30:00;49869090.12;39396581.19;Pregão - Eletrônico;Sim;"Registro de preços para futura e eventual contratação de empresa especializada na prestação de Serviços Técnicos Especializados para implantação e fornecimento de Plataforma de Gestão e Fiscalização de Trânsito na modalidade de licenciamento SaaS (Software as a Service), com serviços de consultoria, instalação, provisionamento, implementação, treinamento, capacitação e suporte técnico, contemplando: gestão e registro de autuações de trânsito; checklist de remoção de veículos; boletim de ocorrênc";Pode envolver implantação, operação, hardware ou desenvolvimento. Não presumir fornecimento apenas de assinatura.;Cadastro de busca oficial PNCP + itens oficiais + detalhe da contratação;https://pncp.gov.br/app/editais/06070075000125/2026/48;https://bnccompras.com/Process/ProcessView?param1=[gkz]UKanYwzMgyx05eGPUB0GC/dINIBOxc9Z0iUd1rx3AjlTFLJ9AsLgLPzdKL9i8AvS38/mZNh8c1U2DiZ/rSq3PMuQlqPILs4bq/VT1iqOpmM=;https://pncp.gov.br/pncp-api/v1/orgaos/06070075000125/compras/2026/48/arquivos/1;;06070075000125-1-000048/2026;;2026-09-28 15:28:16.093867;Não informado
Prazo aberto no cadastro PNCP;Sistema especializado / serviços;;MUNICIPIO DE RIBEIRAO VERMELHO;PREFEITURA DE RIBEIRÃO VERMELHO - MG;Municipal;Ribeirão Vermelho;MG;Edital nº 053/2026;2026-10-09 13:30:00;2026-09-29 16:30:00;871147.5;688206.52;Pregão - Eletrônico;Não/não informado;Contratação de serviços técnicos, mediante a utilização de recursos de Imagens Aéreas e Frontais, coleta de dados em campo e no cadastro municipal, para fins de atualização cadastral imobiliária e atualização cartográfica, com fornecimento de software na modalidade on premise, e ainda os serviços técnicos de atualização dos Códigos Tributário, Posturas e de Obras, do Município de Ribeirão Vermelho/MG.;Pode envolver implantação, operação, hardware ou desenvolvimento. Não presumir fornecimento apenas de assinatura.;Cadastro de busca oficial PNCP;https://pncp.gov.br/app/editais/18244087000108/2026/15;https://bllcompras.com/Process/ProcessView?param1=[gkz]nNfxYEZFB1k2ENuCMrqrUbV2klMoS4xgp_5/tDVG50_II/LQMGJ95fghLIhasXJOd_FX10LuhUik8uX0aSJC69mfiS8exuR35/XV2XvPlmI=;;;18244087000108-1-000015/2026;;2026-09-29 16:30:52.882932;Não informado
Prazo aberto no cadastro PNCP;Sistema especializado / serviços;;MINISTERIO PUBLICO DO ESTADO DO RIO DE JANEIRO;ERJ-MINISTÉRIO PUBLICO ESTADO RIO DE JANEIRO;Estadual;Rio de Janeiro;RJ;Edital nº 233/2026;2026-10-09 14:00:00;2026-09-25 08:00:00;14315867.28;11309535.15;Pregão - Eletrônico;Não/não informado;Contratação de pessoa jurídica para prestação de serviços continuados de solução corporativa de telefonia fixa em nuvem, baseada em tecnologia IP (VoIP), compreendendo plataforma de comunicações unificadas, interconexão com a rede pública de telefonia, disponibilização de ramais IP com discagem direta ao ramal (DDR), serviços de voz, fornecimento de recursos estritamente vinculados à operacionalização da solução, manutenção, suporte técnico, monitoramento, portabilidade numérica, bem como demais componentes técnicos e operacionais indispensáveis à continuidade, disponibilidade, segurança e gestão centralizada da telefonia institucional, pelo período de 36 (trinta e seis) meses;Pode envolver implantação, operação, hardware ou desenvolvimento. Não presumir fornecimento apenas de assinatura.;API oficial PNCP de propostas abertas (varredura por UF);https://pncp.gov.br/app/editais/28305936000140/2026/275;https://cnetmobile.estaleiro.serpro.gov.br/comprasnet-web/public/compras/acompanhamento-compra?compra=92515305002332026;;;28305936000140-1-000275/2026;;2026-08-14 16:06:57;Não informado
Prazo aberto no cadastro PNCP;Hardware ou solução integrada;Segurança/antivírus;TRIBUNAL SUPERIOR ELEITORAL;TRIBUNAL REGIONAL ELEITORAL DO RIO G.DO SUL;Federal;Porto Alegre;RS;Edital nº 151/2026;2026-10-09 14:00:00;2026-09-24 08:00:00;1532171.01;1210415.09;Pregão - Eletrônico;Não/não informado;Aquisição de solução de firewall para interligação segura dos cartórios eleitorais, depósito de urnas e de atendimento da Justiça Eleitoral Presente, através de VPN (Virtual Private Network, rede privada virtual criptografada) à rede corporativa do TRE-RS;Pode envolver implantação, operação, hardware ou desenvolvimento. Não presumir fornecimento apenas de assinatura.;Cadastro de busca oficial PNCP + itens oficiais + detalhe da contratação;https://pncp.gov.br/app/editais/00509018000113/2026/2235;https://cnetmobile.estaleiro.serpro.gov.br/comprasnet-web/public/compras/acompanhamento-compra?compra=07002105001512026;https://pncp.gov.br/pncp-api/v1/orgaos/00509018000113/compras/2026/2235/arquivos/1;;00509018000113-1-002235/2026;;2026-09-24 04:08:57.038430;Não informado
Prazo aberto no cadastro PNCP;Sistema especializado / serviços;;MUNICIPIO DE XANXERE;PREFEITURA MUNICIPAL DE XANXERÊ - SC;Municipal;Xanxerê;SC;Edital nº 38/2026;2026-10-09 14:00:00;2026-09-24 08:00:00;581146.32;459105.59;Pregão - Eletrônico;Não/não informado;Contratação de Empresa Especializada em TELEFONIA MÓVEL (Dispositivo Móvel com chip e chip de celular) e Empresa Especializada em Telecomunicações para Locação, Implantação de SOLUÇÃO INTEGRADA DE COMUNICAÇÃO DE VOZ SOBRE IP (INTERNET PROTOCOL) – VOIP e Gerenciamento do sistema de telefonia digital IP (IP PABX) baseado em servidor/central IP, contendo software para gerenciamento da plataforma IP, comunicação e gateways de voz sobre IP para compor a solução, observadas as condições estabelecidas no edital e seus anexos.;Pode envolver implantação, operação, hardware ou desenvolvimento. Não presumir fornecimento apenas de assinatura.;Cadastro de busca oficial PNCP;https://pncp.gov.br/app/editais/83009860000113/2026/230;https://cnetmobile.estaleiro.serpro.gov.br/comprasnet-web/public/compras/acompanhamento-compra?compra=98838305000382026;;;83009860000113-1-000230/2026;;2026-08-10 11:00:34.760099;Não informado
Prazo aberto no cadastro PNCP;Sistema especializado / serviços;;MUNICIPIO DE SALGADO;PREFEITURA MUNICIPAL DE SALGADO;Municipal;Salgado;SE;Edital nº 024/2026;2026-10-09 14:00:00;2026-09-23 14:00:00;4706539.46;3718166.17;Pregão - Eletrônico;Sim;"Registro de Preços para eventual e futura contratação de empresa especializada na prestação de serviços de gerenciamento informatizado da manutenção preventiva e corretiva da frota do Município de Salgado/SE, mediante disponibilização de sistema integrado e de rede credenciada de estabelecimentos, para execução de serviços de manutenção e fornecimento de peças, componentes, acessórios e materiais necessários, conforme condições, especificações e exigências estabelecidas neste Termo de Referência.
1.2. A contratação será estruturada em lote único, compreendendo solução integrada de gerenciamento da manutenção da frota, composta pela disponibilização e operação do sistema informatizado, administração da rede credenciada e processamento das operações realizadas no âmbito das contratações decorrentes da Ata de Registro de Preços.";Pode envolver implantação, operação, hardware ou desenvolvimento. Não presumir fornecimento apenas de assinatura.;API oficial PNCP de propostas abertas (varredura por UF);https://pncp.gov.br/app/editais/13107453000163/2026/82;;;;13107453000163-1-000082/2026;;2026-10-05 15:22:26;Não informado
Prazo aberto no cadastro PNCP;Sistema especializado / serviços;;ESTADO DO CEARA;GOVERNO DO ESTADO DO CEARÁ;Estadual;Fortaleza;CE;Edital nº 415/2026;2026-10-09 14:30:00;2026-09-29 08:00:00;;;Pregão - Eletrônico;Sim;O objeto da licitação é o Registro de Preço para futuras e eventuais Aquisições de INTERFACE HOMEM MÁQUINA IHM REMOTA C/ RS-485 MODBUS-RTU PARA SOFTSTARTER WEG SSW-07 PARA AUTOMAÇÃO, nas condições estabelecidas neste edital e seus anexos.;Pode envolver implantação, operação, hardware ou desenvolvimento. Não presumir fornecimento apenas de assinatura.;API oficial PNCP de propostas abertas (varredura por UF);https://pncp.gov.br/app/editais/07954480000179/2026/25008;https://cnetmobile.estaleiro.serpro.gov.br/comprasnet-web/public/compras/acompanhamento-compra?compra=94300105004152026;;;07954480000179-1-025008/2026;;2026-09-28 08:55:36;Não informado
Prazo aberto no cadastro PNCP;Hardware ou solução integrada;;MUNICIPIO DE ITABERABA;FUNDO MUNICIPAL DE SAÚDE;Municipal;Itaberaba;BA;Aviso de Contratação Direta nº FMS - 042/2026;2026-10-09 23:59:00;2026-10-07 00:01:00;64646.22;51070.51;Dispensa;Não/não informado;"Contratação de empresa especializada para fornecimento de sistema de controle de ponto
eletrônico, com licenças de uso, locação, suporte e instalação, para atender às necessidades do Fundo
Municipal de Saúde de Itaberaba/BA. 
";Pode envolver implantação, operação, hardware ou desenvolvimento. Não presumir fornecimento apenas de assinatura.;API oficial PNCP de propostas abertas (varredura por UF) + itens oficiais + detalhe da contratação;https://pncp.gov.br/app/editais/13719646000175/2026/190;sai.io.org.br/site/PublicadoPncp/171969?localConsulta=2&title=2&cod=1688;https://pncp.gov.br/pncp-api/v1/orgaos/13719646000175/compras/2026/190/arquivos/1;;13719646000175-1-000190/2026;;2026-10-06 16:59:19;Não informado
Prazo aberto no cadastro PNCP;Hardware ou solução integrada;;MUNICIPIO DE CAUCAIA;Secretaria Municipal de Finanças, Planejamento e Orçamento – SEFIN;Municipal;Caucaia;CE;Aviso de Contratação Direta nº DL2026091501/2026;2026-10-09 23:59:00;2026-10-07 00:01:00;46472.0;36712.88;Dispensa;Não/não informado;CONTRATAÇÃO DE EMPRESA PARA A PRESTAÇÃO DE SERVIÇOS CONTÍNUOS, COMPREENDENDO A LOCAÇÃO, INSTALAÇÃO, CONFIGURAÇÃO, MONITORAMENTO REMOTO 24 (VINTE E QUATRO) HORAS, MANUTENÇÃO PREVENTIVA E CORRETIVA DE SISTEMA INTEGRADO DE SEGURANÇA ELETRÔNICA (CIRCUITO FECHADO DE TELEVISÃO – CFTV E SISTEMA DE ALARME), INCLUINDO O FORNECIMENTO, EM REGIME DE LOCAÇÃO, DE TODOS OS EQUIPAMENTOS, MATERIAIS, INSUMOS, INFRAESTRUTURA, SOFTWARES, MÃO DE OBRA NECESSÁRIA À EXECUÇÃO DOS SERVIÇOS, SUPORTE TÉCNICO E DEMAIS ACESSÓRIOS NECESSÁRIOS AO PERFEITO FUNCIONAMENTO DA SOLUÇÃO, DESTINADOS AO ATENDIMENTO DAS NECESSIDADES DA SECRETARIA MUNICIPAL DE FINANÇAS, PLANEJAMENTO E ORÇAMENTO – SEFIN, PELO PERÍODO DE  12 (DOZE) MESES.;Pode envolver implantação, operação, hardware ou desenvolvimento. Não presumir fornecimento apenas de assinatura.;Cadastro de busca oficial PNCP;https://pncp.gov.br/app/editais/07616162000106/2026/179;https://licitamaisbrasil.com.br/detalhes-do-edital/dp-4Ir-S4svr-djj;;;07616162000106-1-000179/2026;;2026-10-05 15:09:04.935149;Não informado
Prazo aberto no cadastro PNCP;Hardware ou solução integrada;;MUNICIPIO DE ITABERA;PREFEITURA MUNICIPAL DE ITABERA - SP;Municipal;Itaberá;SP;Aviso de Contratação Direta nº 56/2026;2026-10-12 09:00:00;2026-10-06 09:00:00;;;Dispensa;Não/não informado;Contratação de empresa para prestações de serviços contínuos de Licença de uso de sistema de gerenciamento de ponto eletrônico dos servidores públicos municipais.;Pode envolver implantação, operação, hardware ou desenvolvimento. Não presumir fornecimento apenas de assinatura.;Cadastro de busca oficial PNCP;https://pncp.gov.br/app/editais/46634374000160/2026/136;https://www.itabera.sp.gov.br/portal/editais/0/1/2806;;;46634374000160-1-000136/2026;;2026-10-05 09:35:32.791430;Não informado
Prazo aberto no cadastro PNCP;Sistema especializado / serviços;;MUNICIPIO DE ARAIOSES;Prefeitura Municipal de Araioses - MA;Municipal;Araioses;MA;Edital nº PE SRP 020/2026;2026-10-12 10:59:00;2026-09-30 11:00:00;;;Pregão - Eletrônico;Sim;Registro de preços para futura e eventual contratação de empresa especializada para Contratação de empresa de tecnologia da informação para fornecimento de licença de uso de software de gestão escolar para atender todas as Unidades de Ensino do Município do Municipio de Araioses/MA;Pode envolver implantação, operação, hardware ou desenvolvimento. Não presumir fornecimento apenas de assinatura.;Cadastro de busca oficial PNCP;https://pncp.gov.br/app/editais/06450191000170/2026/71;https://comprasbr.com.br/pregao-eletronico-detalhe/?idlicitacao=48693;;;06450191000170-1-000071/2026;;2026-09-30 20:56:09.592560;Não informado
Prazo aberto no cadastro PNCP;Sistema especializado / serviços;;MUNICIPIO DE ITUMBIARA;PREFEITURA MUNICIPAL DE ITUMBIARA;Municipal;Itumbiara;GO;Edital nº 21/2026;2026-10-13 07:30:00;2026-07-15 10:54:21;1028980.29;812894.42;Pregão - Eletrônico;Não/não informado;CONTRATAÇÃO DE EMPRESA ESPECIALIZADA EM TECNOLOGIA DA INFORMAÇÃO PARA PRESTAÇÃO DE SERVIÇOS DE LOCAÇÃO DE LICENÇA DE USO DE SISTEMA INFORMATIZADO DE GESTÃO PÚBLICA MUNICIPAL, DESENVOLVIDO DE FORMA INTEGRADA, SISTÊMICA E MODULAR, EM AMBIENTE 100% WEB, COM HOSPEDAGEM EM INTERNET DATA CENTER (IDC), INCLUINDO IMPLANTAÇÃO, MIGRAÇÃO E CONVERSÃO DE DADOS, SUPORTE TÉCNICO, MANUTENÇÃO CORRETIVA, EVOLUTIVA E LEGAL, ATUALIZAÇÕES AUTOMÁTICAS, TREINAMENTO DE USUÁRIOS E SERVIÇOS CORRELATOS.;Pode envolver implantação, operação, hardware ou desenvolvimento. Não presumir fornecimento apenas de assinatura.;Cadastro de busca oficial PNCP;https://pncp.gov.br/app/editais/02204196000161/2026/329;https://go.centi.com.br/itumbiara/portalfornecedor;;;02204196000161-1-000329/2026;;2026-07-15 11:05:40.060313;Não informado
Prazo aberto no cadastro PNCP;Sistema especializado / serviços;;PAINEIRAS CAMARA MUNICIPAL;Unidade Única;Municipal;Paineiras;MG;Aviso de Contratação Direta nº 14/2026;2026-10-13 07:59:00;2026-10-07 08:00:00;52000.0;41080.0;Dispensa;Não/não informado;Contratação de empresa especializada para fornecimento de sistema informatizado na modalidade SaaS (Software as a Service), composto por duas plataformas eletrônicas integradas — Plataforma de Gestão de Emendas Parlamentares Impositivas e Plataforma de Gestão de Parcerias com Organizações da Sociedade Civil (MROSC) —, incluindo cessão de direito de uso, implantação, parametrização, treinamento, suporte técnico, manutenção e atualização, destinado ao atendimento das demandas institucionais da Câmara Municipal de Paineiras/MG.;Pode envolver implantação, operação, hardware ou desenvolvimento. Não presumir fornecimento apenas de assinatura.;Cadastro de busca oficial PNCP + itens oficiais + detalhe da contratação;https://pncp.gov.br/app/editais/23776503000159/2026/14;https://app2.licitardigital.com.br/pesquisa/115616;https://pncp.gov.br/pncp-api/v1/orgaos/23776503000159/compras/2026/14/arquivos/1;;23776503000159-1-000014/2026;;2026-10-06 09:08:46.768534;Não informado
Prazo aberto no cadastro PNCP;Sistema especializado / serviços;;MUNICIPIO DE VICOSA DO CEARA;Pref Viçosa do Ceará;Municipal;Viçosa do Ceará;CE;Edital nº PE04/2026-SEDUC/2026;2026-10-13 08:00:00;2026-09-11 15:30:00;232780.0;183896.2;Pregão - Eletrônico;Não/não informado;CONTRATAÇÃO DE SERVIÇOS DE AUTOMAÇÃO DOS PROCESSOS DE GESTÃO E FORMAÇÃO CONTINUADA AOS PROFISSIONAIS DA EDUCAÇÃO, NO MUNICÍPIO DE VIÇOSA DO CEARÁ/CE.;Pode envolver implantação, operação, hardware ou desenvolvimento. Não presumir fornecimento apenas de assinatura.;Cadastro de busca oficial PNCP;https://pncp.gov.br/app/editais/10462497000113/2026/95;;;;10462497000113-1-000095/2026;;2026-09-11 14:45:30.427983;Não informado
Prazo aberto no cadastro PNCP;Sistema especializado / serviços;;CAMARA MUNICIPAL DE LUIS EDUARDO MAGALHAES;Câmara Municipal de Luís Eduardo Magalhães;Municipal;Luís Eduardo Magalhães;BA;Edital nº Pregão Eletrônico nº 009/2026;2026-10-13 08:00:00;2026-09-25 23:59:00;;;Pregão - Eletrônico;Não/não informado;Contratação de Empresa Especializada para a Criação, desenvolvimento, implantação, manutenção, atualização, gerenciamento, hospedagem e suporte técnico contínuo do Portal Institucional da Câmara Municipal de Luís Eduardo Magalhães/BA, incluindo a infraestrutura tecnológica necessária ao seu funcionamento, segurança, backup e disponibilidade na Internet.;Pode envolver implantação, operação, hardware ou desenvolvimento. Não presumir fornecimento apenas de assinatura.;API oficial PNCP de propostas abertas (varredura por UF);https://pncp.gov.br/app/editais/04214440000100/2026/19;https://bllcompras.com/Process/ProcessView?param1=[gkz]9O9YYgIJ9D6fZGrTQ_WVNKu5ZI6OXOoy2a9/61ntR0sww/VNY/qiZcCabLUg7OHauoz3pNMKj3LuwUvKzHXZ3v2XyjqBDDCBsdcl70znAHM=;;;04214440000100-1-000019/2026;;2026-09-25 09:25:58;Não informado
Prazo aberto no cadastro PNCP;Sistema especializado / serviços;;INSTITUTO DE PREV DOS SERVID PUBLICOS MUNIC DE NANUQUE;Unidade Única;Municipal;Nanuque;MG;Edital nº 004/2026;2026-10-13 08:00:00;2026-09-21 08:00:00;162139.92;128090.53;Pregão - Eletrônico;Não/não informado;Contratação de empresa especializada para o fornecimento de licença de uso de software web modularizado e integrado para atender as necessidades do Regime Próprio de Previdência do municípío de Nanuque/MG.;Pode envolver implantação, operação, hardware ou desenvolvimento. Não presumir fornecimento apenas de assinatura.;Cadastro de busca oficial PNCP + itens oficiais + detalhe da contratação;https://pncp.gov.br/app/editais/00460195000152/2026/7;https://app2.licitardigital.com.br/pesquisa/113514;https://pncp.gov.br/pncp-api/v1/orgaos/00460195000152/compras/2026/7/arquivos/1;;00460195000152-1-000007/2026;;2026-09-18 09:20:26.410982;Não informado
Prazo aberto no cadastro PNCP;Sistema especializado / serviços;;MUNICIPIO DE ALTAMIRA DO PARANA;Municipio de Altamira do Paraná;Municipal;Altamira do Paraná;PR;Aviso de Contratação Direta nº 37/2026;2026-10-13 08:00:00;2026-10-08 08:00:00;22289.16;17608.43;Dispensa;Não/não informado;"CONTRATAÇÃO DE EMPRESA ESPECIALIZADA PARA PRESTAÇÃO DE SERVIÇOS TECNOLÓGICOS, POR MEIO DE SOLUÇÃO INTEGRADA EM NUVEM (SaaS), COM CESSÃO DE USO DE SOFTWARE PARA PESQUISA, FORMAÇÃO, TRATAMENTO, ANÁLISE E ELABORAÇÃO DE CESTAS DE PREÇOS NAS COMPRAS PÚBLICAS, INCLUINDO IMPLANTAÇÃO, CONFIGURAÇÃO, TREINAMENTO, SUPORTE TÉCNICO CONTÍNUO, MANUTENÇÃO CORRETIVA, ADAPTATIVA E EVOLUTIVA, PELO PERÍODO DE 12 (DOZE) MESES, PARA ATENDER À SECRETARIA MUNICIPAL DE FINANÇAS, À SECRETARIA
MUNICIPAL DE ADMINISTRAÇÃO E ÀS DEMAIS UNIDADES AUTORIZADAS DO MUNICÍPIO DE ALTAMIRA DO PARANÁ.";Pode envolver implantação, operação, hardware ou desenvolvimento. Não presumir fornecimento apenas de assinatura.;Cadastro de busca oficial PNCP;https://pncp.gov.br/app/editais/78069143000147/2026/107;;;;78069143000147-1-000107/2026;;2026-10-06 10:28:30.092375;Não informado
Prazo aberto no cadastro PNCP;Sistema especializado / serviços;;MUNICIPIO DE RIO DE JANEIRO;MRJ-PREFEITURA MUNICIPAL DO RIO DE JANEIRO;Municipal;Rio de Janeiro;RJ;Aviso de Contratação Direta nº 1769/2026;2026-10-13 08:00:00;2026-10-07 08:00:00;9679.3;7646.64;Dispensa;Não/não informado;"A contratação é necessária para assegurar a continuidade da hospedagem, operação e disponibilização da Coleção Estudos Cariocas, publicação técnico-científica do Instituto Municipal de Urbanismo Pereira Passos – IPP, mantida na plataforma Open Journal Systems – OJS.

A solução deverá proporcionar ambiente adequado para preservação e acesso ao acervo existente, publicação de novos conteúdos e manutenção do fluxo editorial, contemplando hospedagem em nuvem, suporte técnico, manutenção e atualizaçõ";Pode envolver implantação, operação, hardware ou desenvolvimento. Não presumir fornecimento apenas de assinatura.;API oficial PNCP de propostas abertas (varredura por UF);https://pncp.gov.br/app/editais/42498733000148/2026/2042;https://cnetmobile.estaleiro.serpro.gov.br/comprasnet-web/public/compras/acompanhamento-compra?compra=98600106017692026;;;42498733000148-1-002042/2026;;2026-10-06 17:21:50;Não informado
Prazo aberto no cadastro PNCP;Sistema especializado / serviços;;MUNICIPIO DE SAO MIGUEL D'OESTE;PREFEITURA MUNICIPAL DE SÃO MIGUEL DO OESTE;Municipal;São Miguel do Oeste;SC;Edital nº PE 46/2026;2026-10-13 08:15:00;2026-09-25 08:00:00;4193414.3;3312797.29;Pregão - Eletrônico;Não/não informado;CONTRATAÇÃO DE EMPRESA PARA PRESTAÇÃO DE SERVIÇOS DE SOLUÇÃO DE GESTÃO TERRITORIAL MULTIFINALITÁRIA, INCLUINDO AEROFOTOGRAMETRIA, GEOPROCESSAMENTO, GEORREFERENCIAMENTO, CADASTRO TERRITORIAL MULTIFINALITÁRIO, PLANTA GENÉRICA DE VALORES, COM O FORNECIMENTO E INTEGRAÇÃO DE SISTEMAS,MIGRAÇÃO DE DADOS, TREINAMENTO E SUPORTE TÉCNICO, PARA O MUNICÍPIO DE SÃO MIGUEL DO OESTE/SC, DE ACORDO COM O ANEXO I, TERMO DE REFERÊNCIA DO EDITAL.;Pode envolver implantação, operação, hardware ou desenvolvimento. Não presumir fornecimento apenas de assinatura.;Cadastro de busca oficial PNCP;https://pncp.gov.br/app/editais/82821174000180/2026/435;;;;82821174000180-1-000435/2026;;2026-09-24 10:40:58.909303;Não informado
Prazo aberto no cadastro PNCP;Hardware ou solução integrada;;MUNICIPIO DE CARAZINHO;ENCARGOS GERAIS;Municipal;Carazinho;RS;Edital nº PCE 41/2026;2026-10-13 08:30:00;2026-09-24 08:15:00;62347.5;49254.52;Pregão - Eletrônico;Não/não informado;Contratação de pessoa jurídica prestadora de serviços de censo previdenciário paraaprimoramento da gestão previdenciária de dados cadastrais, funcionais e financeiros dos servidores públicos municipais ativos, inativos, pensionistas e dependentes, vinculados ao Regime Próprio de Previdência Social - RPPS de Carazinho, incluindo o fornecimento de mão de obra, equipamentos e materiais necessários, para a construção de um banco de dados através do fornecimento de licença de solução web, com serviços de instalação, migração de dados, treinamento, suporte técnico, gerenciamento e manutenção de banco de dados, backups, integração com outros sistemas do Município. ;Pode envolver implantação, operação, hardware ou desenvolvimento. Não presumir fornecimento apenas de assinatura.;Cadastro de busca oficial PNCP;https://pncp.gov.br/app/editais/87613535000116/2026/523;;;;87613535000116-1-000523/2026;;2026-09-24 10:16:28.612307;Não informado
Prazo aberto no cadastro PNCP;Sistema especializado / serviços;;SERVICO DE AGUA E ESGOTO DO MUNICIPIO DE ARARAS - SAEMA;Serviço de Água e Esgoto do Município de Araras;Municipal;Araras;SP;Edital nº 026/2026R/2026;2026-10-13 08:30:00;2026-09-29 09:00:00;46381.12;36641.08;Pregão - Eletrônico;Não/não informado;Contratação de empresa especializada para prestação de serviços de rastreamento e monitoramento veicular, 24 (vinte e quatro) horas por dia, 7 (sete) dias por semana, para até 40 (quarenta) veículos da frota do SAEMA, pelo período de 12 (doze) meses, compreendendo o fornecimento, instalação, configuração e manutenção dos módulos rastreadores, comunicação de dados, disponibilização de plataforma de gerenciamento com acesso via Web e aplicativo mobile, localização em tempo real, histórico de trajetos, emissão de relatórios, possibilidade de bloqueio remoto dos veículos, quando tecnicamente aplicável, suporte técnico e demais serviços necessários ao pleno funcionamento da solução, conforme especificações constantes do Termo de Referência e do Estudo Técnico Preliminar.;Pode envolver implantação, operação, hardware ou desenvolvimento. Não presumir fornecimento apenas de assinatura.;Cadastro de busca oficial PNCP;https://pncp.gov.br/app/editais/44699908000100/2026/688;;;;44699908000100-1-000688/2026;;2026-09-28 09:01:28.963949;Não informado
Prazo aberto no cadastro PNCP;Hardware ou solução integrada;;MUNICIPIO DE BOTUCATU;MSP-PREFEITURA MUNICIPAL DE BOTUCATU;Municipal;Botucatu;SP;Edital nº 91/2026;2026-10-13 08:30:00;2026-09-25 08:00:00;7258671.0;5734350.09;Pregão - Eletrônico;Não/não informado;CONTRATAÇÃO DE EMPRESA ESPECIALIZADA PARA A PRESTAÇÃO DE SERVIÇOS DE OUTSOURCING DE IMPRESSÃO COM FORNECIMENTO DE SUPRIMENTOS E SOFTWARES DE APOIO LICENCIADOS;Pode envolver implantação, operação, hardware ou desenvolvimento. Não presumir fornecimento apenas de assinatura.;Cadastro de busca oficial PNCP;https://pncp.gov.br/app/editais/46634101000115/2026/435;https://cnetmobile.estaleiro.serpro.gov.br/comprasnet-web/public/compras/acompanhamento-compra?compra=98624905000912026;;;46634101000115-1-000435/2026;;2026-09-22 15:54:52.929234;Não informado
Prazo aberto no cadastro PNCP;Hardware ou solução integrada;;SECRETARIA DE ESTADO DOS DIREITOS DA PESSOA COM DEFICIENCIA;ESP-DEPARTAMENTO DE ADMINISTRACAO  PES.DEFIC.;Estadual;São Paulo;SP;Edital nº 65/2026;2026-10-13 09:00:00;2026-09-30 08:00:00;275035.02;217277.66;Pregão - Eletrônico;Não/não informado;Contratação de aquisição de equipamentos para estúdio de gravação de vídeos e programas de áudio digital, com instalação e garantia de suporte técnico;Pode envolver implantação, operação, hardware ou desenvolvimento. Não presumir fornecimento apenas de assinatura.;Cadastro de busca oficial PNCP;https://pncp.gov.br/app/editais/09495438000162/2026/55;https://cnetmobile.estaleiro.serpro.gov.br/comprasnet-web/public/compras/acompanhamento-compra?compra=47010205000652026;;;09495438000162-1-000055/2026;;2026-09-28 22:06:11.162277;Não informado
Prazo aberto no cadastro PNCP;Sistema especializado / serviços;;MUNICIPIO DE IRECE;Secretaria de Saúde;Municipal;Irecê;BA;Edital nº 27/2026;2026-10-13 09:00:00;2026-09-30 08:00:00;;;Pregão - Eletrônico;Sim;AVISO DE LICITAÇÃO PREGÃO ELETRÔNICO SISTEMA DE REGISTRO DE PREÇOS Nº 027/2026 PROCESSO ADMINISTRATIVO SEI 2914604.0000005584/2026-07 - Registro de Preços para futura e eventual contratação de empresa especializada na prestação de serviços de telecomunicações, visando ao fornecimento de links de acesso à internet banda larga, com instalação, configuração, manutenção e suporte técnico, destinados à Secretaria Municipal de Saúde e às Unidades de Saúde da rede municipal, conforme especificações, quantitativos e condições estabelecidas no Estudo Técnico Preliminar – ETP, Termo de Referência – TR e demais anexos do Edital. ;Pode envolver implantação, operação, hardware ou desenvolvimento. Não presumir fornecimento apenas de assinatura.;API oficial PNCP de propostas abertas (varredura por UF);https://pncp.gov.br/app/editais/13715891000104/2026/197;;;;13715891000104-1-000197/2026;;2026-09-29 17:15:31;Não informado
Prazo aberto no cadastro PNCP;Sistema especializado / serviços;;CONSORCIO INTERMUNICIPAL DE SAUDE DA REGIAO DE ALMENARA;Unidade Única;Não se aplica;Almenara;MG;Edital nº 06/2026;2026-10-13 09:00:00;2026-09-30 08:00:00;2247110.4;1775217.21;Pregão - Eletrônico;Sim;"Registro de preços para futura e eventual contratação de empresa especializada na prestação continuada de serviços de conectividade à internet por meio
de sistema satelital não geoestacionário de baixa órbita – LEO, ou tecnologia tecnicamente equivalente ou superior, destinada ao atendimento de pontos fixos e móveis/veiculares do CIMVAJER e dos Municípios consorciados participantes, compreendendo a disponibilização dos equipamentos necessários em regime de comodato, instalação, ativação, configuração, conectividade, suporte técnico, manutenção preventiva e corretiva, substituição de equipamentos e demais componentes indispensáveis ao pleno funcionamento da solução, conforme condições, especificações, quantitativos e exigências estabelecidos neste Edital e seus anexos.";Pode envolver implantação, operação, hardware ou desenvolvimento. Não presumir fornecimento apenas de assinatura.;API oficial PNCP de propostas abertas (varredura por UF);https://pncp.gov.br/app/editais/28168515000114/2026/6;https://app2.ammlicita.org.br/pesquisa/115176;;;28168515000114-1-000006/2026;;2026-09-30 17:02:14;Não informado
Prazo aberto no cadastro PNCP;Hardware ou solução integrada;;MUNICIPIO DE JACUI;Unidade Única;Municipal;Jacuí;MG;Edital nº 000027/2026;2026-10-13 09:00:00;2026-09-25 08:30:00;84412.32;66685.73;Pregão - Eletrônico;Não/não informado;CONTRATAÇÃO DE EMPRESA ESPECIALIZADA PARA PRESTAÇÃO DE SERVIÇOS CONTINUADOS DE MANUTENÇÃO PREVENTIVA E CORRETIVA E SUPORTE TÉCNICO EM EQUIPAMENTOS DE INFORMÁTICA E SISTEMA DE VIDEOMONITORAMENTO DAS SECRETARIAS MUNICIPAIS.;Pode envolver implantação, operação, hardware ou desenvolvimento. Não presumir fornecimento apenas de assinatura.;API oficial PNCP de propostas abertas (varredura por UF);https://pncp.gov.br/app/editais/18186056000148/2026/64;https://app2.ammlicita.org.br/pesquisa/114564;;;18186056000148-1-000064/2026;;2026-09-24 13:40:32;Não informado
Prazo aberto no cadastro PNCP;Hardware ou solução integrada;;COMANDO DO EXERCITO;BASE DE ADMINISTRAÇÃO E APOIO 8ª REG MILITAR;Federal;Belém;PA;Edital nº 41/2026;2026-10-13 09:00:00;2026-09-30 09:00:00;275180.31;217392.44;Pregão - Eletrônico;Sim;registro de preços para aquisição e instalação de solução integrada de projeção e sonorização para implantação sala de imersão audiovisual 360°, compreendendo o fornecimento de equipamentos, softwares, licenças, acessórios, infraestrutura, instalação, configuração, integração, calibração, testes, treinamento e garantia;Pode envolver implantação, operação, hardware ou desenvolvimento. Não presumir fornecimento apenas de assinatura.;Cadastro de busca oficial PNCP;https://pncp.gov.br/app/editais/00394452000103/2026/21222;https://cnetmobile.estaleiro.serpro.gov.br/comprasnet-web/public/compras/acompanhamento-compra?compra=16019605000412026;;;00394452000103-1-021222/2026;;2026-09-30 04:00:10.420644;Não informado
Prazo aberto no cadastro PNCP;Sistema especializado / serviços;;IBAITI CAMARA DE VEREADORES;IBAITI CAMARA DE VEREADORES - PR;Municipal;Ibaiti;PR;Aviso de Contratação Direta nº 14/2026;2026-10-13 09:00:00;2026-10-07 08:00:00;24425.0;19295.75;Dispensa;Não/não informado;Contratação de serviços técnicos especializados para implantação, configuração, parametrização, migração de dados, capacitação e suporte técnico do Portal Modelo e do Sistema de Apoio ao Processo Legislativo (SAPL), disponibilizados pelo Programa Interlegis do Senado Federal, incluindo serviços complementares.;Pode envolver implantação, operação, hardware ou desenvolvimento. Não presumir fornecimento apenas de assinatura.;API oficial PNCP de propostas abertas (varredura por UF);https://pncp.gov.br/app/editais/77774677000101/2026/21;;;;77774677000101-1-000021/2026;;2026-10-06 16:10:57;Não informado
Prazo aberto no cadastro PNCP;Sistema especializado / serviços;;Serviço de Apoio às Micro e Pequenas Empresas do Estado do Rio de Janeiro;SEBRAE/RJ;Municipal;Rio de Janeiro;RJ;Edital nº 24/2026/2026;2026-10-13 09:00:00;2026-09-30 15:00:00;5811552.0;4591126.08;Pregão - Eletrônico;Não/não informado;Contratação, sob demanda, de empresa especializada para prestação de serviços integrados de descoberta, análise, desenvolvimento, implantação, sustentação, manutenção e documentação de sistemas de informação e soluções digitais, incluindo automação robótica de processos (RPA), aplicações com Inteligência Artificial (IA), serviços na plataforma FLUIG e demais tecnologias demandadas pelo Sebrae/RJ, conforme especificações estabelecidas no Termo de Referência, Anexo I do Edital.;Pode envolver implantação, operação, hardware ou desenvolvimento. Não presumir fornecimento apenas de assinatura.;Cadastro de busca oficial PNCP;https://pncp.gov.br/app/editais/29737103000110/2026/25;;;;29737103000110-1-000025/2026;;2026-09-30 14:07:51.856388;Não informado
Prazo aberto no cadastro PNCP;Sistema especializado / serviços;;MUNICIPIO DE THEOBROMA;MUNICÍPIO DE THEOBROMA/RO;Municipal;Theobroma;RO;Edital nº 030/2026;2026-10-13 09:28:00;2026-09-28 10:31:30;121666.62;96116.62;Pregão - Eletrônico;Não/não informado;"[LICITANET] - CONTRATAÇÃO DE EMPRESA ESPECIALIZADA PARA IMPLANTAÇÃO, 
CAPACITAÇÃO E LOCAÇÃO DE SOFTWARE INTEGRADO DE GESTÃO EDUCACIONAL NA 
SECRETARIA MUNICIPAL DE EDUCAÇÃO E UNIDADES ESCOLARES NA MODALIDADE 
LICENÇA DE USO. ";Pode envolver implantação, operação, hardware ou desenvolvimento. Não presumir fornecimento apenas de assinatura.;Cadastro de busca oficial PNCP;https://pncp.gov.br/app/editais/84727601000190/2026/63;https://licitanet.com.br/sessao/196993;;;84727601000190-1-000063/2026;;2026-08-10 09:07:20.721457;Não informado
Prazo aberto no cadastro PNCP;Sistema especializado / serviços;;MUNICIPIO DE ROSARIO;Secretaria Municipal de Saúde;Municipal;Rosário;MA;Edital nº 029/2026;2026-10-13 09:30:00;2026-09-28 00:00:00;;;Pregão - Eletrônico;Não/não informado;Contratação de empresa especializada para a prestação de solução tecnológica integrada de apoio à gestão da Atenção Básica em Saúde — incluindo o suporte técnico à integração e operação com os sistemas oficiais do Ministério da Saúde — e a execução de serviços continuados de treinamento e capacitação em Saúde Digital, contemplando, entre outros temas, telessaúde, telemedicina, teleconsulta, telemonitoramento, interoperabilidade, segurança da informação e uso qualificado dos sistemas de informação da Atenção Básica, para atendimento da rede de saúde do Município de Rosário/MA.;Pode envolver implantação, operação, hardware ou desenvolvimento. Não presumir fornecimento apenas de assinatura.;Cadastro de busca oficial PNCP;https://pncp.gov.br/app/editais/41479569000169/2026/69;https://licitarosarioma.com.br/;;;41479569000169-1-000069/2026;;2026-09-29 14:16:26.625302;Não informado
Prazo aberto no cadastro PNCP;Sistema especializado / serviços;;SUPERINTENDENCIA DO DESENVOLVIMENTO DO NORDESTE - SUDENE;SUPERINTENDENCIA DO DESENVOL. DO NORDESTE;Federal;Recife;PE;Edital nº 84/2026;2026-10-13 09:30:00;2026-09-28 09:00:00;165180.51;130492.6;Pregão - Eletrônico;Não/não informado;"Contratação de serviços comuns de implantação, intermediação e administração de um sistema informatizado e integrado, com utilização de TAG com tecnologia RFID/NFC e cartão magnético ou microprocessado, de gerenciamento para aquisição de combustíveis (gasolina, álcool e óleo diesel S-10) para a frota da Superintendência de Desenvolvimento do Nordeste - SUDENE.

 ";Pode envolver implantação, operação, hardware ou desenvolvimento. Não presumir fornecimento apenas de assinatura.;API oficial PNCP de propostas abertas (varredura por UF);https://pncp.gov.br/app/editais/09263130000191/2026/37;https://cnetmobile.estaleiro.serpro.gov.br/comprasnet-web/public/compras/acompanhamento-compra?compra=53301405000842026;;;09263130000191-1-000037/2026;;2026-09-17 04:00:14;Não informado
Prazo aberto no cadastro PNCP;Hardware ou solução integrada;;MUNICIPIO DE ASSAI;PREFEITURA MUNICIPAL DE ASSAI - SEDE;Municipal;Assaí;PR;Edital nº 99/2026;2026-10-13 09:30:00;2026-09-29 08:00:00;494329.39;390520.21;Pregão - Eletrônico;Não/não informado;O objeto da presente licitação é a escolha da proposta mais vantajosa para a AQUISIÇÃO DE EQUIPAMENTOS DE TECNOLOGIA DA INFORMAÇÃO, INCLUINDO ESTAÇÕES DE TRABALHO COMPLETAS, COMPUTADORES PORTÁTEIS, GABINETE MÓVEL DE RECARGA E INFRAESTRUTURA DE REDE SEM FIO, DESTINADOS À IMPLANTAÇÃO, ESTRUTURAÇÃO E AO PLENO FUNCIONAMENTO DO CENTRO DE FORMAÇÃO EM INTELIGÊNCIA ARTIFICIAL DO MUNICÍPIO, conforme condições, quantidades e exigências estabelecidas neste Edital e seus anexos.;Pode envolver implantação, operação, hardware ou desenvolvimento. Não presumir fornecimento apenas de assinatura.;Cadastro de busca oficial PNCP;https://pncp.gov.br/app/editais/76290709000130/2026/286;https://bllcompras.com/Process/ProcessView?param1=[gkz]T_84WO3TXvq9wgerwKF/HsMbPp5M0RAxEKGH1GyoKtg/KVJv96XesrUfVqtjcWqT5/JlFOFL7d1MmJTYBPrhU6WKijIP9y6ty9MipkEZ9u4=;;;76290709000130-1-000286/2026;;2026-09-28 14:42:59.636644;Não informado
Prazo aberto no cadastro PNCP;Sistema especializado / serviços;;PARANA ASSEMBLEIA LEGISLATIVA;EPR - ASSEMBLEIA LEGISLATIVA DO PARANÁ;Estadual;Curitiba;PR;Edital nº 13/2026;2026-10-13 09:30:00;2026-09-24 09:00:00;1470960.0;1162058.4;Pregão - Eletrônico;Não/não informado;Contratação de empresa especializada para o fornecimento e manutenção de serviço de correio eletrônico (e-mail) corporativo, com ferramentas integradas de comunicação e colaboração em nuvem, contemplando, de forma contínua, a hospedagem, o suporte técnico e a administração da solução, bem como, de forma inicial, a implantação, migração, integração e capacitação de usuários, conforme as especificações técnicas constantes no Edital e Termo de Referência, para atendimento às demandas da Assembleia ;Pode envolver implantação, operação, hardware ou desenvolvimento. Não presumir fornecimento apenas de assinatura.;Cadastro de busca oficial PNCP;https://pncp.gov.br/app/editais/77799542000109/2026/63;https://cnetmobile.estaleiro.serpro.gov.br/comprasnet-web/public/compras/acompanhamento-compra?compra=93028505000132026;;;77799542000109-1-000063/2026;;2026-09-23 13:57:50.135157;Não informado
Prazo aberto no cadastro PNCP;Sistema especializado / serviços;;PARANA ASSEMBLEIA LEGISLATIVA;ALEP - Assembleia Legislativa do Estado do Paraná;Estadual;Curitiba;PR;Edital nº 1408/2026;2026-10-13 09:30:00;2026-09-24 09:00:00;1470960.0;1162058.4;Pregão - Eletrônico;Não/não informado;Contratação de empresa especializada para o fornecimento e manutenção de serviço de correio eletrônico e-mail corporativo, com ferramentas integradas de comunicação e colaboração em nuvem, contemplando, de forma contínua, a hospedagem, o suporte técnico e a administração da solução, bem como, de forma inicial, a implantação, migração, integração e capacitação de usuários, conforme as especificações técnicas constantes no Edital e Termo de Referência, para atendimento às demandas da Assembleia Legislativa do Estado do Paraná.;Pode envolver implantação, operação, hardware ou desenvolvimento. Não presumir fornecimento apenas de assinatura.;API oficial PNCP de propostas abertas (varredura por UF);https://pncp.gov.br/app/editais/77799542000109/2026/64;www.transparencia.pr.gov.br/pte/compras/licitacoes/pesquisar-param?numprocesso=1408&ano=2026&codmodalidade=68;;;77799542000109-1-000064/2026;;2026-09-23 15:00:01;Não informado
Prazo aberto no cadastro PNCP;Sistema especializado / serviços;;MUNICIPIO DE EUCLIDES DA CUNHA PAULISTA;PREFEITURA MUNICIPAL;Municipal;Euclides da Cunha Paulista;SP;Edital nº 42 | Processo 327/2026;2026-10-13 09:30:00;2026-09-25 08:00:00;388878.55;307214.05;Pregão - Presencial;Não/não informado;CONTRATACAO DE EMPRESA ESPECIALIZADA PARA PRESTACAO DE SERVICOS DE TECNOLOGIA DA INFORMACAO PARA DISPONIBILIZACAO DE PLATAFORMA DE GESTAO MUNICIPAL  COMPREENDENDO O LICENCIAMENTO DE USO DE SOFTWARES DE GESTAO PUBLICA  EM AMBIENTE NUVEM  POR PRAZO DETERMINADO  LOCACAO   COM ATUALIZACAO MENSAL  QUE GARANTA AS ALTERACOES LEGAIS  CORRETIVAS E EVOLUTIVAS  INCLUINDO  CONVERSAO  IMPLANTACAO  TREINAMENTO  SUPORTE E ATENDIMENTO TECNICO VISANDO O ATENDIMENTO DAS NECESSIDADES DA PREFEITURA MUNICIPAL DE EUCLIDES DA CUNHA PAULISTA   SP;Pode envolver implantação, operação, hardware ou desenvolvimento. Não presumir fornecimento apenas de assinatura.;Cadastro de busca oficial PNCP;https://pncp.gov.br/app/editais/67662437000161/2026/57; ;;;67662437000161-1-000057/2026;;2026-09-25 10:41:10.497488;Não informado
Prazo aberto no cadastro PNCP;Sistema especializado / serviços;;MUNICIPIO DE SANTANA DE PARNAIBA;Secretaria Municipal de Compras e Licitações;Municipal;Santana de Parnaíba;SP;Edital nº 172/2026;2026-10-13 09:30:00;2026-09-25 18:00:00;850000.0;671500.0;Pregão - Eletrônico;Não/não informado;[Portal de Compras Públicas] - Contratação de empresa especializada para fornecimento, em regime de LOCAÇÃO DE LICENÇAS DE USO, DE PLATAFORMA VIRTUAL DE APRENDIZAGEM DE MÚLTIPLOS IDIOMAS, disponibilizada em modelo de distribuição SaaS (Software como Serviço), composta por portal web e aplicativos móveis, com acesso gratuito para até 50.000 (cinquenta mil) usuários, em, no mínimo, 5 (cinco) idiomas  inglês, espanhol, francês, italiano e alemão  com recursos de personalização de aprendizagem suportados por inteligência artificial (IA), destinada a apoiar a continuidade e o aprimoramento da política pública Parnaíba Idiomas, pelo período de 12 (doze) meses, incluindo hospedagem, manutenção, suporte técnico e serviços correlatos, em atendimento a Secretaria Municipal da Casa Civil.;Pode envolver implantação, operação, hardware ou desenvolvimento. Não presumir fornecimento apenas de assinatura.;Cadastro de busca oficial PNCP + itens oficiais + detalhe da contratação;https://pncp.gov.br/app/editais/46522983000127/2026/355;https://www.portaldecompraspublicas.com.br/processos/SP/Prefeitura-Municipal-de-Santana-de-Parnaiba-1139/PE-172-2026-2026-514224;https://pncp.gov.br/pncp-api/v1/orgaos/46522983000127/compras/2026/355/arquivos/1;;46522983000127-1-000355/2026;;2026-09-25 12:07:44.472093;Não informado
Prazo aberto no cadastro PNCP;Hardware ou solução integrada;;EMPRESA BRASILEIRA DE SERVICOS HOSPITALARES - EBSERH;HOSPITAL UNIVERSITÁRIO DE BRASÍLIA;Não se aplica;Brasília;DF;Edital nº 37/2026;2026-10-13 10:00:00;2026-09-14 08:00:00;;;Pregão - Eletrônico;Sim;AQUISIÇÃO DE SOLUÇÃO DE REDE SEM FIO WLAN - WI-FI, COM FORNECIMENTO DE EQUIPAMENTOS, SISTEMA DE GERENCIAMENTO INTEGRADO, SISTEMA DE CONTROLE DE ACESSO - NAC, SERVIÇO DE INSTALAÇÃO, CONFIGURAÇÃO E TREINAMENTO, GARANTIA E SUPORTE TÉCNICO ON-SITE POR 60 MESES PARA ATENDER O HUB-UNB E SERVIÇO DE SITE SURVEY PARA O HOSPITAL UNIVERSITÁRIO DE BRASÍLIA.;Pode envolver implantação, operação, hardware ou desenvolvimento. Não presumir fornecimento apenas de assinatura.;Cadastro de busca oficial PNCP;https://pncp.gov.br/app/editais/15126437000305/2026/3593;https://cnetmobile.estaleiro.serpro.gov.br/comprasnet-web/public/compras/acompanhamento-compra?compra=15500905000372026;;;15126437000305-1-003593/2026;;2026-09-08 04:00:08.370203;Não informado
Prazo aberto no cadastro PNCP;Hardware ou solução integrada;;MUNICIPIO DE CANDEIAS DO JAMARI;MUNICÍPIO DE CANDEIAS DO JAMARI/RO;Municipal;Candeias do Jamari;RO;Edital nº 024/2026;2026-10-13 10:00:00;2026-09-22 13:26:06;1814506.16;1433459.86;Pregão - Eletrônico;Não/não informado;[LICITANET] - Contratação de empresa para prestação de serviços de locação de software em modelo Software as a Service (SaaS), compreendendo cessão/licenciamento, hospedagem em nuvem e demais serviços correlatos, visando atender às necessidades da Prefeitura Municipal de Candeias do Jamari – PMCJ/RO e da Câmara Municipal de Candeias do Jamari – CMCJ/RO, conforme condições, quantidades e exigências estabelecidas no Termo de Referência;Pode envolver implantação, operação, hardware ou desenvolvimento. Não presumir fornecimento apenas de assinatura.;Cadastro de busca oficial PNCP + itens oficiais + detalhe da contratação;https://pncp.gov.br/app/editais/63761902000160/2026/129;https://licitanet.com.br/sessao/202362;https://pncp.gov.br/pncp-api/v1/orgaos/63761902000160/compras/2026/129/arquivos/1;;63761902000160-1-000129/2026;;2026-09-22 13:27:07.799214;Não informado
Prazo aberto no cadastro PNCP;Sistema especializado / serviços;;MUNICIPIO DE RIO GRANDE DA SERRA;Municipio De Rio Grande Da Serra;Municipal;Rio Grande da Serra;SP;Edital nº 52/2026;2026-10-13 10:00:00;2026-09-28 09:00:00;2350798.64;1857130.92;Pregão - Eletrônico;Não/não informado;Contratação de empresa especializada para o fornecimento de solução de sistemas de gestão pública municipal, na modalidade Software como Serviço (SaaS), incluindo licenciamento, hospedagem em nuvem, implantação, migração de dados, treinamentos, manutenção, suporte técnico e atualizações legais e tecnológicas.;Pode envolver implantação, operação, hardware ou desenvolvimento. Não presumir fornecimento apenas de assinatura.;Cadastro de busca oficial PNCP;https://pncp.gov.br/app/editais/46522975000180/2026/87;;;;46522975000180-1-000087/2026;;2026-09-28 10:20:03.785503;Não informado
Prazo aberto no cadastro PNCP;Sistema especializado / serviços;;CONSELHO REGIONAL DE QUIMICA DA 21 REGIAO - CRQ XXI;CONSELHO REGIONAL DE QUIMICA 21A - ES;Federal;Vitória;ES;Edital nº 1/2026;2026-10-13 11:00:00;2026-09-23 18:00:00;177900.0;140541.0;Pregão - Eletrônico;Não/não informado; contratação de empresa especializada para a prestação de serviços de disponibilização, implantação, parametrização, migração de dados legados, treinamento, suporte técnico especializado, sustentação e manutenção continuada de Solução Integrada de Gestão Finalística e Administrativa em Solução Integrada de Gestão Finalística e Corporativa 100% web (Software as a Service – SaaS / Computação em Nuvem);Pode envolver implantação, operação, hardware ou desenvolvimento. Não presumir fornecimento apenas de assinatura.;Cadastro de busca oficial PNCP;https://pncp.gov.br/app/editais/13614347000176/2026/1;https://cnetmobile.estaleiro.serpro.gov.br/comprasnet-web/public/compras/acompanhamento-compra?compra=92855205000012026;;;13614347000176-1-000001/2026;;2026-09-18 17:26:14.990508;Não informado
Prazo aberto no cadastro PNCP;Sistema especializado / serviços;;MUNICIPIO DE NOVA BOA VISTA;Prefeitura Municipal de Nova Boa Vista;Municipal;Nova Boa Vista;RS;Edital nº 4/2026;2026-10-13 13:29:00;2026-09-28 13:30:00;106132.08;83844.34;Concorrência - Eletrônica;Não/não informado;[Portal de Compras Públicas] - Constitui se objeto do presente edital contratação de empresa especializada sob o Regime de Execução de EMPREITADA POR PREÇO GLOBAL compreendendo mão de obra, materiais equipamentos, ART, instalações hidráulicas, elétricas e civis, testes, regulagem e entrega do sistema em pleno funcionamento, visando à implantação completa do sistema de bombeamento recalque adução reservação automação e interligação à rede de distribuição do poço tubular profundo da Linha Maneador no Município de Nova Boa Vista RS com recursos próprios e oriundos do Convênio FPE nr 19182025  Programa Mais Água RS caracterizada e especificada no Termo de Referência elaborado pelo Setor Requisitante e no Projeto Executivo e seus anexos na forma da lei;Pode envolver implantação, operação, hardware ou desenvolvimento. Não presumir fornecimento apenas de assinatura.;API oficial PNCP de propostas abertas (varredura por UF);https://pncp.gov.br/app/editais/94704061000183/2026/265;https://www.portaldecompraspublicas.com.br/processos/RS/Prefeitura-Municipal-de-Nova-Boa-Vista-2614/CPMP-4-2026-2026-514084;;;94704061000183-1-000265/2026;;2026-09-24 20:52:09;Não informado
Prazo aberto no cadastro PNCP;Hardware ou solução integrada;;MUNICIPIO DE PEDRO LEOPOLDO;PREFEITURA MUNICIPAL;Municipal;Pedro Leopoldo;MG;Edital nº PL-59/2026;2026-10-13 13:30:00;2026-09-25 18:00:00;;;Pregão - Eletrônico;Não/não informado;Contratação de empresa especializada para a prestação de serviços de acesso dedicado à Internet, por meio de infraestrutura em fibra óptica, com velocidade de 1 Gbps (um gigabit por segundo), simétrica(full duplex), compreendendo o fornecimento, instalação, ativação, configuração, operação, monitoramento, suporte técnico especializado, manutenção preventiva e corretiva, bem como o fornecimento, emregimedecomodato, de todos os equipamentos, materiais, softwares, licenças e demais recursos necessários àperfeitaexecução da solução, destinados ao atendimento da sede da Prefeitura Municipal de Pedro Leopoldo.;Pode envolver implantação, operação, hardware ou desenvolvimento. Não presumir fornecimento apenas de assinatura.;Cadastro de busca oficial PNCP;https://pncp.gov.br/app/editais/23456650000141/2026/63;;;;23456650000141-1-000063/2026;;2026-09-23 11:23:12.586961;Não informado
Recebimento futuro anunciado;Sistema especializado / serviços;;MUNICIPIO DE BRASILANDIA;MUNICÍPIO DE BRASILANDIA;Municipal;Brasilândia;MS;Edital nº 28/2026;2026-10-13 23:59:00;2026-10-13 00:01:00;;;Pregão - Presencial;Não/não informado;Contratação de empresa especializada de tecnologia da informação para o fornecimento de Sistema de Gestão Escolar em Nuvem (SaaS), incluindo Licenciamento do Software, Implantação e Migração dos dados antigos, Treinamento para Servidores, Suporte Técnico e Manutenção de Sistema, para atender as Unidades Escolares e Secretaria Municipal de Educação e Cultura bem como seus respectivos Núcleos/Departamentos.;Pode envolver implantação, operação, hardware ou desenvolvimento. Não presumir fornecimento apenas de assinatura.;Cadastro de busca oficial PNCP;https://pncp.gov.br/app/editais/03184058000120/2026/104;http://portal.brasilandia.ms.gov.br:8079/transparenciacm/?fbclid=IwZXh0bgNhZW0CMTAAAR19ZyVhdP3KwS7sfopswuAXjQ2bSQHzIPeZUFGTylmsOB0fiMhpSZ6TFsk_aem_AdxlNojlEFka9gQ2SWbQeONKuyu0ashVZZZ-DFa1hsI7fryqKu5vSbABUCKpOIfqwRzZFI-Jb_IZ1TISiScCS04m;;;03184058000120-1-000104/2026;;2026-09-23 08:15:09.402907;Não informado
Prazo aberto no cadastro PNCP;Hardware ou solução integrada;;CAMARA MUNICIPAL DE BATATAIS;CAMARA MUNICIPAL DE BATATAIS;Municipal;Batatais;SP;Edital nº 6/2026/2026;2026-10-13 23:59:00;2026-09-30 00:00:00;116003.32;91642.62;Pregão - Eletrônico;Não/não informado;Aquisição de materiais, equipamentos e softwares de informática e produção audiovisual para a Câmara Municipal de Batatais.;Pode envolver implantação, operação, hardware ou desenvolvimento. Não presumir fornecimento apenas de assinatura.;Cadastro de busca oficial PNCP;https://pncp.gov.br/app/editais/60257169000153/2026/31;https://licitamaisbrasil.com.br/detalhes-do-edital/iqGAio3PYVVlBSQn;;;60257169000153-1-000031/2026;;2026-09-29 14:15:35.629528;Não informado
Prazo aberto no cadastro PNCP;Sistema especializado / serviços;;MUNICIPIO DE OURO PRETO;SECRETARIA MUNICIPAL DE SEGURANÇA E TRÂNSITO;Municipal;Ouro Preto;MG;Edital nº PL-229/2026;2026-10-14 07:00:00;2026-09-29 07:00:00;869999.28;687299.43;Pregão - Eletrônico;Não/não informado;CONTRATAÇAO DE EMPRESA ESPECIALIZADA PARA PRESTAÇAO DE SERVIÇOS DE DISPONIBILIZAÇAO DE SISTEMA INFORMATIZADO DE GESTÃO ADMINISTRATIVA DE TRANSITO, INCLUINDO PRE-PROCESSAMENTO E PROCESSAMNETO DAS IMFRAÇOES, DISPOPNIBILIZAÇAO DE TALONARIO ELETRONICO SISTEMA WEB DE ATENDIMENTO AO CIDADÃO, BEM COMO CESÃO DE LICENÇA DE USO POR TEMPO DETERMINADO, COMFORME CONDIÇOES ESPECIFICADAS  TECNICAS E QUANTITATIVOS ESTABELECIDOS NESTE TERMO DE REFERENCIA.;Pode envolver implantação, operação, hardware ou desenvolvimento. Não presumir fornecimento apenas de assinatura.;Cadastro de busca oficial PNCP + itens oficiais + detalhe da contratação;https://pncp.gov.br/app/editais/18295295000136/2026/259;;https://pncp.gov.br/pncp-api/v1/orgaos/18295295000136/compras/2026/259/arquivos/1;https://pncp.gov.br/pncp-api/v1/orgaos/18295295000136/compras/2026/259/arquivos/3;18295295000136-1-000259/2026;;2026-09-28 07:51:51.670651;Não informado
Prazo aberto no cadastro PNCP;Sistema especializado / serviços;;DEPARTAMENTO DE EDIFICACOES E DE RODOVIAS DO ESTADO DO ESPIRITO SANTO - DER-ES;DEPARTAMENTO DE EDIFICACOES E DE RODOVIAS DO ESTADO DO ESPIRITO SANTO;Estadual;Vitória;ES;Edital nº 008/2026;2026-10-14 08:00:00;2026-09-28 08:00:00;1694222.24;1338435.56;Pregão - Eletrônico;Não/não informado;Aquisição de 02 (dois) servidores corporativos de alto desempenho para modernização do ambiente de virtualização do Data Center do Departamento de Edificações e de Rodovias do Estado do Espírito Santo - DER-ES, incluindo todos os componentes e acessórios necessários à instalação e operação, integração com a infraestrutura existente, montagem em rack, atualização de firmwares, configuração inicial, testes de aceitação, documentação técnica, transferência de conhecimento, garantia e suporte técnico do fabricante pelo período de 60 (sessenta) meses.;Pode envolver implantação, operação, hardware ou desenvolvimento. Não presumir fornecimento apenas de assinatura.;API oficial PNCP de propostas abertas (varredura por UF);https://pncp.gov.br/app/editais/04889717000197/2026/65;;;;04889717000197-1-000065/2026;;2026-09-22 14:30:07;Não informado
Prazo aberto no cadastro PNCP;Hardware ou solução integrada;;MUNICIPIO DE MANDAGUARI;Prefeitura Municipal de Mandaguari - PR;Municipal;Mandaguari;PR;Edital nº 79/2026;2026-10-14 08:00:00;2026-09-24 08:00:00;324640.0;256465.6;Pregão - Eletrônico;Sim;CONTRATAÇÃO DE PESSOA JURÍDICA ESPECIALIZADA NA PRESTAÇÃO DE SERVIÇOS TÉCNICOS DE TOPOGRAFIA, COM FORNECIMENTO DE MÃO DE OBRA, EQUIPAMENTOS, SOFTWARES E DEMAIS INSUMOS NECESSÁRIOS, VISANDO ATENDER ÁS DEMANDAS DAS SECRETARIAS MUNICIPAIS.;Pode envolver implantação, operação, hardware ou desenvolvimento. Não presumir fornecimento apenas de assinatura.;API oficial PNCP de propostas abertas (varredura por UF);https://pncp.gov.br/app/editais/76285345000109/2026/255;https://bllcompras.com/Process/ProcessView?param1=[gkz]ObcrI1fegcsXhXb9l8bZWLcyU6qJVBWKDLUwwxsBCdFUZUiLiOXwNySmBpgYxcwZWNF8Xm9VLqhMUGD5KpMjZaH8To277JnPw9DxyaOVqKY=;;;76285345000109-1-000255/2026;;2026-09-24 15:42:58;Não informado
Prazo aberto no cadastro PNCP;Sistema especializado / serviços;;MUNICIPIO DE TRES BARRAS;ADM -  Secretaria de Administracao;Municipal;Três Barras;SC;Edital nº PCE 141/2026;2026-10-14 08:00:00;2026-09-28 15:00:00;288567.62;227968.41;Pregão - Eletrônico;Não/não informado;CONTRATAÇÃO DE EMPRESA ESPECIALIZADA NO FORNECIMENTO DE SOLUÇÃO TECNOLÓGICA (PLATAFORMA DE TRANSAÇÃO VIA WEB) PARA REALIZAÇÃO DE LEILÃO PÚBLICO ELETRÔNICO, COMPREENDENDO A DISPONIBILIZAÇÃO DO SISTEMA, SUPORTE TÉCNICO E CAPACITAÇÃO/TREINAMENTO DE SERVIDOR (ES) DO MUNICÍPIO DE TRÊS BARRAS PARA A CONDUÇÃO DO CERTAME.;Pode envolver implantação, operação, hardware ou desenvolvimento. Não presumir fornecimento apenas de assinatura.;API oficial PNCP de propostas abertas (varredura por UF);https://pncp.gov.br/app/editais/83102400000135/2026/188;;;;83102400000135-1-000188/2026;;2026-08-31 11:39:51;Não informado
Prazo aberto no cadastro PNCP;Sistema especializado / serviços;;MUNICIPIO DE MONTE MOR;Prefeitura Municipal de Monte Mor - SP;Municipal;Monte Mor;SP;Edital nº 49/2026;2026-10-14 08:00:00;2026-09-30 08:00:00;758214.23;598989.24;Pregão - Eletrônico;Não/não informado;REGISTRO DE PREÇOS PARA A CONTRATAÇÃO DE EMPRESA ESPECIALIZADA NA PRESTAÇÃO DE SERVIÇOS DE MANUTENÇÃO PREVENTIVA E CORRETIVA, COM FORNECIMENTO DE MATERIAIS, INSTALAÇÃO, DESINSTALAÇÃO, REINSTALAÇÃO, REMANEJAMENTO, CONFIGURAÇÃO E SUPORTE TÉCNICO DOS SISTEMAS DE CIRCUITO FECHADO DE TELEVISÃO – CFTV PERTENCENTES À PREFEITURA MUNICIPAL DE MONTE MOR;Pode envolver implantação, operação, hardware ou desenvolvimento. Não presumir fornecimento apenas de assinatura.;API oficial PNCP de propostas abertas (varredura por UF);https://pncp.gov.br/app/editais/45787652000156/2026/226;https://comprasbr.com.br/pregao-eletronico-detalhe/?idlicitacao=48712;;;45787652000156-1-000226/2026;;2026-10-01 09:32:37;Não informado
Prazo aberto no cadastro PNCP;Hardware ou solução integrada;;PROCURADORIA GERAL DO MUNICIPIO - PGM;PMSP - PROCURADORIA GERAL DO MUNICÍPIO;Municipal;São Paulo;SP;Edital nº 42/2026;2026-10-14 08:00:00;2026-09-29 08:00:00;;;Pregão - Eletrônico;Não/não informado;Contratação de empresa especializada na prestação de serviço para a prestação de serviços de controle, operação e fiscalização das portarias nos prédios onde estão instaladas as unidades da PGMSP, incluindo o fornecimento, em regime de locação, de catracas eletrônicas com reconhecimento facial, cancela automática, terminais de reconhecimento facial, microcomputadores, nobreaks e software de gerenciamento e controle de acesso, conforme especificações constantes do Anexo I do Edital.;Pode envolver implantação, operação, hardware ou desenvolvimento. Não presumir fornecimento apenas de assinatura.;API oficial PNCP de propostas abertas (varredura por UF);https://pncp.gov.br/app/editais/46392072000122/2026/35;https://cnetmobile.estaleiro.serpro.gov.br/comprasnet-web/public/compras/acompanhamento-compra?compra=92505905000422026;;;46392072000122-1-000035/2026;;2026-09-25 15:09:14;Não informado
Prazo aberto no cadastro PNCP;Hardware ou solução integrada;;GUARAPUAVA CAMARA DE VEREADORES;Câmara Municipal;Municipal;Guarapuava;PR;Edital nº PCE 3/2026;2026-10-14 08:30:00;2026-09-30 12:00:00;514136.68;406167.97;Pregão - Eletrônico;Sim;Contratação de solução de outsourcing de Tecnologia da Informação, compreendendo o fornecimento de equipamentos de informática e a prestação de serviços continuados de suporte técnico, manutenção preventiva e corretiva, gestão do parque tecnológico e demais serviços associados, destinados ao atendimento das necessidades operacionais, administrativas e institucionais do Poder Legislativo do Município de Guarapuava.;Pode envolver implantação, operação, hardware ou desenvolvimento. Não presumir fornecimento apenas de assinatura.;Cadastro de busca oficial PNCP;https://pncp.gov.br/app/editais/77774495000130/2026/5;;;;77774495000130-1-000005/2026;;2026-06-08 17:54:30.936995;Não informado
Prazo aberto no cadastro PNCP;Sistema especializado / serviços;;MUNICIPIO DE NOVA ANDRADINA;PREFEITURA MUNICIPAL DE NOVA ANDRADINA-MS;Municipal;Nova Andradina;MS;Edital nº PE 41/2026;2026-10-14 08:30:00;2026-09-25 08:00:00;475829.49;375905.29;Pregão - Eletrônico;Não/não informado;Contratação empresa especializada para prestação de serviços de implantação, treinamento, conversão de dados e licenciamento de uso mensal de solução de software, em ambiente web (cloud) para equipar a secretaria solicitante e demais departamentos.;Pode envolver implantação, operação, hardware ou desenvolvimento. Não presumir fornecimento apenas de assinatura.;Cadastro de busca oficial PNCP + itens oficiais + detalhe da contratação;https://pncp.gov.br/app/editais/03173317000118/2026/105;;https://pncp.gov.br/pncp-api/v1/orgaos/03173317000118/compras/2026/105/arquivos/3;https://pncp.gov.br/pncp-api/v1/orgaos/03173317000118/compras/2026/105/arquivos/1;03173317000118-1-000105/2026;;2026-09-23 09:52:24.356189;Não informado
Prazo aberto no cadastro PNCP;Sistema especializado / serviços;;UNIVERSIDADE ESTADUAL DO OESTE DO PARANA;UNIVERSIDADE EST OESTE DO PARANA (REITORIA);Estadual;Cascavel;PR;Edital nº 70/2026;2026-10-14 08:30:00;2026-09-25 08:00:00;150000.0;118500.0;Pregão - Eletrônico;Não/não informado;Contratação de serviço de software PE da Juventude;Pode envolver implantação, operação, hardware ou desenvolvimento. Não presumir fornecimento apenas de assinatura.;API oficial PNCP de propostas abertas (varredura por UF) + itens oficiais + detalhe da contratação;https://pncp.gov.br/app/editais/78680337000770/2026/390;https://cnetmobile.estaleiro.serpro.gov.br/comprasnet-web/public/compras/acompanhamento-compra?compra=92609705000702026;https://pncp.gov.br/pncp-api/v1/orgaos/78680337000770/compras/2026/390/arquivos/1;;78680337000770-1-000390/2026;;2026-09-23 16:12:17;Não informado
Prazo aberto no cadastro PNCP;Sistema especializado / serviços;;UNIVERSIDADE ESTADUAL DO OESTE DO PARANA;UNIOESTE REITOR - Universidade Estadual do Oeste do Paraná - Reitoria;Estadual;Cascavel;PR;Edital nº 1411/2026;2026-10-14 08:30:00;2026-09-25 08:00:00;150000.0;118500.0;Pregão - Eletrônico;Não/não informado;Contratação desenvolvimento de software PE Juventude;Pode envolver implantação, operação, hardware ou desenvolvimento. Não presumir fornecimento apenas de assinatura.;API oficial PNCP de propostas abertas (varredura por UF);https://pncp.gov.br/app/editais/78680337000184/2026/333;www.transparencia.pr.gov.br/pte/compras/licitacoes/pesquisar-param?numprocesso=1411&ano=2026&codmodalidade=68;;;78680337000184-1-000333/2026;;2026-09-23 17:00:09;Não informado
Prazo aberto no cadastro PNCP;Sistema especializado / serviços;;MUNICIPIO DE RIO NEGRO;Departamento de Arrecadação - Dar;Municipal;Rio Negro;PR;Edital nº PCE 58/2026;2026-10-14 08:30:00;2026-09-28 08:00:00;40599.96;32073.96;Pregão - Eletrônico;Não/não informado;Contratação de empresa especializada para a locação de plataforma de informações geográficas, com integração de dados fundiários, ambientais e valores de mercado de terras rurais, destinada a fornecer suporte técnico às ações de fiscalização tributária municipal.;Pode envolver implantação, operação, hardware ou desenvolvimento. Não presumir fornecimento apenas de assinatura.;Cadastro de busca oficial PNCP;https://pncp.gov.br/app/editais/76002641000147/2026/360;;;;76002641000147-1-000360/2026;;2026-09-25 14:17:21.601263;Não informado
Prazo aberto no cadastro PNCP;Hardware ou solução integrada;;MUNICIPIO DE MORRINHOS DO SUL;PREFEITURA MUNICIPAL DE MORRINHOS DO SUL;Municipal;Morrinhos do Sul;RS;Edital nº PE 337/2026;2026-10-14 08:30:00;2026-09-28 13:30:00;443239.0;350158.81;Pregão - Eletrônico;Sim;A PRESENTE LICITAÇÃO TEM POR OBJETO O REGISTRO DE PREÇOS PARA FUTURA E PARCELADA AQUISIÇÃO DE MATERIAIS ELÉTRICOS DESTINADOS À MONTAGEM, MANUTENÇÃO, PROTEÇÃO E AUTOMAÇÃO DE COMANDOS DE BOMBAS SUBMERSAS UTILIZADAS NOS SISTEMAS DE ABASTECIMENTO DE ÁGUA DO MUNICÍPIO, COMPREENDENDO PAINÉIS DE COMANDO, VISANDO ATENDER ÀS NECESSIDADES DE OPERAÇÃO E MANUTENÇÃO DOS POÇOS ARTESIANOS E DEMAIS UNIDADES VINCULADAS AO SISTEMA MUNICIPAL DE ABASTECIMENTO DE ÁGUA, BEM COMO AQUISIÇÃO DE EQUIPAMENTOS E FERRAMENTAS PARA ATENDIMENTO DAS DEMANDAS DA SECRETARIA MUNICIPAL DE OBRAS, VIAÇÃO E TRANSPORTE;Pode envolver implantação, operação, hardware ou desenvolvimento. Não presumir fornecimento apenas de assinatura.;API oficial PNCP de propostas abertas (varredura por UF);https://pncp.gov.br/app/editais/93317980000131/2026/411;;;;93317980000131-1-000411/2026;;2026-09-28 11:26:00;Não informado
Recebimento futuro anunciado;Sistema especializado / serviços;;MUNICIPIO DE MONTE MOR;SECRETARIA MUNICIPAL DE ADMINISTRACAO;Municipal;Monte Mor;SP;Edital nº 49/2026;2026-10-14 08:30:00;2026-10-14 08:00:00;758272.33;599035.14;Pregão - Eletrônico;Sim;REGISTRO DE PREÇOS PARA A CONTRATAÇÃO DE EMPRESA ESPECIALIZADA NA PRESTAÇÃO DE SERVIÇOS DE MANUTENÇÃO PREVENTIVA E CORRETIVA, COM FORNECIMENTO DE MATERIAIS, INSTALAÇÃO, DESINSTALAÇÃO, REINSTALAÇÃO, REMANEJAMENTO, CONFIGURAÇÃO E SUPORTE TÉCNICO DOS SISTEMAS DE CIRCUITO FECHADO DE TELEVISÃO – CFTV PERTENCENTES À PREFEITURA MUNICIPAL DE MONTE MOR;Pode envolver implantação, operação, hardware ou desenvolvimento. Não presumir fornecimento apenas de assinatura.;API oficial PNCP de propostas abertas (varredura por UF);https://pncp.gov.br/app/editais/45787652000156/2026/229;;;;45787652000156-1-000229/2026;;2026-10-05 08:57:20;Não informado
Prazo aberto no cadastro PNCP;Sistema especializado / serviços;;MUNICIPIO DE PESCARIA BRAVA;Prefeitura Municipal de Pescaria Brava - SC;Municipal;Pescaria Brava;SC;Edital nº 155-1/2026;2026-10-14 08:45:00;2026-09-29 08:00:00;345925.88;273281.44;Pregão - Eletrônico;Não/não informado;Contratação de empresa responsável por informatizar o setor de arrecadação do município de Pescaria Brava, através da locação dos sistemas em ambiente web abaixo relacionados, específico para gestão pública municipal, com instalação, implantação e treinamento dos funcionários, já inclusas alterações legais e manutenções corretivas se houverem, incluindo a migração de todos os dados dos sistemas ora em uso.;Pode envolver implantação, operação, hardware ou desenvolvimento. Não presumir fornecimento apenas de assinatura.;Cadastro de busca oficial PNCP;https://pncp.gov.br/app/editais/16780795000138/2026/51;;;;16780795000138-1-000051/2026;;2026-09-28 10:42:36.188637;Não informado
Prazo aberto no cadastro PNCP;Hardware ou solução integrada;;COMPANHIA ITUANA DE SANEAMENTO - CIS;Companhia Ituana de Saneamento;Municipal;Itu;SP;Edital nº 41/2026;2026-10-14 08:50:00;2026-09-29 09:00:00;195131.89;154154.19;Pregão - Eletrônico;Não/não informado;CONTRATAÇÃO DE EMPRESA ESPECIALIZADA PARA PRESTAÇÃO DE SERVIÇOS CONTINUADOS DE LOCAÇÃO DE IMPRESSORAS MULTIFUNCIONAIS, COMPREENDENDO O FORNECIMENTO DE EQUIPAMENTOS, INSTALAÇÃO, CONFIGURAÇÃO, INTEGRAÇÃO À REDE, SISTEMA DE GERENCIAMENTO E BILHETAGEM DE IMPRESSÃO, SUPORTE TÉCNICO, MANUTENÇÃO PREVENTIVA E CORRETIVA, FORNECIMENTO DE PEÇAS, SUPRIMENTOS E CONSUMÍVEIS, EXCETO PAPEL;Pode envolver implantação, operação, hardware ou desenvolvimento. Não presumir fornecimento apenas de assinatura.;Cadastro de busca oficial PNCP;https://pncp.gov.br/app/editais/26938926000116/2026/129;;;;26938926000116-1-000129/2026;;2026-09-25 08:31:04.450363;Não informado
Prazo aberto no cadastro PNCP;Sistema especializado / serviços;;MUNICIPIO DE MORRINHOS;ASSESSORIA DE PLANEJAMENTO E COORDENAÇÃO;Municipal;Morrinhos;GO;Edital nº 0000046/2026;2026-10-14 08:59:00;2026-09-23 08:00:00;482410.02;381103.91;Pregão - Eletrônico;Sim;CONTRATAÇÃO DE EMPRESA ESPECIALIZADA NO RAMO DE TECNOLOGIA DA INFORMAÇÃO PARA PRESTAÇÃO DE SERVIÇOS DE CESSÃO/LICENÇA DE USO DE SOFTWARES DE GERENCIAMENTO DE LICITAÇÕES/COMPRAS, GESTÃO DE CONTRATOS, GESTÃO DE FROTA, GESTÃO DE CONCESSÃO DE DIÁRIA, GESTÃO CONTÁBIL, RH E ARRECADAÇÃO, GESTÃO ESCOLAR, PORTAL TRANSPARÊNCIA E GESTÃO DE ISS/IBS COM GESTÃO DE NOTA FISCAL ELETRÔNICA, E POR FIM, APLICATIVOS DE GESTÃO.;Pode envolver implantação, operação, hardware ou desenvolvimento. Não presumir fornecimento apenas de assinatura.;Cadastro de busca oficial PNCP;https://pncp.gov.br/app/editais/01789551000149/2026/529;https://bnccompras.com/Process/ProcessView?param1=[gkz]gJE4awTXdfB3obiDVJiNuzBxsX8K0botIkdkj1z6PghTSsk_KeE8Sm5/SFBa8v43oYtZ36OpGkPX2sH5_qqezdJsfDY5pinxXQxo0cKM9dM=;;;01789551000149-1-000529/2026;;2026-09-22 10:29:35.775704;Não informado
Prazo aberto no cadastro PNCP;Sistema especializado / serviços;;TIMBO CAMARA DE VEREADORES;Câmara de Vereadores de Timbó - SC;Municipal;Timbó;SC;Edital nº 01/2026;2026-10-14 08:59:00;2026-09-21 09:00:00;39406.5;31131.13;Pregão - Eletrônico;Não/não informado;"Contratação de empresa especializada para disponibilização de Sistema de Processo
Legislativo e Administrativo Eletrônico em nuvem, na modalidade Software como Serviço
(SaaS), abrangendo a gestão do processo legislativo, sessões plenárias com votação eletrônica,
portal web e parlamento jovem, incluindo os serviços de implantação, parametrização,
migração de dados, treinamento, suporte técnico e manutenção, compreendendo os módulos
integrados, serviços, requisitos técnicos e níveis de desempenho ";Pode envolver implantação, operação, hardware ou desenvolvimento. Não presumir fornecimento apenas de assinatura.;Cadastro de busca oficial PNCP + itens oficiais + detalhe da contratação;https://pncp.gov.br/app/editais/83497594000115/2026/41;https://comprasbr.com.br/pregao-eletronico-detalhe/?idlicitacao=48460;https://pncp.gov.br/pncp-api/v1/orgaos/83497594000115/compras/2026/41/arquivos/1;https://pncp.gov.br/pncp-api/v1/orgaos/83497594000115/compras/2026/41/arquivos/4;83497594000115-1-000041/2026;;2026-09-21 15:38:34.471141;Não informado
Prazo aberto no cadastro PNCP;Hardware ou solução integrada;;CAMARA MUNICIPAL DE JUNDIAI;CAMARA MUNICIPAL DE JUNDIAI;Municipal;Jundiaí;SP;Edital nº CMJ-2026-5-14/2026;2026-10-14 08:59:00;2026-09-28 09:00:00;87373.0;69024.67;Pregão - Eletrônico;Não/não informado;PRESTACAO DE SERVICOS PARA ATUALIZACAO DE DOIS EXIBIDORES COMERCIAIS SPOTCAMPHD, MEDIANTE FORNECIMENTO DE HARDWARE, SOFTWARE, INSTALACAO E CONFIGURACAO, CONFORME ANEXO I.;Pode envolver implantação, operação, hardware ou desenvolvimento. Não presumir fornecimento apenas de assinatura.;API oficial PNCP de propostas abertas (varredura por UF);https://pncp.gov.br/app/editais/51864114000110/2026/115;https://compraaberta.jundiai.sp.gov.br/licitacoes/;;;51864114000110-1-000115/2026;;2026-09-22 15:33:54;Não informado
Prazo aberto no cadastro PNCP;Hardware ou solução integrada;;DEPARTAMENTO DE EDIFICACOES E DE RODOVIAS DO ESTADO DO ESPIRITO SANTO - DER-ES;DEPARTAMENTO DE EDIFICACOES E DE RODOVIAS DO ESTADO DO ESPIRITO SANTO;Estadual;Vitória;ES;Edital nº 006/2026;2026-10-14 09:00:00;2026-09-10 08:00:00;633585.38;500532.45;Pregão - Eletrônico;Não/não informado;Contração de empresa especializada para prestação de serviços de outsourcing de impressão, com fornecimento de equipamentos, instalação, suporte técnico, manutenção preventiva e corretiva, reposição de peças e insumos (exceto papel), solução de gerenciamento, conforme especificações técnicas.;Pode envolver implantação, operação, hardware ou desenvolvimento. Não presumir fornecimento apenas de assinatura.;Cadastro de busca oficial PNCP;https://pncp.gov.br/app/editais/04889717000197/2026/62;;;;04889717000197-1-000062/2026;;2026-09-09 15:15:01.107365;Não informado
Prazo aberto no cadastro PNCP;Sistema especializado / serviços;;MUNICIPIO DE COCAL DO SUL;MUNICÍPIO DE COCAL DO SUL/SC;Municipal;Cocal do Sul;SC;Edital nº 52/2026;2026-10-14 09:00:00;2026-09-29 16:05:09;124813.92;98602.99;Pregão - Eletrônico;Não/não informado;[LICITANET] - Contratação de empresa especializada para a locação, instalação, configuração, disponibilização, manutenção e suporte técnico de SOLUÇÃO DE LEITURA AUTOMÁTICA DE PLACAS – LPR/OCR, composta por 11 (onze) pontos de captura, destinados ao monitoramento e identificação automatizada de veículos no Município de Cocal do Sul/SC.;Pode envolver implantação, operação, hardware ou desenvolvimento. Não presumir fornecimento apenas de assinatura.;Cadastro de busca oficial PNCP;https://pncp.gov.br/app/editais/95778056000188/2026/75;https://licitanet.com.br/sessao/203240;;;95778056000188-1-000075/2026;;2026-09-29 16:05:30.867634;Não informado
Prazo aberto no cadastro PNCP;Sistema especializado / serviços;;SAO PAULO SECRETARIA DA ADMINISTRACAO PENITENCIARIA;"ESP-PENIT.""DR.ENIO MENDES JR."" DE CAP DO ALTO";Estadual;Capela do Alto;SP;Edital nº 138/2026;2026-10-14 09:00:00;2026-10-01 08:00:00;31496.29;24882.06;Pregão - Eletrônico;Não/não informado;Aquisição de Materiais de Consumo para Automação das Celas da Inclusão;Pode envolver implantação, operação, hardware ou desenvolvimento. Não presumir fornecimento apenas de assinatura.;Cadastro de busca oficial PNCP;https://pncp.gov.br/app/editais/96291141000180/2026/6484;https://cnetmobile.estaleiro.serpro.gov.br/comprasnet-web/public/compras/acompanhamento-compra?compra=38025505001382026;;;96291141000180-1-006484/2026;;2026-09-30 11:38:49.704765;Não informado
Prazo aberto no cadastro PNCP;Sistema especializado / serviços;;MUNICIPIO DE CHAVAL;Unidade Única;Municipal;Chaval;CE;Edital nº 04.001/2026;2026-10-14 09:00:00;2026-09-30 08:00:00;128840.04;101783.63;Pregão - Eletrônico;Não/não informado;Contratação de empresa especializada para os serviços de treinamento, customização e atualização dos sistemas de contabilidade, portal da transparência e lei de acesso a informação, licitação, folha de pagamento, gestão de recursos humanos, sistema informativo de gestão do serviço e informação ao cidadão (E-SIC), sistema informatizado de gestão de ouvidoria, de interesse da Secretaria da Fazenda e Finanças Municipais de Chaval/CE;Pode envolver implantação, operação, hardware ou desenvolvimento. Não presumir fornecimento apenas de assinatura.;API oficial PNCP de propostas abertas (varredura por UF);https://pncp.gov.br/app/editais/07146301000177/2026/13;https://app2-compras.licitachavalce.com.br/pesquisa/9052;;;07146301000177-1-000013/2026;;2026-09-30 23:27:11;Não informado
Prazo aberto no cadastro PNCP;Sistema especializado / serviços;;EMPRESA BRASILEIRA DE CORREIOS E TELEGRAFOS;LICITAÇÃO CORREIOS;Federal;Brasília;DF;Edital nº 26000417/2026;2026-10-14 09:00:00;2026-09-22 08:00:00;;;Pregão - Eletrônico;Não/não informado;Pregão Correios nº 26000417/2026 - CS - Prestação de serviços de mensageria digital, por meio da Plataforma WhatsApp Business API e do serviço de SMS, incluindo plataforma de gerenciamento e os serviços necessários à operação da solução, conforme Especificação Técnica e demais condições do Edital e seus Anexos. IMPORTANTE: ao registrar as propostas, atentar para o item 6.9 e seus subitens, sob pena de desclassificação. O valor estimado da contratação é sigiloso e será divulgado após o encerramento da fase de lances. (REGISTRAR VALOR TOTAL DO LOTE - SUGERIMOS MINUCIOSA LEITURA DO EDITAL E SEUS ANEXOS).;Pode envolver implantação, operação, hardware ou desenvolvimento. Não presumir fornecimento apenas de assinatura.;API oficial PNCP de propostas abertas (varredura por UF);https://pncp.gov.br/app/editais/34028316000103/2026/89;https://licitacoes-e2.bb.com.br/aop-inter-estatico/visualizar-processo-publico/1100779;;;34028316000103-1-000089/2026;;2026-09-22 18:31:14;Não informado
Recebimento futuro anunciado;Sistema especializado / serviços;;MUNICIPIO DE BARRA DE SAO FRANCISCO;PREFEITURA MUNICIPAL DE BARRA DE SÃO FRANCISCO;Municipal;Barra de São Francisco;ES;Edital nº 000029/2026;2026-10-14 09:00:00;2026-10-14 09:00:00;170503.68;134697.9;Pregão - Eletrônico;Não/não informado;Contratação de empresa especializada para  IMPLANTAÇÃO DO PORTAL INSTITUCIONAL, TREINAMENTO NA ADMINISTRAÇÃO DO PORTAL INSTITUCIONAL, LOCAÇÃO DE LICENÇA MENSAL, SUPORTE TÉCNICO, REMOTO E MANUTENÇÃO, HOSPEDAGEM DA BASE DE DADOS E DO PORTAL INSTITUCIONAL, HOSPEDAGEM DE 400 (QUATROCENTOS) CAIXAS DE EMAIL INSTITUCIONAL, COM CAPACIDADE DE 15GB CADA, nos termos da Lei 14.133, de 01 de abril de 2021, com vista ao atendimento das necessidades do município.;Pode envolver implantação, operação, hardware ou desenvolvimento. Não presumir fornecimento apenas de assinatura.;Cadastro de busca oficial PNCP;https://pncp.gov.br/app/editais/27165745000167/2026/152;;;;27165745000167-1-000152/2026;;2026-09-28 15:12:26.082664;Não informado
Prazo aberto no cadastro PNCP;Hardware ou solução integrada;;MUNICIPIO DE CABECEIRAS;MUNICIPIO DE CABECEIRAS;Municipal;Cabeceiras;GO;Edital nº (2874) | 35-0/2026;2026-10-14 09:00:00;2026-09-30 08:00:00;2639155.12;2084932.54;Pregão - Eletrônico;Não/não informado;CONTRATAÇÃO DE EMPRESA ESPECIALIZADA EM IMPLANTAÇÃO E OPERAÇÃO DE SISTEMA INFORMATIZADO E INTEGRADO, COM ACESSO POR MEIO DE CARTÃO MAGNÉTICO OU LOGIN COM SENHA/REDE, VIA INTERNET, POR MEIO DE REDE DE ESTABELECIMENTOS CREDENCIADOS, PARA AQUISIÇÃO DE MATERIAIS, EQUIPAMENTOS, FERRAMENTAS E UTENSÍLIOS DE CONSTRUÇÃO, ELÉTRICO E HIDRÁULICO, DESTINADO A UTILIZAÇÃO EM REPAROS E MANUTENÇÕES DOS PRÉDIOS, RUAS, PRAÇAS E PONTES, CONFORME ÀS NECESSIDADES DO MUNICÍPIO DE CABECEIRAS E TODAS AS SECRETARIAS.;Pode envolver implantação, operação, hardware ou desenvolvimento. Não presumir fornecimento apenas de assinatura.;API oficial PNCP de propostas abertas (varredura por UF);https://pncp.gov.br/app/editais/01740430000102/2026/118;;;;01740430000102-1-000118/2026;;2026-09-29 12:42:19;Não informado
Prazo aberto no cadastro PNCP;Sistema especializado / serviços;;CAMARA MUNICIPAL DE MACAE;CAMARA MUNICIPAL DE MACAE - RJ;Municipal;Macaé;RJ;Edital nº 19/2026;2026-10-14 09:00:00;2026-09-08 08:00:00;839115.0;662900.85;Concorrência - Presencial;Não/não informado;"Contratação de serviços de comunicação digital com gestão estratégica de redes digitais, monitoramento e relacionamento digital, gestão de tráfego pago e impulsionamento de conteúdo; produção e adequação de conteúdo com especificidade para as redes digitais da Câmara Municipal de Macaé, conforme parâmetros e elementos descritivos no Projeto Básico de Gestão Estratégica de Redes Digitais, para atender às necessidades desta Casa Legislativa.";Pode envolver implantação, operação, hardware ou desenvolvimento. Não presumir fornecimento apenas de assinatura.;API oficial PNCP de propostas abertas (varredura por UF);https://pncp.gov.br/app/editais/29893617000165/2026/13;;;;29893617000165-1-000013/2026;;2026-07-20 16:42:01;Não informado
Prazo aberto no cadastro PNCP;Sistema especializado / serviços;;MUNICIPIO DE ESPIRITO SANTO DO PINHAL;Município de Espírito Santo do Pinhal;Municipal;Espírito Santo do Pinhal;SP;Edital nº 9/2026;2026-10-14 09:00:00;2026-09-28 09:00:00;4252287.0;3359306.73;Concorrência - Eletrônica;Não/não informado;Contratação de empresa especializada para fornecimento de solução integrada de geotecnologia para gestão territorial do Município, incluindo mapeamento, atualização cadastral, sistemas de gestão, implantação, suporte técnico e treinamento.;Pode envolver implantação, operação, hardware ou desenvolvimento. Não presumir fornecimento apenas de assinatura.;Cadastro de busca oficial PNCP;https://pncp.gov.br/app/editais/45739083000173/2026/1097;https://bllcompras.com;;;45739083000173-1-001097/2026;;2026-09-25 15:44:09.888794;Não informado
Prazo aberto no cadastro PNCP;Hardware ou solução integrada;;MUNICIPIO DE MONTE ALTO;PREFEITURA MUNICIPAL DE MONTE ALTO - SP;Municipal;Monte Alto;SP;Edital nº 76/2026;2026-10-14 09:00:00;2026-09-25 08:00:00;;;Pregão - Eletrônico;Não/não informado;Contratação de empresa especializada na prestação de serviços de telecomunicações para acesso à internet via fibra óptica, incluindo instalação, suporte técnico, manutenção continuada e o fornecimento dos equipamentos necessários em regime de comodato, para atender às Secretarias Municipais da Prefeitura de Monte Alto/SP.;Pode envolver implantação, operação, hardware ou desenvolvimento. Não presumir fornecimento apenas de assinatura.;API oficial PNCP de propostas abertas (varredura por UF);https://pncp.gov.br/app/editais/51816247000111/2026/685;https://cnetmobile.estaleiro.serpro.gov.br/comprasnet-web/public/compras/acompanhamento-compra?compra=98672705000762026;;;51816247000111-1-000685/2026;;2026-09-24 08:35:11;Não informado
Prazo aberto no cadastro PNCP;Sistema especializado / serviços;;SERVICO AUTONOMO DE AGUA, ESGOTO E MEIO AMBIENTE DE SERTAOZINHO - SAEMAS;SERVIÇO AUT DE AGUA ESGOTO MEIO AMBIENTE;Municipal;Sertãozinho;SP;Edital nº 8/2026;2026-10-14 09:00:00;2026-09-28 08:00:00;1995067.89;1576103.63;Pregão - Eletrônico;Não/não informado;Contratação de empresa especializada de engenharia elétrica para execução de serviços de manutenção preventiva e corretiva dos sistemas elétricos de baixa e média tensão e de automação nas unidades operacionais do Saemas;Pode envolver implantação, operação, hardware ou desenvolvimento. Não presumir fornecimento apenas de assinatura.;API oficial PNCP de propostas abertas (varredura por UF);https://pncp.gov.br/app/editais/07750478000188/2026/609;https://cnetmobile.estaleiro.serpro.gov.br/comprasnet-web/public/compras/acompanhamento-compra?compra=92730105000082026;;;07750478000188-1-000609/2026;;2026-09-24 16:41:19;Não informado
Recebimento futuro anunciado;Sistema especializado / serviços;;EMPRESA BAIANA DE AGUAS E SANEAMENTO S/A - EMBASA;EMPRESA BAIANA DE AGUAS E SANEAMENTO S/A - EMBASA;Não se aplica;Salvador;BA;Edital nº SP170/2026/2026;2026-10-14 09:30:00;2026-10-09 08:00:00;;;Pregão - Eletrônico;Sim;"FORNECIMENTO DE LICENÇAS DE SOFTWARE FORMA DATA MANAGEMENT,INCLUINDO TREINAMENTO A DISTÂNCIA, SUPORTE 
TÉCNICO E GARANTIA DE ATUALIZAÇÃO DAS VERSÕES, DESTINADOS A ATENDER AS NECESSIDADES DA UNIDADE DE PROJETOS (EPR) E 
DEMAIS UNIDADES DA DIRETORIA DE EXPANSÃO, PELO SISTEMA DE REGISTRO DE PREÇOS.
Fontes Recursos: Próprios";Pode envolver implantação, operação, hardware ou desenvolvimento. Não presumir fornecimento apenas de assinatura.;Cadastro de busca oficial PNCP + itens oficiais + detalhe da contratação;https://pncp.gov.br/app/editais/13504675000110/2026/300;https://licitacoes-e2.bb.com.br/aop-inter-estatico/visualizar-processo-publico/1101092;https://pncp.gov.br/pncp-api/v1/orgaos/13504675000110/compras/2026/300/arquivos/1;;13504675000110-1-000300/2026;;2026-09-22 18:32:37.566181;Não informado
Prazo aberto no cadastro PNCP;Sistema especializado / serviços;;MUNICIPIO DE BEBERIBE;PREFEITURA MUNICIPAL DE BEBERIBE - CE;Municipal;Beberibe;CE;Edital nº 2109001-2026/2026;2026-10-14 09:30:00;2026-09-28 17:00:00;348100.2;274999.15;Pregão - Eletrônico;Não/não informado;Contratação de empresa especializada para disponibilização de solução tecnológica integrada, em ambiente web, para gestão de processos digitais e acompanhamento da execução orçamentária e financeira do Poder Executivo Municipal, compreendendo os serviços de licenciamento e disponibilização do sistema, implantação, parametrização, suporte técnico, manutenção e atualizações, com funcionalidades destinadas à otimização dos processos internos e ao acompanhamento do planejamento e da execução orçamentária e financeira junto ao Município de Beberibe/CE.;Pode envolver implantação, operação, hardware ou desenvolvimento. Não presumir fornecimento apenas de assinatura.;Cadastro de busca oficial PNCP;https://pncp.gov.br/app/editais/07528292000189/2026/94;https://licitamaisbrasil.com.br/detalhes-do-edital/wgrXfVIceShRhDLa;;;07528292000189-1-000094/2026;;2026-09-28 16:39:42.437191;Não informado
Prazo aberto no cadastro PNCP;Hardware ou solução integrada;;MUNICIPIO DE BOM JESUS DO AMPARO;Unidade Única;Municipal;Bom Jesus do Amparo;MG;Edital nº 42/2026;2026-10-14 09:30:00;2026-09-30 17:00:00;557907.28;440746.75;Pregão - Eletrônico;Sim;Registro de Preços para futura e eventual aquisição de eletrônicos, equipamentos de informática, periféricos e softwares de informática, para atendimento às Secretarias Municipais.;Pode envolver implantação, operação, hardware ou desenvolvimento. Não presumir fornecimento apenas de assinatura.;Cadastro de busca oficial PNCP;https://pncp.gov.br/app/editais/18317693000106/2026/85;https://app2.licitardigital.com.br/pesquisa/114975;;;18317693000106-1-000085/2026;;2026-09-30 08:15:55.686253;Não informado
Prazo aberto no cadastro PNCP;Sistema especializado / serviços;;MUNICIPIO DE CATENDE;Fundo Municipal de Educacao;Municipal;Catende;PE;Edital nº 06-014/2026;2026-10-14 09:30:00;2026-09-30 00:00:00;268202.7;211880.13;Pregão - Eletrônico;Não/não informado;Contratação de empresa especializada para fornecimento de solução informatizada e integrada de gestão escolar e monitoramento pedagógico, em ambiente digital, compreendendo licenciamento de uso, implantação, migração de base de dados, capacitação de usuários, suporte técnico contínuo e manutenção evolutiva e corretiva, destinada a atender a Secretaria Municipal de Educação de Catende/PE no acompanhamento pedagógico, administrativo e de desempenho dos estudantes da rede pública municipal de ensino.;Pode envolver implantação, operação, hardware ou desenvolvimento. Não presumir fornecimento apenas de assinatura.;Cadastro de busca oficial PNCP;https://pncp.gov.br/app/editais/10186138000180/2026/67;https://bnccompras.com/;;;10186138000180-1-000067/2026;;2026-09-30 12:07:13.759522;Não informado
Prazo aberto no cadastro PNCP;Sistema especializado / serviços;;SECRETARIA DE ESTADO DE SAUDE PUBLICA;SESPA;Estadual;Belém;PA;Edital nº 90032/2026;2026-10-14 09:59:00;2026-09-29 09:15:00;;;Pregão - Eletrônico;Não/não informado;Serviços contínuo visando o fornecimento de sistema informatizado e sistema de gravação digital contínua para registro de toda a comunicação efetuada por telefone e rádio, com acesso protegido para atender a Central de Regulação de Urgência (SAMU 192) do Baixo Amazonas e Tapajós, que será localizada no município de Santarém, e da região Xingu, que é situada em Altamira, e capacitação e qualificação dos profissionais das equipes do SAMU das regiões em Suporte Pré-Hospitalar de Vida no Trauma (THTLS).;Pode envolver implantação, operação, hardware ou desenvolvimento. Não presumir fornecimento apenas de assinatura.;API oficial PNCP de propostas abertas (varredura por UF) + itens oficiais + detalhe da contratação;https://pncp.gov.br/app/editais/05054929000117/2026/380;;https://pncp.gov.br/pncp-api/v1/orgaos/05054929000117/compras/2026/380/arquivos/1;;05054929000117-1-000380/2026;;2026-09-29 10:00:41;Não informado
Prazo aberto no cadastro PNCP;Sistema especializado / serviços;;MUNICIPIO DE CASIMIRO DE ABREU;Prefeitura municipal de Casimiro de Abreu;Municipal;Casimiro de Abreu;RJ;Edital nº 326/2027;2026-10-14 09:59:00;2026-09-25 17:00:00;946430.18;747679.84;Pregão - Eletrônico;Não/não informado;Prestação do serviço de desenvolvimento, suporte técnico e locação de software de gestão tributária para prestar o serviço de locação de software com migração, treinamento e tratamento de dados para atender as demandas da Secretaria Municípal de Fazenda.;Pode envolver implantação, operação, hardware ou desenvolvimento. Não presumir fornecimento apenas de assinatura.;Cadastro de busca oficial PNCP;https://pncp.gov.br/app/editais/29115458000178/2027/2;https://cnetmobile.estaleiro.serpro.gov.br/comprasnet-web/public/compras/acompanhamento-compra?compra=98582505003262027;;;29115458000178-1-000002/2027;;2026-09-25 15:38:25.263191;Não informado
Prazo aberto no cadastro PNCP;Hardware ou solução integrada;"Segurança/antivírus; Segurança (outras marcas)";CONSELHO NACIONAL DE DESENVOLVIMENTO CIENTIFICO E TECNOLOGICO-CNPQ;CNPQ - ADMINISTRACAO CENTRAL;Federal;Brasília;DF;Edital nº 122/2026;2026-10-14 10:00:00;2026-09-29 08:00:00;4969282.74;3925733.36;Pregão - Eletrônico;Não/não informado;Contratação de solução de TIC composta pela renovação das subscrições, atualização das assinaturas de segurança e garantia do fabricante da solução  Check Point, composta por 2 (dois) Appliances de Firewall Quantum Force 9700, 2 (dois) Appliances Maestro Orchestrator MHO-140  e Plataforma de Gerenciamento Centralizado, bem como pela prestação de serviços de suporte técnico especializado em regime 24x7 (vinte e quatro horas por dia, sete dias por semana), com atendimento remoto e presencial quando necessário, conforme condições e exigências estabelecidas no Termo de Referência.;Pode envolver implantação, operação, hardware ou desenvolvimento. Não presumir fornecimento apenas de assinatura.;Cadastro de busca oficial PNCP;https://pncp.gov.br/app/editais/33654831000136/2026/23;https://cnetmobile.estaleiro.serpro.gov.br/comprasnet-web/public/compras/acompanhamento-compra?compra=36410205001222026;;;33654831000136-1-000023/2026;;2026-09-08 15:33:59.488054;Não informado
Prazo aberto no cadastro PNCP;Sistema especializado / serviços;;DEFENSORIA PUBLICA DO ESTADO DO PARA;DP;Estadual;Belém;PA;Edital nº 90014/2026;2026-10-14 10:00:00;2026-09-29 09:00:00;12397966.5;9794393.53;Pregão - Eletrônico;Sim;Registro de Preços para eventual contratação de plataforma híbrida de atendimento através do canal de comunicação WhatsApp e Web, na modalidade SaaS (Software Como Serviço, compreendendo serviços de instalação, configuração, testes, serviços de manutenção corretiva, envolvendo integração via API ou WebService de envio de mensagens com os sistemas legados, serviço de automação de fluxos por agentes virtuais, serviço de atendimento via chatbots com Inteligência Artificial (IA) Generativa, acompanhados de automação de atendimentos, integração e suporte a ferramenta de service desk GLPI (Gestionnaire Libre de Parc Informatique – Gestão Livre de Parque de Informática) já implantada nesta Defensoria Pública e serviço sob demanda para customização da solução, destinados a Central de Atendimento aos cidadãos que buscam a Defensoria Pública do Estado do Pará - DPE.;Pode envolver implantação, operação, hardware ou desenvolvimento. Não presumir fornecimento apenas de assinatura.;Cadastro de busca oficial PNCP + itens oficiais + detalhe da contratação;https://pncp.gov.br/app/editais/34639526000138/2026/33;;https://pncp.gov.br/pncp-api/v1/orgaos/34639526000138/compras/2026/33/arquivos/1;https://pncp.gov.br/pncp-api/v1/orgaos/34639526000138/compras/2026/33/arquivos/2;34639526000138-1-000033/2026;;2026-09-28 12:01:20.562972;Não informado
Prazo aberto no cadastro PNCP;Hardware ou solução integrada;Microsoft;CONSELHO REGIONAL DE ADMINISTRACAO DO PARA;CONSELHO REGIONAL DE ADMINISTRAÇÃO DO PARÁ;Federal;Belém;PA;Edital nº 8/2026;2026-10-14 10:00:00;2026-09-25 16:30:00;58908.6;46537.79;Pregão - Eletrônico;Não/não informado;"Aquisição de Computador, Notebook, Monitor e Nobreak visando a modernização e otimização das atividades dos diversos setores do CRA-PA:
- 12 (doze) unidades de Computadores desktop: Processador Intel® Core™ i5 14400 (10-Core, Cache de 20MB, 2.5GHz até 4.7 GHz);- Sistema Operacional: Windows 11 Pro; -Idioma: Português;- Placa de Video: Intel® UHD Graphics 730; - Memoria: 8GB DDR5 (1x8GB) 4800 MT/s; Expansível até 64GB;- Armazenamento: SSD de 512GB PCIe NVMe M.2;- Acessórios compatíveis: com cabos HDMI divisor/duplicador e combo com teclado/mouse compatíveis.

-02 (dois) unidades de Notebook's corporativo para reunião online: Processador Intel® Core™ i7-13620H de 13ª geração (núcleos de eficiência de até 3,60 GHz núcleos de desempenho de até 4,90 GHz); -  Sistema Operacional: Windows 11 Home; - Placa de Vídeo: Placa gráfica Intel® UHD integrada para os processadores Intel® de 13ª geração; - Memória:  24 GB DDR5-4.800MT/s(16 GB SODIMM + 8 GB Soldado); - Armazenamento: 512 GB SSD M.2 2242 PCIe Gen4 QLC; - Tela:   15,3"" WUXGA (1920 x 1200), WVA, antirreflexo, sem toque, 45% NTSC, 300 nits, 60 Hz;- Câmera: HD 720p com microfone duplo e obturador de privacidade;- Bateria:Íon de lítio recarregável com 3 células 50 Wh; - Alimentação: 65W; - Dispositivo Apontador;- Touchpad;- Teclado: Cinza - Português; - WIFI: Wi-Fi 6 2x2 AX & Bluetooth® 5.3; - Garantia: 1 ano Premium Care; - Cor: Luna Grey; - Linguagem do Sistema Operacional: Português (BR).

-12 (doze) unidades de Monitores:  tela Led 20 polegadas ou superior, HDMI, formato Windscreen, com ajuste de altura, compatíveis com os computadores adquiridos neste mesmo certame.

-12 (doze) unidades de Nobreaks: 700VA bivolt;

-02 (dois) unidades de Nobreaks: 1.200VA bivolt.
";Pode envolver implantação, operação, hardware ou desenvolvimento. Não presumir fornecimento apenas de assinatura.;API oficial PNCP de propostas abertas (varredura por UF);https://pncp.gov.br/app/editais/04711149000130/2026/8;https://cnetmobile.estaleiro.serpro.gov.br/comprasnet-web/public/compras/acompanhamento-compra?compra=92768205000082026;;;04711149000130-1-000008/2026;;2026-09-25 16:11:51;Não informado
Prazo aberto no cadastro PNCP;Hardware ou solução integrada;;UNIVERSIDADE FEDERAL FLUMINENSE;PRÓ-REITORIA DE ADMINISTRAÇÃO;Federal;Niterói;RJ;Edital nº 90010/2026;2026-10-14 10:00:00;2026-10-01 10:00:00;2661486.01;2102573.94;Pregão - Eletrônico;Sim;Aquisição de Softwares ;Pode envolver implantação, operação, hardware ou desenvolvimento. Não presumir fornecimento apenas de assinatura.;Cadastro de busca oficial PNCP + itens oficiais + detalhe da contratação;https://pncp.gov.br/app/editais/28523215000106/2026/20;https://cnetmobile.estaleiro.serpro.gov.br/comprasnet-web/public/landing?destino=acompanhamento-compra&compra=15018205900102026;https://pncp.gov.br/pncp-api/v1/orgaos/28523215000106/compras/2026/20/arquivos/3;;28523215000106-1-000020/2026;;2026-03-04 07:06:22.625901;Não informado
Prazo aberto no cadastro PNCP;Sistema especializado / serviços;;EMPRESA DE TECNOLOGIA E INFORMACOES DA PREVIDENCIA S.A. - DATAPREV;EMPRESA DE TEC. E INFORMAÇOES DA PREVID. S.A.;Não se aplica;Rio de Janeiro;RJ;Edital nº 20/2026;2026-10-14 10:00:00;2026-09-28 08:00:00;;;Pregão - Eletrônico;Sim;Contratação de empresa especializada em desenvolvimento, manutenção, evolução e sustentação de software, por alocação de profissionais de TI sem dedicação exclusiva de mão de obra, vinculada ao alcance de resultados, conforme diretrizes da Portaria SGD/MGI nº 750, de 20 de março de 2023, em sua versão vigente e consolidada, incluindo as alterações posteriores aplicáveis ao modelo de contratação de serviços de desenvolvimento, manutenção e sustentação de software, no que couber ao regime jurídico;Pode envolver implantação, operação, hardware ou desenvolvimento. Não presumir fornecimento apenas de assinatura.;API oficial PNCP de propostas abertas (varredura por UF);https://pncp.gov.br/app/editais/42422253000101/2026/60;https://cnetmobile.estaleiro.serpro.gov.br/comprasnet-web/public/compras/acompanhamento-compra?compra=23801405000202026;;;42422253000101-1-000060/2026;;2026-09-25 11:55:22;Não informado
Prazo aberto no cadastro PNCP;Sistema especializado / serviços;;MUNICIPIO DE MARCELINO VIEIRA;Marcelino Vieira;Municipal;Marcelino Vieira;RN;Edital nº 17-PE/2026/2026;2026-10-14 10:00:00;2026-09-28 08:00:00;210142.2;166012.33;Pregão - Eletrônico;Não/não informado;Contratação de Empresa para Locação de Software em Forma de Licença de Uso para administração e gerenciamento das informações da Frota Veicular e Máquinas relacionadas ao abastecimento de combustível, as manutenções preventivas/corretiva e a localização através de georreferenciamento em tempo real, preciso e ininterrupto para a frota veicular administrativa de Marcelino Vieira-RN;Pode envolver implantação, operação, hardware ou desenvolvimento. Não presumir fornecimento apenas de assinatura.;Cadastro de busca oficial PNCP;https://pncp.gov.br/app/editais/08357618000115/2026/45;;;;08357618000115-1-000045/2026;;2026-09-25 13:51:18.374482;Não informado
Prazo aberto no cadastro PNCP;Sistema especializado / serviços;;MUNICIPIO DE CANTA;PREFEITURA MUNICIPAL DE CANTA - RR;Municipal;Cantá;RR;Edital nº 36/2026;2026-10-14 10:00:00;2026-09-25 08:00:00;61311.96;48436.44;Pregão - Presencial;Não/não informado;CONTRATAÇÃO DE EMPRESA ESPECIALIZADA PARA PRESTAÇÃO DE SERVIÇOS DE LOCAÇÃO, IMPLANTAÇÃO, MANUTENÇÃO, SUPORTE TÉCNICO, TREINAMENTO, ATUALIZAÇÃO E CESSÃO DE LICENÇA DE USO DE SISTEMA INTEGRADO DE TRIBUTAÇÃO MUNICIPAL, VISANDO ATENDER AS NECESSIDADES DA SECRETARIA MUNICIPAL DE PLANEJAMENTO, ADMINISTRAÇÃO E FINANÇAS – SEMPLAF, DA PREFEITURA MUNICIPAL DE CANTÁ/RR.;Pode envolver implantação, operação, hardware ou desenvolvimento. Não presumir fornecimento apenas de assinatura.;Cadastro de busca oficial PNCP;https://pncp.gov.br/app/editais/01612682000156/2026/31;;;;01612682000156-1-000031/2026;;2026-09-24 15:17:25.588631;Não informado
Prazo aberto no cadastro PNCP;Sistema especializado / serviços;;PROCURADORIA GERAL DE JUSTICA DE MINAS GERAIS;DGCL;Estadual;Belo Horizonte;MG;Edital nº 140/2026;2026-10-14 10:59:38;2026-10-06 10:02:31;361077.77;285251.43;Pregão - Eletrônico;Não/não informado;Solução informatizada para Prontuário Eletrônico do Paciente (PEP) com certificação pela Sociedade Brasileira de Informática em Saúde (SBIS), nível de segurança NGS2 e estágio 3 de maturidade digital.;Pode envolver implantação, operação, hardware ou desenvolvimento. Não presumir fornecimento apenas de assinatura.;Cadastro de busca oficial PNCP;https://pncp.gov.br/app/editais/20971057000145/2026/137;https://www1.compras.mg.gov.br/n/procedimentolei14133/consulta/eletronico/visualizar/2026/140/1091012;;;20971057000145-1-000137/2026;;2026-09-14 09:20:59.063571;Não informado
Prazo aberto no cadastro PNCP;Hardware ou solução integrada;;AGENCIA DE PROMOCAO DE EXPORTACOES DO BRASIL - APEX-BRASIL;APEX SEDE;Não se aplica;Brasília;DF;Edital nº PE 15/2026/2026;2026-10-14 11:00:00;2026-10-01 14:00:00;5670854.63;4479975.15;Pregão - Eletrônico;Não/não informado;Contratação de solução unificada de rede corporativa para a sede da Apex-Brasil, compreendendo o fornecimento de bens (equipamentos, materiais e licenciamento) e a prestação de serviços técnicos especializados de projeto executivo, site survey, implantação, migração, testes, homologação, documentação e Suporte Técnico da solução, em substituição integral à arquitetura GPON/LaserWay atualmente instalada, em conformidade com as especificações contidas no Termo de Referência (Anexo I) do presente Edital.;Pode envolver implantação, operação, hardware ou desenvolvimento. Não presumir fornecimento apenas de assinatura.;Cadastro de busca oficial PNCP;https://pncp.gov.br/app/editais/05507500000138/2026/17;https://licitacoes-e2.bb.com.br/aop-inter-estatico/visualizar-processo-publico/1101768;;;05507500000138-1-000017/2026;;2026-10-02 11:37:54.505604;Não informado
Prazo aberto no cadastro PNCP;Hardware ou solução integrada;;MUNICIPIO DE ARCOS;PREFEITURA MUNICIPAL;Municipal;Arcos;MG;Edital nº 56 | Processo 136/2026;2026-10-14 13:30:00;2026-09-28 07:00:00;32400.0;25596.0;Pregão - Eletrônico;Não/não informado;Locacao de equipamentos  prestacao de servicos e instalacao e manutencao mensal inclusa licenca do software  contendo suporte tecnico  para monitoramento de Calha Parshall e ainda  disponibilizar opcoes presentes como  armazenamento de dados  graficos e impressoes de relatorios. Ambos para afericao da vazao de entrada de efluente e criacao de banco de dados digitalizado das informacoes oriundas desse objeto ;Pode envolver implantação, operação, hardware ou desenvolvimento. Não presumir fornecimento apenas de assinatura.;Cadastro de busca oficial PNCP;https://pncp.gov.br/app/editais/18306662000150/2026/129; ;;;18306662000150-1-000129/2026;;2026-09-25 11:01:02.111077;Não informado
Prazo aberto no cadastro PNCP;Sistema especializado / serviços;;MINISTERIO PUBLICO DA UNIAO;MINISTERIO PUBLICO MILITAR - DF;Federal;Brasília;DF;Edital nº 86/2026;2026-10-14 14:00:00;2026-09-29 08:00:00;2853302.0;2254108.58;Pregão - Eletrônico;Não/não informado;Contratação de pessoa jurídica para fornecimento de 2 servidores corporativos em rack, novos, idênticos, destinados à modernização da infraestrutura de processamento e virtualização do Ministério Público Militar, incluindo entrega, instalação física assistida, atualização inicial de firmware, configuração do gerenciamento remoto, testes de funcionamento, garantia on-site e suporte técnico pelo período mínimo de 60 meses, visando atender a DTI da PGJM.;Pode envolver implantação, operação, hardware ou desenvolvimento. Não presumir fornecimento apenas de assinatura.;API oficial PNCP de propostas abertas (varredura por UF);https://pncp.gov.br/app/editais/26989715000102/2026/1540;https://cnetmobile.estaleiro.serpro.gov.br/comprasnet-web/public/compras/acompanhamento-compra?compra=20000805000862026;;;26989715000102-1-001540/2026;;2026-09-29 04:01:26;Não informado
Prazo aberto no cadastro PNCP;Hardware ou solução integrada;;MUNICIPIO DE SANTA MARGARIDA;UNIDADE UNICA;Municipal;Santa Margarida;MG;Edital nº 029/2026;2026-10-15 07:30:00;2026-09-23 08:00:00;337747.0;266820.13;Pregão - Eletrônico;Não/não informado;Contratação de solução destinada à implantação de sala multissensorial para atendimento educacional especializado, no distrito de Ribeirão de São Domingos, compreendendo o fornecimento de equipamentos, mobiliários, materiais pedagógicos, recursos tecnológicos, softwares, serviços de instalação, montagem, ambientação e capacitação, destinada ao atendimento de alunos com necessidades educacionais especiais, visando o cumprimento da demanda da Secretaria Municipal de Educação;Pode envolver implantação, operação, hardware ou desenvolvimento. Não presumir fornecimento apenas de assinatura.;Cadastro de busca oficial PNCP;https://pncp.gov.br/app/editais/18385112000173/2026/60;https://app2.licitardigital.com.br/pesquisa/114642;;;18385112000173-1-000060/2026;;2026-09-29 09:10:26.061148;Não informado
Prazo aberto no cadastro PNCP;Sistema especializado / serviços;;CONSELHO REGIONAL DE ENGENHARIA E AGRONOMIA DA PARAIBA - CREA-PB;CONSELHO REGIONAL DE ENGENHARIA E AGRONOMIA;Federal;João Pessoa;PB;Aviso de Contratação Direta nº 17/2026;2026-10-15 08:00:00;2026-10-08 08:00:00;40320.0;31852.8;Dispensa;Não/não informado;"Contratação de empresa especializada para prestação continuada de solução integrada de telefonia fixa/STFC e PABX virtual em nuvem, baseada em protocolo SIP e tecnologias VoIP, destinada à sede e às sete inspetorias do CREA-PB, compreendendo
portabilidade, 100 ramais, 30 canais simultâneos, uma licença de telefonista, uma URA, gravação, relatórios, implantação, treinamento, suporte, manutenção e níveis de serviço.";Pode envolver implantação, operação, hardware ou desenvolvimento. Não presumir fornecimento apenas de assinatura.;Cadastro de busca oficial PNCP;https://pncp.gov.br/app/editais/08667024000100/2026/24;https://cnetmobile.estaleiro.serpro.gov.br/comprasnet-web/public/compras/acompanhamento-compra?compra=92644406000172026;;;08667024000100-1-000024/2026;;2026-10-06 16:14:28.616124;Não informado
Prazo aberto no cadastro PNCP;Sistema especializado / serviços;;MUNICIPIO DE ARCOVERDE;MUNICIPIO DE ARCOVERDE;Municipal;Arcoverde;PE;Edital nº 034/2026;2026-10-15 08:00:00;2026-10-03 11:00:00;864000.0;682560.0;Pregão - Eletrônico;Sim;CONTRATAÇÃO DE SERVIÇOS ESPECIALIZADOS DE INTEGRAÇÃO DIGITAL E FORNECIMENTO DE SOLUÇÕES FINANCEIRAS POR API, NA MODALIDADE SOFTWARE COMO SERVIÇO (SAAS), CONSISTENTES NO FORNECIMENTO, IMPLANTAÇÃO, MANUTENÇÃO, SUPORTE E ATUALIZAÇÃO DE PLATAFORMA INFORMATIZADA PARA OTIMIZAÇÃO DA ARRECADAÇÃO E DOS PAGAMENTOS DO MUNICÍPIO, INCLUSIVE COM SERVIÇO DE MENSAGERIA;Pode envolver implantação, operação, hardware ou desenvolvimento. Não presumir fornecimento apenas de assinatura.;Cadastro de busca oficial PNCP + itens oficiais + detalhe da contratação;https://pncp.gov.br/app/editais/10105955000167/2026/20;https://bnccompras.com/Process/ProcessView?param1=[gkz]z058FxLP_rkDlCuiNw2R2JJBTjz/B7JTSKmkFiAdK9g9TXHqkk/8pRgr5Q8b0KnwZ9AVnAc9_YAZHtQut84GYRs3nkHm8HmdsyjpqcE7lCM=;https://pncp.gov.br/pncp-api/v1/orgaos/10105955000167/compras/2026/20/arquivos/1;;10105955000167-1-000020/2026;;2026-10-03 10:08:19.328402;Não informado
Prazo aberto no cadastro PNCP;Hardware ou solução integrada;;MUNICIPIO DE BIRIGUI;PREFEITURA MUNICIPAL DE BIRIGUI - SP;Municipal;Birigui;SP;Edital nº 145/2026;2026-10-15 08:00:00;2026-09-29 14:00:00;19658.15;15529.93;Pregão - Eletrônico;Não/não informado;CONTRATAÇÃO DE EMPRESA ESPECIALIZADA PARA FORNECIMENTO, INSTALAÇÃO, CONFIGURAÇÃO, TREINAMENTO, GARANTIA E SUPORTE TÉCNICO DE SISTEMA DE CONTROLE DE ACESSO COMPOSTO POR CATRACAS ELETRÔNICAS COM TECNOLOGIA DE RECONHECIMENTO FACIAL, INCLUINDO SOFTWARE DE GERENCIAMENTO, CADASTRO BIOMÉTRICO FACIAL, INTEGRAÇÃO COM BANCO DE DADOS, NOBREAKS, ACESSÓRIOS E TODOS OS COMPONENTES NECESSÁRIOS AO PERFEITO FUNCIONAMENTO DO SISTEMA VISANDO ATENDER AS NECESSIDADES DA PREFEITURA MUNICIPAL DE BIRIGUI - SDE;Pode envolver implantação, operação, hardware ou desenvolvimento. Não presumir fornecimento apenas de assinatura.;API oficial PNCP de propostas abertas (varredura por UF);https://pncp.gov.br/app/editais/46151718000180/2026/648;https://bllcompras.com/Process/ProcessView?param1=[gkz]5i/dnLb9bk9r1BagCAkCt7VIFNaXCVkPmQIZ3rlqnYmHq5N0auhdtnUx5gv2D8WR3lTNJS4/g4Ks_QGRumdqw2f1B4mKwBzAkPYmGIhuq88=;;;46151718000180-1-000648/2026;;2026-09-29 08:14:48;Não informado
Prazo aberto no cadastro PNCP;Sistema especializado / serviços;;MUNICIPIO DE CHARQUEADA;PREFEITURA MUNICIPAL;Municipal;Charqueada;SP;Edital nº 52 | Processo 1328/2026;2026-10-15 08:00:00;2026-10-01 08:00:00;265993.33;210134.73;Pregão - Eletrônico;Não/não informado;AQUISICAO DE SOLUCAO INTEGRADA DE PESAGEM RODOVIARIA PARA GERENCIAMENTO DE RESIDUOS SOLIDOS URBANOS  INCLUINDO EQUIPAMENTO  COMPONENTES  SOFTWARE  INSTALACAO  CONFIGURACAO  TESTES  COMISSIONAMENTO E TREINAMENTO;Pode envolver implantação, operação, hardware ou desenvolvimento. Não presumir fornecimento apenas de assinatura.;Cadastro de busca oficial PNCP;https://pncp.gov.br/app/editais/45732013000193/2026/177; ;;;45732013000193-1-000177/2026;;2026-09-30 14:15:15.776762;Não informado
Recebimento futuro anunciado;Sistema especializado / serviços;;MUNICIPIO DE ARTUR NOGUEIRA;Prefeitura Municipal Artur Nogueira;Municipal;Artur Nogueira;SP;Aviso de Contratação Direta nº PL-202529/2026;2026-10-15 08:15:00;2026-10-09 08:00:00;64905.66;51275.47;Dispensa;Não/não informado;Contratação de empresa especializada para prestação de serviços de comunicação institucional, compreendendo a criação, desenvolvimento e produção de conteúdos e peças gráficas, digitais e audiovisuais, incluindo materiais para redes sociais, websites, aplicativos, campanhas informativas, materiais institucionais e impressos, apresentações, fotografias, vídeos, animações, spots para rádio e carro de som, bem como demais peças de comunicação, conforme demanda da Secretaria de Comunicação da Prefeitura Municipal de Artur Nogueira/sp. Conforme Termo de Referência (ANEXO I).;Pode envolver implantação, operação, hardware ou desenvolvimento. Não presumir fornecimento apenas de assinatura.;API oficial PNCP de propostas abertas (varredura por UF);https://pncp.gov.br/app/editais/45735552000186/2026/143;;;;45735552000186-1-000143/2026;;2026-10-06 13:28:17;Não informado
Prazo aberto no cadastro PNCP;Sistema especializado / serviços;;CONSORCIO DE SAUDE DOS MUNICIPIOS DO OESTE DO PARANA - CONSAMU;CONSAMU;Não se aplica;Cascavel;PR;Edital nº 44R/2026;2026-10-15 08:30:00;2026-09-30 09:00:00;685895.9;541857.76;Pregão - Eletrônico;Não/não informado;Contratação de empresa especializada na prestação de serviços na área de informática, para locação de softwares integrados específicos à gestão pública, incluindo os serviços de instalação, implantação, treinamento, suporte técnico e operacional, manutenção, atualização, customização e as alterações que se fizerem necessárias de acordo com leis vigentes durante a execução do contrato para atendimento as áreas administrativas e financeiras do CONSAMU.;Pode envolver implantação, operação, hardware ou desenvolvimento. Não presumir fornecimento apenas de assinatura.;API oficial PNCP de propostas abertas (varredura por UF);https://pncp.gov.br/app/editais/17420047000107/2026/77;;;;17420047000107-1-000077/2026;;2026-09-29 13:33:36;Não informado
Prazo aberto no cadastro PNCP;Sistema especializado / serviços;;MUNICIPIO DE CIANORTE;Unidade administrativa;Municipal;Cianorte;PR;Edital nº 117/2026;2026-10-15 08:30:00;2026-09-29 17:00:00;24000.0;18960.0;Pregão - Eletrônico;Não/não informado;Contratação de empresa especializada para cessão de licença de uso, implantação, suporte técnico, manutenção e hospedagem de sistema informatizado de gestão esportiva municipal, em plataforma web responsiva, destinado ao gerenciamento integrado das atividades da Secretaria Municipal de Esporte e Lazer.;Pode envolver implantação, operação, hardware ou desenvolvimento. Não presumir fornecimento apenas de assinatura.;Cadastro de busca oficial PNCP + itens oficiais + detalhe da contratação;https://pncp.gov.br/app/editais/76309806000128/2026/272;;https://pncp.gov.br/pncp-api/v1/orgaos/76309806000128/compras/2026/272/arquivos/2;;76309806000128-1-000272/2026;;2026-09-29 15:01:07.352088;Não informado
Prazo aberto no cadastro PNCP;Hardware ou solução integrada;;MUNICIPIO DE MARINGA;PREFEITURA MUNICIPAL DE MARINGA - PR;Municipal;Maringá;PR;Edital nº 396/2026;2026-10-15 08:30:00;2026-09-25 08:00:00;164000.0;129560.0;Pregão - Eletrônico;Não/não informado;Contratação de solução tecnológica integrada para desenvolvimento de plataforma digital de classificados online, contemplando a implantação de rede de Terminais Inteligentes (Smart Lockers), compreendendo o fornecimento, instalação, operação e manutenção dos equipamentos físicos, bem como o desenvolvimento, implantação e gestão de plataforma digital colaborativa integrada à rede de Terminais Inteligentes.;Pode envolver implantação, operação, hardware ou desenvolvimento. Não presumir fornecimento apenas de assinatura.;API oficial PNCP de propostas abertas (varredura por UF);https://pncp.gov.br/app/editais/76282656000106/2026/793;https://cnetmobile.estaleiro.serpro.gov.br/comprasnet-web/public/compras/acompanhamento-compra?compra=98769105003962026;;;76282656000106-1-000793/2026;;2026-09-23 11:25:15;Não informado
Prazo aberto no cadastro PNCP;Hardware ou solução integrada;;HOSPITAL BENEFICIENTE DR CESAR SANTOS;Autarquia Municipal de Saúde;Municipal;Passo Fundo;RS;Edital nº 43/2026;2026-10-15 08:30:00;2026-09-29 11:00:00;508296.72;401554.4;Pregão - Eletrônico;Não/não informado;[Portal de Compras Públicas] - Constitui objeto da presente licitação a aquisição de equipamentos médico-hospitalares destinados à ampliação da Sala Vermelha do Hospital Beneficente Dr. César Santos (HBCS), compreendendo o fornecimento de central de monitorização, monitores multiparamétricos, monitores multiparamétricos de triagem, ventiladores pulmonares mecânicos e bombas de infusão volumétricas, incluindo todos os acessórios, cabos, sensores, baterias, suportes,módulos, softwares, licenças, consumíveis de instalação, manuais, dispositivos e demais componentes necessários ao pleno funcionamento dos equipamentos, bem como transporte, seguro, entrega, montagem, instalação, configuração, calibração inicial quando aplicável, realização de testes operacionais, treinamento dos profissionais indicados pela Administração, garantia e assistência técnica, conforme condições, quantidades e exigências estabelecidas neste Termo de Referência e seus anexos.;Pode envolver implantação, operação, hardware ou desenvolvimento. Não presumir fornecimento apenas de assinatura.;Cadastro de busca oficial PNCP;https://pncp.gov.br/app/editais/92032226000192/2026/94;https://www.portaldecompraspublicas.com.br/processos/RS/Hospital-Beneficente-Dr-Cesar-Santos-985/PE-43-2026-2026-514800;;;92032226000192-1-000094/2026;;2026-09-29 11:44:10.594569;Não informado
Prazo aberto no cadastro PNCP;Hardware ou solução integrada;;FUNDACAO MUNICIPAL IRENE SIQUEIRA ALVES VOVO MOCINHA, A MATERNIDADE GOTA DE LEITE DE ARARAQUARA (FUNGOTA ARARAQUARA);FUNGOTA;Municipal;Araraquara;SP;Edital nº 010/2026/2026;2026-10-15 08:30:00;2026-10-01 16:00:00;76904.8;60754.79;Pregão - Eletrônico;Não/não informado;"Contratação de empresa especializada na prestação de serviços de videomonitoramento por Circuito Fechado de Televisão (CFTV) IP, abrange a locação, fornecimento, implantação, configuração e manutenção de todos os equipamentos, softwares e infraestrutura necessários para a cobertura de segurança e; 
- Aquisição e implantação completa de sistema de controle de acesso com reconhecimento biométrico facial e videoporteiro residencial, incluindo toda infraestrutura, materiais, insumos, equipamentos, serviços, software de gerenciamento e licenciamento do sistema deverá possuir vigência inicial mínima de 12 (doze) meses para atender a Fundação Municipal Irene Siqueira Alves Vovó Mocinha Maternidade Gota de Leite de Araraquara (FUNGOTA). (ver edital completo)";Pode envolver implantação, operação, hardware ou desenvolvimento. Não presumir fornecimento apenas de assinatura.;Cadastro de busca oficial PNCP;https://pncp.gov.br/app/editais/14986862000140/2026/179;https://licitacoes-e2.bb.com.br/aop-inter-estatico/visualizar-processo-publico/1101672;;;14986862000140-1-000179/2026;;2026-10-02 11:38:21.970075;Não informado
Prazo aberto no cadastro PNCP;Hardware ou solução integrada;;FUNDACAO MUNICIPAL IRENE SIQUEIRA ALVES VOVO MOCINHA, A MATERNIDADE GOTA DE LEITE DE ARARAQUARA (FUNGOTA ARARAQUARA);Fundação Gota de Leite;Municipal;Araraquara;SP;Edital nº 10 | Processo 121/2026;2026-10-15 08:30:00;2026-10-01 16:00:00;76904.8;60754.79;Pregão - Eletrônico;Sim;Contratacao de empresa especializada na prestacao de servicos de videomonitoramento por Circuito Fechado de Televisao  CFTV  IP  abrange a locacao  fornecimento  implantacao  configuracao e manutencao de todos os equipamentos  softwares e infraestrutura necessarios para a cobertura de seguranca da Fundacao Municipal Irene Siqueira Alves  Vovo Mocinha  Maternidade Gota de Leite de Araraquara  FUNGOTA   periodo de 12 meses.  e Aquisicao e Implantacao completa de sistema de controle de acesso com reconhecimento biometrico facial e videoporteiro residencial  incluindo toda infraestrutura  materiais  insumos  equipamentos  servicos  software de gerenciamento e licenciamento do sistema devera possuir vigencia inicial minima de 12  doze  meses  renovavel por iguais ou maiores periodos  conforme necessidade e interesse da contratante  mao de obra necessarios e suporte tecnico sob responsabilidade integral da contratada  necessarios para a cobertura de seguranca da Fundacao Municipal Irene Siqueira Alves  Vovo Mocinha    Maternidade Gota de Leite de Araraquara  FUNGOTA ;Pode envolver implantação, operação, hardware ou desenvolvimento. Não presumir fornecimento apenas de assinatura.;Cadastro de busca oficial PNCP;https://pncp.gov.br/app/editais/14986862000140/2026/177; ;;;14986862000140-1-000177/2026;;2026-10-01 11:57:41.767957;Não informado
Prazo aberto no cadastro PNCP;Sistema especializado / serviços;;GOIAS TRIBUNAL DE CONTAS;TRIBUNAL DE CONTAS DO ESTADO DE GOIÁS;Estadual;Goiânia;GO;Edital nº 113/2026;2026-10-15 08:59:00;2026-09-30 08:00:00;9405643.75;7430458.56;Pregão - Eletrônico;Não/não informado;Prestação de serviços especializados de operação de infraestrutura, de atendimento a usuários de Tecnologia da Informação e Comunicação (TIC), bem como de desenvolvimento, manutenção e sustentação de software, em regime de dedicação exclusiva de mão de obra, na forma de serviços continuados presenciais e não presenciais.;Pode envolver implantação, operação, hardware ou desenvolvimento. Não presumir fornecimento apenas de assinatura.;Cadastro de busca oficial PNCP;https://pncp.gov.br/app/editais/02291730000114/2026/122;https://cnetmobile.estaleiro.serpro.gov.br/comprasnet-web/public/compras/acompanhamento-compra?compra=92540005001132026;;;02291730000114-1-000122/2026;;2026-09-29 08:29:50.031906;Não informado
Prazo aberto no cadastro PNCP;Sistema especializado / serviços;;MUNICIPIO DE PIRANGUCU;Departamento de Administração;Municipal;Piranguçu;MG;Edital nº 000025/2026;2026-10-15 08:59:00;2026-09-24 09:10:00;615393.51;486160.87;Pregão - Eletrônico;Não/não informado;Contratação de empresa especializada na prestação de serviços de aerolevantamento fotogramétrico, mapeamento móvel 360° LiDAR, atualização do cadastro imobiliário, planta de valores genéricos e implantação de plataforma de geoprocessamento na modalidade SaaS, incluindo serviços de suporte técnico, treinamento e hospedagem de dados georreferenciados para o Município de Piranguçu - MG.;Pode envolver implantação, operação, hardware ou desenvolvimento. Não presumir fornecimento apenas de assinatura.;Cadastro de busca oficial PNCP;https://pncp.gov.br/app/editais/18025981000197/2026/102;https://bllcompras.com/Process/ProcessView?param1=[gkz]jdZig2mBNlEgjctbgPNKqk0UyyW7bTqXgZA5amt3YPVRTbwHoDv2ZcCi7//eT6JZ_XOgigtEBv7KEeGSQ_vHu1tW5vIMdrX34FHxhoIdhvM=;;;18025981000197-1-000102/2026;;2026-09-24 09:05:03.891975;Não informado
Prazo aberto no cadastro PNCP;Sistema especializado / serviços;;MUNICIPIO DE VENANCIO AIRES;PM VENANACIO AIRES;Municipal;Venâncio Aires;RS;Edital nº 40/2026;2026-10-15 08:59:00;2026-08-19 14:06:00;18461.52;14584.6;Pregão - Eletrônico;Não/não informado;Contratação de empresa especializada para o fornecimento de solução informatizada, disponibilizada em modelo SaaS (Software as a Service), mediante licenciamento temporário do direito de uso, destinada à gestão do Serviço de Inspeção Municipal – SIM.;Pode envolver implantação, operação, hardware ou desenvolvimento. Não presumir fornecimento apenas de assinatura.;Cadastro de busca oficial PNCP + itens oficiais + detalhe da contratação;https://pncp.gov.br/app/editais/87334918000155/2026/246;;https://pncp.gov.br/pncp-api/v1/orgaos/87334918000155/compras/2026/246/arquivos/1;;87334918000155-1-000246/2026;;2026-09-28 11:29:02.137506;Não informado
Prazo aberto no cadastro PNCP;Sistema especializado / serviços;;MUNICIPIO DE VENANCIO AIRES;Departamento de Licitações e Compras;Municipal;Venâncio Aires;RS;Edital nº 040/2026;2026-10-15 08:59:00;2026-09-28 08:00:00;18461.52;14584.6;Pregão - Eletrônico;Não/não informado;[Portal de Compras Públicas] - Locação de sistema de gestão do serviço de inspeção municipal (SIM);Pode envolver implantação, operação, hardware ou desenvolvimento. Não presumir fornecimento apenas de assinatura.;Cadastro de busca oficial PNCP + itens oficiais + detalhe da contratação;https://pncp.gov.br/app/editais/87334918000155/2026/244;https://www.portaldecompraspublicas.com.br/processos/RS/Prefeitura-Municipal-de-Venancio-Aires-122/PE-040-2026-2026-514261;https://pncp.gov.br/pncp-api/v1/orgaos/87334918000155/compras/2026/244/arquivos/1;;87334918000155-1-000244/2026;;2026-09-25 16:46:44.785808;Não informado
Prazo aberto no cadastro PNCP;Sistema especializado / serviços;;EMPRESA BRASILEIRA DE PESQUISA AGROPECUARIA;EMBRAPA MANDIOCA FRUT./CRUZ DAS ALMAS/BA;Federal;Cruz das Almas;BA;Edital nº 40/2026;2026-10-15 09:00:00;2026-09-21 08:00:00;2511123.25;1983787.36;Concorrência - Eletrônica;Não/não informado;Contratação de empresa especializada em engenharia para a execução das obras e serviços de implantação de sistema de geração de energia de emergência da Embrapa Mandioca e Fruticultura, contemplando a instalação de grupos geradores, construção de nova cabine de transferência automática em média tensão (13,8 kV), sistemas de proteção, automação, intertravamento e demais infraestruturas associadas, na Embrapa Mandioca e Fruticultura, conforme especificações, projetos, memoriais descritivos e demais elementos técnicos constantes neste Edital e seus anexos.;Pode envolver implantação, operação, hardware ou desenvolvimento. Não presumir fornecimento apenas de assinatura.;API oficial PNCP de propostas abertas (varredura por UF);https://pncp.gov.br/app/editais/00348003000110/2026/1032;https://cnetmobile.estaleiro.serpro.gov.br/comprasnet-web/public/compras/acompanhamento-compra?compra=13501403000402026;;;00348003000110-1-001032/2026;;2026-09-21 11:41:37;Não informado
Prazo aberto no cadastro PNCP;Sistema especializado / serviços;;MUNICIPIO DE EXTREMA;CAMARA MUNICIPAL DE EXTREMA - MG;Municipal;Extrema;MG;Edital nº 6/2026;2026-10-15 09:00:00;2026-09-28 08:00:00;38400.0;30336.0;Pregão - Eletrônico;Não/não informado;Contratação exclusiva de ME, EPP ou equiparadas para prestação de serviços contínuos de monitoramento eletrônico 24 (vinte e quatro) horas, compreendendo integração de sistemas, monitoramento de imagens, gerenciamento e tratamento de eventos, suporte técnico e atendimento e resposta a ocorrências, para atendimento à Câmara Municipal de Extrema e às unidades vinculadas.;Pode envolver implantação, operação, hardware ou desenvolvimento. Não presumir fornecimento apenas de assinatura.;API oficial PNCP de propostas abertas (varredura por UF);https://pncp.gov.br/app/editais/18677591000100/2026/492;https://cnetmobile.estaleiro.serpro.gov.br/comprasnet-web/public/compras/acompanhamento-compra?compra=92973005000062026;;;18677591000100-1-000492/2026;;2026-09-25 13:59:37;Não informado
Prazo aberto no cadastro PNCP;Sistema especializado / serviços;;FUNDO MUNICIPAL DE EDUCACAO DE SENADOR JOSE PORFIRIO;FUNDO MUNICIPAL DE EDUCAÇÃO DE SENADOR JOSÉ PORFÍRIO/PA;Municipal;Senador José Porfírio;PA;Edital nº 026/2026;2026-10-15 09:00:00;2026-09-30 17:03:32;460170.27;363534.51;Pregão - Eletrônico;Sim;[LICITANET] - Registro de Preço para possível futura contratação de empresa especializada em desenvolvimento de sistemas integrados de gestão educacional aplicado exclusivamente ao setor público para fornecimento de licença de uso de software por prazo determinado (locação), com atualizações que garantam as alterações legais, corretivas e evolutivas, incluindo, serviços de implantação, conversão de dados legado, treinamento, suporte e atendimento técnico de todos os sistemas/módulos fornecidos;Pode envolver implantação, operação, hardware ou desenvolvimento. Não presumir fornecimento apenas de assinatura.;Cadastro de busca oficial PNCP;https://pncp.gov.br/app/editais/13810386000149/2026/9;https://licitanet.com.br/sessao/203415;;;13810386000149-1-000009/2026;;2026-09-30 17:03:50.858019;Não informado
Prazo aberto no cadastro PNCP;Hardware ou solução integrada;;UNIVERSIDADE ESTADUAL DE LONDRINA;UEL - Universidade Estadual de Londrina;Estadual;Londrina;PR;Edital nº 1255/2026;2026-10-15 09:00:00;2026-09-25 10:10:00;178663.23;141143.95;Pregão - Eletrônico;Não/não informado;AQUISIÇÃO DE DESKTOPS, KIT DE DESENVOLVIMENTO PARA INTELIGÊNCIA ARTIFICIAL, KIT MÓDULO DIDÁTICO DE TELECOMUNICAÇÃO E IMPRESSORAS - 3D PROFISSIONAL E MULTIFUNCIONAL TANQUE DE TINTA.;Pode envolver implantação, operação, hardware ou desenvolvimento. Não presumir fornecimento apenas de assinatura.;Cadastro de busca oficial PNCP;https://pncp.gov.br/app/editais/78640489000153/2026/817;www.transparencia.pr.gov.br/pte/compras/licitacoes/pesquisar-param?numprocesso=1255&ano=2026&codmodalidade=68;;;78640489000153-1-000817/2026;;2026-09-25 12:00:12.692914;Não informado
Prazo aberto no cadastro PNCP;Sistema especializado / serviços;;UNIVERSIDADE ESTADUAL DE LONDRINA;EPR - UNIVERSIDADE ESTADUAL DE LONDRINA;Estadual;Londrina;PR;Edital nº 128/2026;2026-10-15 09:00:00;2026-09-24 10:00:00;178663.23;141143.95;Pregão - Eletrônico;Não/não informado;Aquisição de desktops, kit de desenvolvimento para inteligência artificial, kit módulo didático de telecomunicação e impressora (3D profissional e multifucional tanque de tinta).;Pode envolver implantação, operação, hardware ou desenvolvimento. Não presumir fornecimento apenas de assinatura.;Cadastro de busca oficial PNCP;https://pncp.gov.br/app/editais/78640489000153/2026/801;https://cnetmobile.estaleiro.serpro.gov.br/comprasnet-web/public/compras/acompanhamento-compra?compra=92676905001282026;;;78640489000153-1-000801/2026;;2026-09-23 15:47:22.316993;Não informado
Prazo aberto no cadastro PNCP;Sistema especializado / serviços;;MUNICIPIO DE SAO JERONIMO DA SERRA;PREFEITURA MUNICIPAL SÃO JERÔNIMO DA SERRA-PR;Municipal;São Jerônimo da Serra;PR;Edital nº 42/2026;2026-10-15 09:00:00;2026-09-29 08:00:00;658584.0;520281.36;Pregão - Eletrônico;Não/não informado;CONTRATAÇÃO DE EMPRESA ESPECIALIZADA PARA PRESTAÇÃO DE SERVIÇOS DE SISTEMAS INTEGRADOS DE GESTÃO PÚBLICA EM AMBIENTE DE COMPUTAÇÃO EM NUVEM (CLOUD), COMPREENDENDO LICENCIAMENTO OU CESSÃO DE DIREITO DE USO, IMPLANTAÇÃO, CONFIGURAÇÃO, PARAMETRIZAÇÃO, MIGRAÇÃO E CONVERSÃO DE DADOS, TREINAMENTO, MANUTENÇÃO, ATUALIZAÇÃO, SUPORTE TÉCNICO, HOSPEDAGEM E DEMAIS SERVIÇOS NECESSÁRIOS AO PLENO FUNCIONAMENTO DA SOLUÇÃO, DESTINADA À PREFEITURA MUNICIPAL DE SÃO JERÔNIMO DA SERRA/PR, CÂMARA MUNICIPAL E SAMAE;Pode envolver implantação, operação, hardware ou desenvolvimento. Não presumir fornecimento apenas de assinatura.;Cadastro de busca oficial PNCP;https://pncp.gov.br/app/editais/76290683000120/2026/85;https://cnetmobile.estaleiro.serpro.gov.br/comprasnet-web/public/compras/acompanhamento-compra?compra=98786905000422026;;;76290683000120-1-000085/2026;;2026-09-21 14:48:24.153836;Não informado
Prazo aberto no cadastro PNCP;Sistema especializado / serviços;;MUNICIPIO DE SAO JOAO;Secretaria de Adm. e Financas;Municipal;São João;PR;Edital nº 45/2026;2026-10-15 09:00:00;2026-09-29 08:00:00;173452.0;137027.08;Pregão - Eletrônico;Não/não informado;Registro de Preços para futura e eventual contratação de empresa especializada na prestação de serviços de controle eletrônico de frequência e gestão de ponto, incluindo locação de relógios eletrônicos, software, implantação, instalação, integração, treinamento, manutenção, suporte técnico e demais serviços técnicos e demais serviços necessários ao funcionamento da solução.;Pode envolver implantação, operação, hardware ou desenvolvimento. Não presumir fornecimento apenas de assinatura.;Cadastro de busca oficial PNCP + itens oficiais + detalhe da contratação;https://pncp.gov.br/app/editais/76995422000106/2026/99;https://cnetmobile.estaleiro.serpro.gov.br/comprasnet-web/public/compras/acompanhamento-compra?compra=98787105000012026;https://pncp.gov.br/pncp-api/v1/orgaos/76995422000106/compras/2026/99/arquivos/2;;76995422000106-1-000099/2026;;2026-06-30 22:41:25.733606;Não informado
Prazo aberto no cadastro PNCP;Hardware ou solução integrada;;MUNICIPIO DE SAO PEDRO DO IGUACU;MUNICIPIO DE SAO PEDRO DO IGUAÇU - PR;Municipal;São Pedro do Iguaçu;PR;Edital nº 42/2026;2026-10-15 09:00:00;2026-09-03 08:00:00;334304.4;264100.47;Pregão - Eletrônico;Não/não informado;CONTRATAÇÃO DE EMPRESA ESPECIALIZADA PARA A PRESTAÇÃO DE SERVIÇOS DE LOCAÇÃO DE SISTEMA DE MONITORAMENTO ELETRÔNICO POR CÂMERAS DE SEGURANÇA (CFTV), INCLUINDO FORNECIMENTO DOS EQUIPAMENTOS EM REGIME DE COMODATO/LOCAÇÃO, INSTALAÇÃO, CONFIGURAÇÃO, MANUTENÇÃO PREVENTIVA E CORRETIVA, SUPORTE TÉCNICO E DEMAIS SERVIÇOS NECESSÁRIOS AO PLENO FUNCIONAMENTO DO SISTEMA, VISANDO ATENDER ÀS DEMANDAS DAS SECRETARIAS MUNICIPAIS DO MUNICÍPIO DE SÃO PEDRO DO IGUAÇU/PR.;Pode envolver implantação, operação, hardware ou desenvolvimento. Não presumir fornecimento apenas de assinatura.;Cadastro de busca oficial PNCP;https://pncp.gov.br/app/editais/95583597000150/2026/105;https://bllcompras.com/Process/ProcessView?param1=[gkz]rfqfN9mKOBVp4cgjIujehb0YSx0A/w/gNSww4Dv3R2K78KxxUYEHse6C2dV7IEx1SCuMWFbnBHRBC3yWW6qpnzExXcxOI/KeHth8BOzq88s=;;;95583597000150-1-000105/2026;;2026-09-02 10:45:28.437420;Não informado
Prazo aberto no cadastro PNCP;Sistema especializado / serviços;;MUNICIPIO DE TIBAGI;Prefeitura de Tibagi;Municipal;Tibagi;PR;Edital nº 56/2026;2026-10-15 09:00:00;2026-09-28 17:00:00;474215.1;374629.92;Pregão - Eletrônico;Não/não informado;"Contratação de empresa especializada para serviços de adequação, manutenção e correção de não conformidades de segurança em máquinas e equipamentos (compreendendo prensas hidráulicas e esteiras transportadoras) utilizados na triagem e processamento de materiais recicláveis; bem como execução do sistema de proteção contra descargas atmosféricas, iluminação industrial, reforma mecânica geral, quadro geral de comando e distribuição, infraestrutura elétrica, automação industrial, sistema de segurança conforme NRs 10 e 12 e elaboração de relatórios técnicos, memoriais, projetos e outros documentos relacionados ao objeto em questão de acordo com condições e exigências estabelecidas no Termo de Referência
";Pode envolver implantação, operação, hardware ou desenvolvimento. Não presumir fornecimento apenas de assinatura.;API oficial PNCP de propostas abertas (varredura por UF);https://pncp.gov.br/app/editais/76170257000153/2026/166;;;;76170257000153-1-000166/2026;;2026-09-30 16:14:51;Não informado
Prazo aberto no cadastro PNCP;Hardware ou solução integrada;;FUNDO MUNICIPAL DE SAUDE;FMS Barra Mansa;Municipal;Barra Mansa;RJ;Edital nº 067/2026/2026;2026-10-15 09:00:00;2026-09-29 17:30:00;2426064.0;1916590.56;Pregão - Eletrônico;Sim;REGISTRO DE PREÇOS PARA EVENTUAL CONTRATAÇÃO DE EMPRESA ESPECIALIZADA EM FORNECIMENTO, INSTALAÇÃO E CONFIGURAÇÃO DE CÂMERAS DE VIDEOMONITORAMENTO COM INTELIGÊNCIA ARTIFICIAL, CÂMERAS CONVENCIONAIS E CATRACAS DE CONTROLE DE ACESSO, INCLUINDO EQUIPAMENTOS, SOFTWARES E LICENÇAS;Pode envolver implantação, operação, hardware ou desenvolvimento. Não presumir fornecimento apenas de assinatura.;Cadastro de busca oficial PNCP;https://pncp.gov.br/app/editais/36507127000149/2026/205;;;;36507127000149-1-000205/2026;;2026-09-25 16:29:13.589189;Não informado
Prazo aberto no cadastro PNCP;Sistema especializado / serviços;;MUNICIPIO DE MACAE;PREFEITURA MUNICIPAL DE MACAE - RJ;Municipal;Macaé;RJ;Edital nº 642/2026;2026-10-15 09:00:00;2026-09-25 13:20:00;12474614.76;9854945.66;Pregão - Eletrônico;Sim;Contratação de serviço de patrulhamento aéreo e terrestre de segurança pública, não tripulado, com operação inclusa, mediante a disponibilização, em regime de locação de aeronaves remotamente pilotadas (drones) de diferentes categorias, bases móveis terrestres e sala de monitoramento equipada, abrangendo todos os insumos, softwares, infraestrutura, manutenção preventiva e corretiva, seguros, suporte técnico, atualizações e demais recursos necessários;Pode envolver implantação, operação, hardware ou desenvolvimento. Não presumir fornecimento apenas de assinatura.;API oficial PNCP de propostas abertas (varredura por UF) + itens oficiais + detalhe da contratação;https://pncp.gov.br/app/editais/29115474000160/2026/645;https://cnetmobile.estaleiro.serpro.gov.br/comprasnet-web/public/compras/acompanhamento-compra?compra=98584705006422026;https://pncp.gov.br/pncp-api/v1/orgaos/29115474000160/compras/2026/645/arquivos/1;;29115474000160-1-000645/2026;;2026-09-25 13:15:58;Não informado
Prazo aberto no cadastro PNCP;Hardware ou solução integrada;;MUNICIPIO DE CARLOS BARBOSA;MUNICÍPIO DE CARLOS BARBOSA/RS;Municipal;Carlos Barbosa;RS;Edital nº 99/2026;2026-10-15 09:00:00;2026-09-30 08:00:00;301055.4;237833.76;Pregão - Eletrônico;Não/não informado;CONTRATAÇÃO DE EMPRESA PARA PRESTAÇÃO DE SERVIÇO FINAL DE IMPRESSÃO, COM FORNECIMENTO DE SUPRIMENTOS (TONERS, CARTUCHOS), PEÇAS DE REPOSIÇÃO ORIGINAIS E SERVIÇOS TÉCNICOS ESPECIALIZADOS DE MANUTENÇÃO PREVENTIVA E CORRETIVA DAS IMPRESSORAS UTILIZADAS PELA PREFEITURA MUNICIPAL DE CARLOS BARBOSA, COMPOSTO POR EQUIPAMENTOS NOVOS E SEMINOVOS EM REGIME DE COMODATO, BEM COMO O FORNECIMENTO DE SOFTWARE DE GERENCIAMENTO E CHAMADOS.;Pode envolver implantação, operação, hardware ou desenvolvimento. Não presumir fornecimento apenas de assinatura.;API oficial PNCP de propostas abertas (varredura por UF);https://pncp.gov.br/app/editais/88587183000134/2026/224;;;;88587183000134-1-000224/2026;;2026-09-29 13:50:42;Não informado
Prazo aberto no cadastro PNCP;Sistema especializado / serviços;;MUNICIPIO DE ITAPEVI;Itapevi;Municipal;Itapevi;SP;Edital nº 66/2026/2026;2026-10-15 09:00:00;2026-09-29 19:30:00;2885333.38;2279413.37;Pregão - Eletrônico;Não/não informado;CONTRATAÇÃO DE EMPRESA PARA FORNECIMENTO DE SOLUÇÃO DE SISTEMAS DE GESTÃO PARA AS ÁREAS DE EDUCAÇÃO E ASSISTÊNCIA SOCIAL, NO MODO SOFTWARE COMO SERVIÇOS (SAAS), INCLUÍDOS NOS SERVIÇOS DE CONVERSÃO DE BASES, IMPLANTAÇÃO, TREINAMENTO, BEM COMO OS SERVIÇOS CONTINUADOS DE SUPORTE TÉCNICO E MANUTENÇÃO, QUE GARANTAM AS ALTERAÇÕES LEGAIS, CORRETIVAS E/OU EVOLUTIVAS, BEM COMO AS ATUALIZAÇÕES DE VERSÃO DOS SISTEMAS LICENCIADOS;Pode envolver implantação, operação, hardware ou desenvolvimento. Não presumir fornecimento apenas de assinatura.;Cadastro de busca oficial PNCP + itens oficiais + detalhe da contratação;https://pncp.gov.br/app/editais/46523031000128/2026/171;;https://pncp.gov.br/pncp-api/v1/orgaos/46523031000128/compras/2026/171/arquivos/1;;46523031000128-1-000171/2026;;2026-09-29 14:25:16.401629;Não informado
Prazo aberto no cadastro PNCP;Sistema especializado / serviços;;CAMARA MUNICIPAL DE PAULINIA;CAMARA MUNICIPAL DE PAULINIA;Municipal;Paulínia;SP;Edital nº 06/2026;2026-10-15 09:00:00;2026-10-01 09:00:00;483337.52;381836.64;Pregão - Eletrônico;Não/não informado;Contratação de empresa para prestação de serviços de licenciamento de uso, implantação, locação e manutenção, de sistemas informatizados e integrados de gestão pública, incluindo a conversão e migração de dados, suporte técnico e capacitação de pessoal das áreas envolvidas, pelo prazo de 12 (doze) meses.;Pode envolver implantação, operação, hardware ou desenvolvimento. Não presumir fornecimento apenas de assinatura.;Cadastro de busca oficial PNCP;https://pncp.gov.br/app/editais/45751427000160/2026/65;https://bllcompras.com/Process/ProcessView?param1=[gkz]jewsGQtZqh3EHMLeK7a5tuxzByaZ4AFaPS_pA7K1C9pvFjUBPQIyeF8gioD1GZ68_8AoUPotDARSidoUMb5yU9f0B6GqGuB45ck_rSFlMBo=;;;45751427000160-1-000065/2026;;2026-10-01 08:22:39.733793;Não informado
Prazo aberto no cadastro PNCP;Sistema especializado / serviços;;MUNICIPIO DE SANTA ROSA DE VITERBO;PREFEITURA MUNICIPAL DE SANTA ROSA DE VITERBO;Municipal;Santa Rosa de Viterbo;SP;Edital nº 34/2026;2026-10-15 09:00:00;2026-09-25 18:00:00;5291117.38;4179982.73;Pregão - Eletrônico;Não/não informado;Contratação de empresa especializada para prestação de serviços de desenvolvimento, implantação, customização, manutenção e suporte técnico de SISTEMA INTEGRADO DE INFORMAÇÃO E GESTÃO para atender as necessidades da Prefeitura Municipal de Santa Rosa de Viterbo, conforme condições, quantidades e exigências estabelecidas neste Edital, Termo de Referência e demais anexos, pelo período de 60 meses.;Pode envolver implantação, operação, hardware ou desenvolvimento. Não presumir fornecimento apenas de assinatura.;Cadastro de busca oficial PNCP;https://pncp.gov.br/app/editais/45368545000193/2026/87;https://cnetmobile.estaleiro.serpro.gov.br/comprasnet-web/public/compras/acompanhamento-compra?compra=98705305000342026;;;45368545000193-1-000087/2026;;2026-09-25 16:12:43.620761;Não informado
Prazo aberto no cadastro PNCP;Sistema especializado / serviços;;URBANIZADORA MUNICIPAL SA URBAM;URBANIZADORA MUNICIPAL S/A DE SÃO JOSE CAMPOS;Não se aplica;São José dos Campos;SP;Edital nº 63/2026;2026-10-15 09:00:00;2026-09-22 09:30:00;969000.0;765510.0;Pregão - Eletrônico;Não/não informado;Contratação de empresa para solução informatizada para gestão integrada da assessoria jurídica ;Pode envolver implantação, operação, hardware ou desenvolvimento. Não presumir fornecimento apenas de assinatura.;API oficial PNCP de propostas abertas (varredura por UF) + itens oficiais + detalhe da contratação;https://pncp.gov.br/app/editais/45693777000702/2026/145;https://cnetmobile.estaleiro.serpro.gov.br/comprasnet-web/public/compras/acompanhamento-compra?compra=92933405000632026;https://pncp.gov.br/pncp-api/v1/orgaos/45693777000702/compras/2026/145/arquivos/1;;45693777000702-1-000145/2026;;2026-09-22 09:22:00;Não informado
Prazo aberto no cadastro PNCP;Hardware ou solução integrada;Segurança/antivírus;COMANDO DA MARINHA;CENTRO LOGISTICO DO MATERIAL DA MARINHA;Federal;Rio de Janeiro;RJ;Edital nº 184/2026;2026-10-15 09:30:00;2026-10-02 09:30:00;8399116.69;6635302.18;Pregão - Eletrônico;Sim;Aquisição de appliances de firewall de próxima geração (NGFW), solução de gerenciamento centralizado, appliance de segurança industrial, licenças de funcionalidades de segurança para firewall, licenças de suporte e garantia do fabricante para novos equipamentos e para a base instalada, bem como subscrições de atualização e suporte para solução de prevenção de intrusões, destinados à manutenção, atualização e ampliação da infraestrutura de segurança da Rede de Comunicações Integrada da Marinha.;Pode envolver implantação, operação, hardware ou desenvolvimento. Não presumir fornecimento apenas de assinatura.;Cadastro de busca oficial PNCP;https://pncp.gov.br/app/editais/00394502000144/2026/11868;https://cnetmobile.estaleiro.serpro.gov.br/comprasnet-web/public/compras/acompanhamento-compra?compra=74001405001842026;;;00394502000144-1-011868/2026;;2026-09-17 04:00:26.517821;Não informado
Prazo aberto no cadastro PNCP;Hardware ou solução integrada;;MUNICIPIO DE CAMPINAS;PREFEITURA MUNICIPAL DE CAMPINAS - SP;Municipal;Campinas;SP;Edital nº 684/2026;2026-10-15 09:30:00;2026-09-30 08:00:00;48934858.18;38658537.96;Pregão - Eletrônico;Não/não informado;Prestação de serviços de segurança patrimonial para as unidades externas da Secretaria Municipal de Saúde, através de monitoramento eletrônico de sistema de imagens e alarmes, compreendendo a disponibilização de equipamentos, softwares e hardwares, implantação, manutenção e mão de obra.;Pode envolver implantação, operação, hardware ou desenvolvimento. Não presumir fornecimento apenas de assinatura.;Cadastro de busca oficial PNCP + itens oficiais + detalhe da contratação;https://pncp.gov.br/app/editais/51885242000140/2026/796;https://cnetmobile.estaleiro.serpro.gov.br/comprasnet-web/public/compras/acompanhamento-compra?compra=98629105006842026;https://pncp.gov.br/pncp-api/v1/orgaos/51885242000140/compras/2026/796/arquivos/1;;51885242000140-1-000796/2026;;2026-09-29 10:41:47.687982;Não informado
Prazo aberto no cadastro PNCP;Hardware ou solução integrada;;FACULDADE DE DIREITO DE SAO BERNARDO DO CAMPO;FACULDADE DE DIREITO DE S BERNARDO DO CAMPO;Municipal;São Bernardo do Campo;SP;Edital nº 38/2026;2026-10-15 09:30:00;2026-09-29 11:00:00;186300.0;147177.0;Pregão - Eletrônico;Não/não informado;Contratação de serviços de outsourcing de impressão, cópia e digitalização, contemplando o fornecimento de software de gerenciamento e contabilização, insumos (exceto o papel) e reposição de peças originais ou novas e compatíveis com os equipamentos, além dos serviços de instalação, manutenção preventiva e corretiva e assistência técnica especializada dos equipamentos.;Pode envolver implantação, operação, hardware ou desenvolvimento. Não presumir fornecimento apenas de assinatura.;API oficial PNCP de propostas abertas (varredura por UF);https://pncp.gov.br/app/editais/59108100000189/2026/41;https://cnetmobile.estaleiro.serpro.gov.br/comprasnet-web/public/compras/acompanhamento-compra?compra=93010605000382026;;;59108100000189-1-000041/2026;;2026-09-03 15:34:15;Não informado
Prazo aberto no cadastro PNCP;Sistema especializado / serviços;;TRIBUNAL DE JUSTICA DO ESTADO DE RORAIMA;TRIBUNAL DE JUSTIÇA DO ESTADO DE RORAIMA;Estadual;Boa Vista;RR;Edital nº 17/2026;2026-10-15 10:00:00;2026-09-28 08:00:00;26310910.94;20785619.64;Pregão - Eletrônico;Sim;Formação de registro de preços para eventual contratação de solução de infraestrutura computacional com armazenamento distribuído por software, incluindo recursos de processamento, memória e virtualização, bem como serviços de implantação, migração de dados, suporte técnico especializado e garantia de hardware, destinada à modernização do Site de Recuperação de Desastres (Site DR) do Tribunal de Justiça de Roraima, conforme Termo de Referência - Anexo I do Edital.;Pode envolver implantação, operação, hardware ou desenvolvimento. Não presumir fornecimento apenas de assinatura.;Cadastro de busca oficial PNCP + itens oficiais + detalhe da contratação;https://pncp.gov.br/app/editais/34812669000108/2026/80;https://cnetmobile.estaleiro.serpro.gov.br/comprasnet-web/public/compras/acompanhamento-compra?compra=92548005000172026;https://pncp.gov.br/pncp-api/v1/orgaos/34812669000108/compras/2026/80/arquivos/5;https://pncp.gov.br/pncp-api/v1/orgaos/34812669000108/compras/2026/80/arquivos/3;34812669000108-1-000080/2026;;2026-09-25 12:13:26.977638;Não informado
Prazo aberto no cadastro PNCP;Hardware ou solução integrada;;TRIBUNAL REGIONAL ELEITORAL DO RIO DE JANEIRO;TRIBUNAL REGIONAL ELEITORAL DO RIO DE JANEIRO;Federal;Rio de Janeiro;RJ;Edital nº 235/2026;2026-10-15 11:00:00;2026-09-29 11:00:00;240000.0;189600.0;Pregão - Eletrônico;Não/não informado;Prestação de serviço de acesso à internet com o fornecimento de todos os insumos físicos e lógicos (“hardwares” e “softwares”), necessários à instalação, operação e manutenção, serviço de gerenciamento proativo contra falhas, e serviços de proteção contra ataques distribuídos de negação de serviços (DDoS), pelo prazo de 30 meses.;Pode envolver implantação, operação, hardware ou desenvolvimento. Não presumir fornecimento apenas de assinatura.;API oficial PNCP de propostas abertas (varredura por UF);https://pncp.gov.br/app/editais/06170517000105/2026/132;https://cnetmobile.estaleiro.serpro.gov.br/comprasnet-web/public/compras/acompanhamento-compra?compra=07001705002352026;;;06170517000105-1-000132/2026;;2026-09-29 04:03:28;Não informado
Prazo aberto no cadastro PNCP;Sistema especializado / serviços;;MUNICIPIO DE URUBICI;MUNICÍPIO DE URUBICI;Municipal;Urubici;SC;Edital nº PE 101/2026;2026-10-15 12:30:00;2026-10-05 08:00:00;663828.1;524424.19;Pregão - Eletrônico;Não/não informado;contratação de empresa especializada para disponibilização de solução integrada de gestão pública municipal, em ambiente de computação em nuvem (Software as a Service – SaaS), compreendendo o licenciamento de uso de sistema informatizado, bem como os serviços de implantação, conversão e migração de dados, parametrização, integração entre módulos, treinamento de usuários, suporte técnico especializado, manutenção corretiva, adaptativa, evolutiva e preventiva, atualizações legais e tecnológicas, hospedagem da solução, armazenamento das bases de dados e demais serviços necessários ao pleno funcionamento da plataforma;Pode envolver implantação, operação, hardware ou desenvolvimento. Não presumir fornecimento apenas de assinatura.;Cadastro de busca oficial PNCP;https://pncp.gov.br/app/editais/82843582000132/2026/103;;;;82843582000132-1-000103/2026;;2026-10-01 17:39:50.500580;Não informado
Prazo aberto no cadastro PNCP;Sistema especializado / serviços;;GOIAS TRIBUNAL DE JUSTICA DO ESTADO DE GOIAS;TRIBUNAL DE JUSTIÇA DO ESTADO DE GOIÁS;Estadual;Goiânia;GO;Edital nº 123042/2026;2026-10-15 14:00:00;2026-09-21 08:00:00;36780000.0;29056200.0;Pregão - Eletrônico;Sim;Registro de preços para eventual e futura contratação de serviço de desenvolvimento, manutenção, migração, evolução e criação de sistemas de informação (fábrica de software), com objetivo de atender à demanda por sistemas, integrações, manutenções e melhorias nas soluções tecnológicas utilizadas e disponibilizadas pelo Tribunal de Justiça do Estado de Goiás – TJGO,;Pode envolver implantação, operação, hardware ou desenvolvimento. Não presumir fornecimento apenas de assinatura.;API oficial PNCP de propostas abertas (varredura por UF);https://pncp.gov.br/app/editais/02292266000180/2026/109;;;;02292266000180-1-000109/2026;;2026-09-18 14:01:00;Não informado
Recebimento futuro anunciado;Sistema especializado / serviços;;MUNICIPIO DE SELVIRIA;PREFEITURA MUNICIPAL DE SELVÍRIA - MS;Municipal;Selvíria;MS;Edital nº 3/2026;2026-10-15 23:59:00;2026-10-15 00:01:00;232822.2;183929.53;Pregão - Presencial;Não/não informado;Contratação de empresa para prestação de serviços técnicos especializados em tecnologia da informação, compreendendo a gestão, administração, suporte técnico e manutenção da infraestrutura tecnológica do Município, incluindo redes de dados, servidores institucionais, sistemas administrativos e governamentais, segurança da informação, integridade e recuperação de dados, bem como apoio técnico à gestão da tecnologia da informação e à continuidade operacional dos serviços públicos dependentes de recursos tecnológicos em atendimento às necessidades do Município de Selvíria/MS, conforme Termo de referência;Pode envolver implantação, operação, hardware ou desenvolvimento. Não presumir fornecimento apenas de assinatura.;API oficial PNCP de propostas abertas (varredura por UF);https://pncp.gov.br/app/editais/15410665000140/2026/28;https://www.sgim.com.br/selviria/editais_licitacoes.php?tipo=1;;;15410665000140-1-000028/2026;;2026-10-06 16:43:36;Não informado
Prazo aberto no cadastro PNCP;Hardware ou solução integrada;;MUNICIPIO DE NOVO PLANALTO;MUNICIPIO DE NOVO PLANALTO;Municipal;Novo Planalto;GO;Edital nº (4455) | 13-0/2026;2026-10-16 07:55:00;2026-10-02 15:00:00;;;Pregão - Presencial;Sim;CONTRATAÇÃO DE EMPRESA ESPECIALIZADA NO FORNECIMENTO E INSTALAÇÃO DE SISTEMAS DE GERAÇÃO DE ENERGIA SOLAR FOTOVOLTAICA, CONECTADA À REDE, DO TIPO ON-GRID, COMPREENDENDO A ELABORAÇÃO DO PROJETO EXECUTIVO, A APROVAÇÃO DESTE JUNTO À CONCESSIONÁRIA DE ENERGIA ELÉTRICA LOCAL, O FORNECIMENTO DE TODOS OS MATERIAIS E EQUIPAMENTOS NECESSÁRIOS, MONTAGEM, COMISSIONAMENTO E ATIVAÇÃO DE TODOS OS EQUIPAMENTOS E MATERIAIS, A EFETIVAÇÃO DO ACESSO JUNTO À CONCESSIONÁRIA DE ENERGIA, O TREINAMENTO DA EQUIPE TÉCNICA, PROJETOS “AS BUILT” E SUPORTE TÉCNICO, PARA FINS DE ATENDIMENTO AS NECESSIDADES INSTITUCIONAIS DE USINA EM COBERTURA E SOLO, PARA O MUNICÍPIO DE NOVO PLANALTO/GO.;Pode envolver implantação, operação, hardware ou desenvolvimento. Não presumir fornecimento apenas de assinatura.;API oficial PNCP de propostas abertas (varredura por UF);https://pncp.gov.br/app/editais/25041005000193/2026/107;;;;25041005000193-1-000107/2026;;2026-10-02 10:38:03;Não informado
Prazo aberto no cadastro PNCP;Sistema especializado / serviços;;MUNICIPIO DE CAMBIRA;PREFEITURA MUNICIPAL DE CAMBIRA - PR;Municipal;Cambira;PR;Edital nº 28/2026;2026-10-16 08:00:00;2026-09-30 17:00:00;142992.84;112964.34;Pregão - Eletrônico;Não/não informado;CONTRATAÇÃO DE EMPRESA ESPECIALIZADA PARA FORNECIMENTO, IMPLANTAÇÃO, INSTALAÇÃO, CONFIGURAÇÃO, MANUTENÇÃO, MIGRAÇÃO, TREINAMENTO E SUPORTE TÉCNICO DE SOLUÇÃO INTEGRADA DE MONITORAMENTO URBANO NO MUNICÍPIO DE CAMBIRA/PR;Pode envolver implantação, operação, hardware ou desenvolvimento. Não presumir fornecimento apenas de assinatura.;Cadastro de busca oficial PNCP;https://pncp.gov.br/app/editais/75771287000152/2026/82;https://transparencia.agilicloud.com.br/cambirapr/licitacoes/licitacao?id=9428;;;75771287000152-1-000082/2026;;2026-10-01 09:06:56.931397;Não informado
Prazo aberto no cadastro PNCP;Sistema especializado / serviços;;FASI FUNDACAO DE ATENCAO A SAUDE DE ITABUNA;FASI – Fundação de Atenção à Saúde de Itabuna/BA;Municipal;Itabuna;BA;Edital nº 028/2026;2026-10-16 08:00:00;2026-09-30 11:37:21;;;Pregão - Eletrônico;Não/não informado;[LICITANET] - CONTRATAÇÃO DE EMPRESA ESPECIALIZADA PARA PRESTAÇÃO DE SERVIÇOS DE LOCAÇÃO DE SOFTWARE ESPECÍFICO PARA GESTÃO DOCUMENTAL, CONTEMPLANDO OS SISTEMAS DE DIGITALIZAÇÃO E ARQUIVAMENTO ELETRÔNICO EM ATENDIMENTO AS DEMANDAS DO HOSPITAL DE BASE LUIS EDUARDO MAGALHÃES – HBLEM - ITABUNA-BA;Pode envolver implantação, operação, hardware ou desenvolvimento. Não presumir fornecimento apenas de assinatura.;Cadastro de busca oficial PNCP + itens oficiais + detalhe da contratação;https://pncp.gov.br/app/editais/02762633000162/2026/67;https://licitanet.com.br/sessao/194083;https://pncp.gov.br/pncp-api/v1/orgaos/02762633000162/compras/2026/67/arquivos/1;;02762633000162-1-000067/2026;;2026-09-09 09:38:10.104954;Não informado
Prazo aberto no cadastro PNCP;Sistema especializado / serviços;;MUNICIPIO DE ACARAPE - CAMARA MUNICIPAL;CÂMARA MUNICIPAL DE ACARAPE;Municipal;Acarape;CE;Edital nº 01/2026-PE/2026;2026-10-16 08:00:00;2026-09-30 14:00:00;122850.0;97051.5;Pregão - Eletrônico;Não/não informado;CONTRATAÇÃO DE PESSOA JURÍDICA ESPECIALIZADA EM SERVIÇOS DE TECNOLOGIA DA INFORMAÇÃO E COMUNICAÇÃO (TIC) PARA O FORNECIMENTO, IMPLANTAÇÃO, PERSONALIZAÇÃO, SUPORTE TÉCNICO ESPECIALIZADO, SUSTENTAÇÃO E EVOLUÇÃO CONTINUADA DA PLATAFORMA INTEGRADA DE SERVIÇOS CIDADÃOS DA CÂMARA MUNICIPAL. ATENDENDO PROCURADORIA DA MULHER, PROCURADORIA DO CONSUMIDOR (PROCON) E OS SERVIÇOS DESTINADOS AO CIDADÃO.;Pode envolver implantação, operação, hardware ou desenvolvimento. Não presumir fornecimento apenas de assinatura.;Cadastro de busca oficial PNCP;https://pncp.gov.br/app/editais/63367544000106/2026/5;https://bllcompras.com/Process/ProcessView?param1=[gkz]PTHycpGGfJY95rmbqUbWb8BmRphK3uGX9GWjIsD0Bqh8EJlKwIRwwE19/HxKvLl_OnmJuUQz4Zn1nAuV4YdLQck8CnswcdUylvaJKJxEVZE=;;;63367544000106-1-000005/2026;;2026-10-01 09:30:21.968575;Não informado
Prazo aberto no cadastro PNCP;Sistema especializado / serviços;;MUNICIPIO DE ANTONIO OLINTO;Unidade administrativa;Municipal;Antônio Olinto;PR;Edital nº 86/2026;2026-10-16 08:00:00;2026-10-01 08:00:00;837133.19;661335.22;Pregão - Eletrônico;Não/não informado;CONTRATAÇÃO DE EMPRESA ESPECIALIZADA PARA LOCAÇÃO DE SISTEMA WEB INTEGRADO DE GESTÃO PÚBLICA MUNICIPAL.;Pode envolver implantação, operação, hardware ou desenvolvimento. Não presumir fornecimento apenas de assinatura.;Cadastro de busca oficial PNCP;https://pncp.gov.br/app/editais/76020460000143/2026/151;;;;76020460000143-1-000151/2026;;2026-09-30 16:18:20.376952;Não informado
Prazo aberto no cadastro PNCP;Sistema especializado / serviços;;MUNICIPIO DE ESMERALDA;MUNICÍPIO DE ESMERALDA;Municipal;Esmeralda;RS;Edital nº 16/2026;2026-10-16 08:30:00;2026-10-01 08:30:00;592064.15;467730.67;Pregão - Eletrônico;Não/não informado;[Portal de Compras Públicas] - Contratação de empresa especializada para a prestação de serviço de tecnologia da informação para disponibilização de Plataforma de Gestão Municipal, compreendendo o licenciamento de uso de softwares de gestão pública, em ambiente nuvem, por prazo determinado (locação), com atualização mensal, que garanta as alterações legais, corretivas e evolutivas, incluindo, conversão, implantação, treinamento, suporte e atendimento técnico visando o atendimento das necessidades da Prefeitura Municipal de Esmeralda/RS.;Pode envolver implantação, operação, hardware ou desenvolvimento. Não presumir fornecimento apenas de assinatura.;Cadastro de busca oficial PNCP;https://pncp.gov.br/app/editais/88225149000110/2026/77;https://www.portaldecompraspublicas.com.br/processos/RS/Prefeitura-Municipal-de-Esmeralda-3724/PE-16-2026-2026-515175;;;88225149000110-1-000077/2026;;2026-09-30 14:53:59.499247;Não informado
Prazo aberto no cadastro PNCP;Sistema especializado / serviços;;MUNICIPIO DE GUATAPARA;MUNICIPIO DE GUATAPARA;Municipal;Guatapará;SP;Edital nº 025.2026/2026;2026-10-16 08:30:00;2026-10-02 12:00:00;512255.88;404682.14;Pregão - Eletrônico;Não/não informado;CONTRATAÇÃO DE EMPRESA ESPECIALIZADA PARA O FORNECIMENTO DE SISTEMAS DE GESTÃO PÚBLICA NO MODELO DE CONTRATAÇÃO SOFTWARE AS A SERVICE (SAAS) UTILIZANDO DATA CENTER, PARA ATENDER AS DEMANDAS DE CONTABILIDADE PÚBLICA E AUDESP, TESOURARIA, ESTOQUE, COMPRAS E LICITAÇÃO, PATRIMÔNIO, FROTAS, GESTÃO MUNICIPAL, TRANSPARÊNCIA PÚBLICA, RECURSOS HUMANOS, GESTÃO DE RECEITAS, ISS E NOTA FISCAL ELETRÔNICA, ENSINO PÚBLICO, GESTÃO DE COMUNICAÇÃO, DOCUMENTOS, PROTOCOLOS E PROCESSOS ELETRÔNICOS,  CONTROLE DE IMAG;Pode envolver implantação, operação, hardware ou desenvolvimento. Não presumir fornecimento apenas de assinatura.;Cadastro de busca oficial PNCP;https://pncp.gov.br/app/editais/68319748000195/2026/28;https://bllcompras.com/Process/ProcessView?param1=[gkz]pQ29ekKdsjyaUbFdLKENvThYIdP3Vx7lIeGtPF8yaPB_tWHzhH819GvFbouxgAX55I91BICH5mye6ucg6bam_qUgaRx6FPKxyFxx5cQ6LqQ=;;;68319748000195-1-000028/2026;;2026-10-02 09:31:46.179325;Não informado
Prazo aberto no cadastro PNCP;Sistema especializado / serviços;;FUNDO MUNICIPAL DE SAUDE DE PONTA DE PEDRAS;FUNDO MUNICIPAL DE SAÚDE;Municipal;Ponta de Pedras;PA;Edital nº 9.2026-018/2026;2026-10-16 08:45:00;2026-09-30 00:00:00;73440.0;58017.6;Pregão - Eletrônico;Não/não informado;SERVIÇOS DE LOCAÇÃO DE PONTOS ELETRÔNICOS BIOMÉTRICOS (RELÓGIOS DE PONTO), EM REGIME DE COMODATO, INCLUINDO INSTALAÇÃO, CONFIGURAÇÃO DE SOFTWARE, TREINAMENTO DOS USUÁRIOS, DISPONIBILIZAÇÃO DE SISTEMA DE GERENCIAMENTO EM NUVEM, SERVIÇOS MENSAIS, SUPORTE TÉCNICO E MANUTENÇÃO PREVENTIVA E CORRETIVA COM REPOSIÇÃO INTEGRAL DE PEÇAS E INSUMOS, DESTINADOS AO CONTROLE DE FREQUÊNCIA DOS SERVIDORES LOTADOS NAS UNIDADES DA REDE MUNICIPAL DE SAÚDE DE PONTA DE PEDRAS/PA.;Pode envolver implantação, operação, hardware ou desenvolvimento. Não presumir fornecimento apenas de assinatura.;Cadastro de busca oficial PNCP + itens oficiais + detalhe da contratação;https://pncp.gov.br/app/editais/11797106000184/2026/12;https://bnccompras.com/Process/ProcessView?param1=[gkz]PBbihyGJqz3KX9OdOEuTwrJtZiorh8omTxmz8cxwuFZvTDuVKsSUwe2AX4iWzF8Om0TkrUM04hpjkjEcg1g7K9xOBDpJJaB4RVGWVRcW3Tc=;https://pncp.gov.br/pncp-api/v1/orgaos/11797106000184/compras/2026/12/arquivos/1;;11797106000184-1-000012/2026;;2026-09-29 18:10:32.150857;Não informado
Prazo aberto no cadastro PNCP;Sistema especializado / serviços;;MUNICIPIO DE ALEM PARAIBA;MUNICÍPIO DE ALÉM PARAÍBA/MG;Municipal;Além Paraíba;MG;Edital nº 271/2026;2026-10-16 08:59:00;2026-09-29 14:31:00;174284.4;137684.67;Pregão - Eletrônico;Não/não informado;Assunto: Contratação de solução tecnológica em ambiente totalmente web, com cessão de uso de software por 12 meses, incluindo suporte técnico e capacitação dos usuários, destinado ao acompanhamento e auditoria da apuração do Valor Adicionado Fiscal (VAF), bem como à conferência e controle do cálculo do Índice de Qualidade da Educação (IQE), conforme detalhado nas especificações técnicas deste Termo de Referência, conforme condições e especificações contidas neste termo de referência.;Pode envolver implantação, operação, hardware ou desenvolvimento. Não presumir fornecimento apenas de assinatura.;API oficial PNCP de propostas abertas (varredura por UF) + itens oficiais + detalhe da contratação;https://pncp.gov.br/app/editais/17709197000135/2026/272;;https://pncp.gov.br/pncp-api/v1/orgaos/17709197000135/compras/2026/272/arquivos/1;;17709197000135-1-000272/2026;;2026-09-29 14:33:59;Não informado
Prazo aberto no cadastro PNCP;Sistema especializado / serviços;;MUNICIPIO DE VENANCIO AIRES;PM VENANACIO AIRES;Municipal;Venâncio Aires;RS;Edital nº 41/2026;2026-10-16 08:59:00;2026-07-17 11:18:00;25589.48;20215.68;Pregão - Eletrônico;Não/não informado;Locação de sistema digital de gestão da política de assistência social, visando à disponibilização de solução informatizada para qualificar, agilizar e efetivar a gestão dos serviços executados no âmbito do Sistema Único de Assistência Social (SUAS).;Pode envolver implantação, operação, hardware ou desenvolvimento. Não presumir fornecimento apenas de assinatura.;Cadastro de busca oficial PNCP + itens oficiais + detalhe da contratação;https://pncp.gov.br/app/editais/87334918000155/2026/247;;https://pncp.gov.br/pncp-api/v1/orgaos/87334918000155/compras/2026/247/arquivos/1;;87334918000155-1-000247/2026;;2026-09-28 15:06:41.979660;Não informado
Prazo aberto no cadastro PNCP;Sistema especializado / serviços;;MUNICIPIO DE VENANCIO AIRES;Departamento de Licitações e Compras;Municipal;Venâncio Aires;RS;Edital nº 041/2026;2026-10-16 08:59:00;2026-09-28 08:00:00;25589.48;20215.68;Pregão - Eletrônico;Não/não informado;[Portal de Compras Públicas] - Locação de Sistema de Gestão da Política de Assistência Social;Pode envolver implantação, operação, hardware ou desenvolvimento. Não presumir fornecimento apenas de assinatura.;Cadastro de busca oficial PNCP + itens oficiais + detalhe da contratação;https://pncp.gov.br/app/editais/87334918000155/2026/245;https://www.portaldecompraspublicas.com.br/processos/RS/Prefeitura-Municipal-de-Venancio-Aires-122/PE-041-2026-2026-514339;https://pncp.gov.br/pncp-api/v1/orgaos/87334918000155/compras/2026/245/arquivos/1;;87334918000155-1-000245/2026;;2026-09-25 21:20:59.759083;Não informado
Prazo aberto no cadastro PNCP;Sistema especializado / serviços;;MUNICIPIO DE PRESIDENTE DUTRA;PREFEITURA MUNICIPAL DE PRESIDENTE DUTRA;Municipal;Presidente Dutra;BA;Edital nº 014/2026;2026-10-16 09:00:00;2026-09-30 09:00:00;;;Pregão - Eletrônico;Não/não informado;CONTRATAÇÃO DE EMPRESA ESPECIALIZADA PARA PRESTAÇÃO DE SERVIÇOS DE LOCAÇÃO, MEDIANTE LICENÇA DE USO, DE SOLUÇÃO INTEGRADA DE SOFTWARE DE GESTÃO PÚBLICA, DESENVOLVIDA NATIVAMENTE PARA AMBIENTE 100% WEB, EM PLATAFORMA ÚNICA, SISTÊMICA E MODULAR, COM BANCO DE DADOS INTEGRADO E HOSPEDAGEM EM INTERNET DATA CENTER – IDC.;Pode envolver implantação, operação, hardware ou desenvolvimento. Não presumir fornecimento apenas de assinatura.;Cadastro de busca oficial PNCP;https://pncp.gov.br/app/editais/13717798000139/2026/21;https://bnccompras.com/Process/ProcessView?param1=[gkz]0/dXdxLHV05OnHK4MbsYdO0pU_ppCi9dEA4Q0nKQa/efuOu1RaE9Lmn4fXDciVeoufrC2yyE_6ggIkzhN2PXOJKHJ8on/MnPVCqLnF5ejAk=;;;13717798000139-1-000021/2026;;2026-10-03 08:25:02.783796;Não informado
Recebimento futuro anunciado;Sistema especializado / serviços;;MUNICIPIO DE ICONHA;Prefeitura Municipal de Iconha;Municipal;Iconha;ES;Edital nº 000008/2026;2026-10-16 09:00:00;2026-10-16 09:00:00;49593.33;39178.73;Pregão - Presencial;Não/não informado;contratação de empresa especializada para o fornecimento, instalação, configuração, treinamento e suporte técnico para Sistema Integrado de Monitoramento HidrometeorológicoMunicípio de Iconha/ES , que será instalado em pontos da  Localidade de Mesa Grande ;Pode envolver implantação, operação, hardware ou desenvolvimento. Não presumir fornecimento apenas de assinatura.;API oficial PNCP de propostas abertas (varredura por UF);https://pncp.gov.br/app/editais/27165646000185/2026/117;;;;27165646000185-1-000117/2026;;2026-09-25 10:17:15;Não informado
Prazo aberto no cadastro PNCP;Hardware ou solução integrada;;ESTADO DE GOIAS;SECRETARIA DE ESTADO DA CASA MILITAR;Estadual;Goiânia;GO;Edital nº 120675/2026;2026-10-16 09:00:00;2026-09-28 08:00:00;177606.92;140309.46;Pregão - Eletrônico;Não/não informado;Contratação de empresa especializada na prestação de serviços contínuos de manutenção preventiva, corretiva e emergencial em sistemas de controle de acesso e automação (portões automáticos, fechaduras eletrônicas/digitais e automatizadores pivotantes), incluindo serviços correlatos de serralheria, com fornecimento integral de peças de reposição e substituição de equipamentos sob demanda, para atender às dependências do Palácio Pedro Ludovico Teixeira, Palácio das Esmeraldas e Hangar José Ludovico de Almeida, pelo período de 12 (doze) meses.;Pode envolver implantação, operação, hardware ou desenvolvimento. Não presumir fornecimento apenas de assinatura.;API oficial PNCP de propostas abertas (varredura por UF);https://pncp.gov.br/app/editais/01409580000138/2026/1485;;;;01409580000138-1-001485/2026;;2026-09-24 11:17:19;Não informado
Prazo aberto no cadastro PNCP;Hardware ou solução integrada;;FUNDACAO PUBLICA ESTADUAL HOSPITAL DE CLNICAS GASPAR VIANNA - FHCGV;FUND.PUBL.EST.HOSP.DE CLÍNICAS GASPAR VIANNA;Estadual;Belém;PA;Edital nº 29/2026;2026-10-16 09:00:00;2026-10-01 08:00:00;2432855.16;1921955.57;Pregão - Eletrônico;Não/não informado;"Contratação de empresa especializada para prestação de serviços continuados de impressão 
corporativa (Outsourcing) na modalidade franquia mensal de páginas mais excedente, 
contemplando impressão, cópia e digitalização de documentos, com fornecimento, instalação, 
configuração e manutenção dos equipamentos, cessão de direito de uso de softwares de 
gerenciamento e bilhetagem, assistência técnica, monitoramento dos ativos e fornecimento de 
insumos necessários à execução dos serviços, para atend";Pode envolver implantação, operação, hardware ou desenvolvimento. Não presumir fornecimento apenas de assinatura.;API oficial PNCP de propostas abertas (varredura por UF) + itens oficiais + detalhe da contratação;https://pncp.gov.br/app/editais/22980973000177/2026/164;https://cnetmobile.estaleiro.serpro.gov.br/comprasnet-web/public/compras/acompanhamento-compra?compra=92544905000292026;https://pncp.gov.br/pncp-api/v1/orgaos/22980973000177/compras/2026/164/arquivos/7;https://pncp.gov.br/pncp-api/v1/orgaos/22980973000177/compras/2026/164/arquivos/8;22980973000177-1-000164/2026;;2026-08-20 17:20:49;Não informado
Prazo aberto no cadastro PNCP;Hardware ou solução integrada;;FUNDACAO PUBLICA ESTADUAL HOSPITAL DE CLNICAS GASPAR VIANNA - FHCGV;FHCGV;Estadual;Belém;PA;Edital nº 29/90058/2026;2026-10-16 09:00:00;2026-10-01 08:00:00;2432855.16;1921955.57;Pregão - Eletrônico;Não/não informado;Contratação de empresa especializada para prestação de serviços continuados de impressão corporativa (Outsourcing) na modalidade franquia mensal de páginas mais excedente, contemplando impressão, cópia e digitalização de documentos, com fornecimento, instalação, configuração e manutenção dos equipamentos, cessão de direito de uso de softwares de gerenciamento e bilhetagem, assistência técnica, monitoramento dos ativos e fornecimento de insumos necessários à execução dos serviços, para atendimento das necessidades da Fundação Pública Estadual Hospital de Clínicas Gaspar Vianna – FPEHCGV, incluindo suas unidades vinculadas.;Pode envolver implantação, operação, hardware ou desenvolvimento. Não presumir fornecimento apenas de assinatura.;API oficial PNCP de propostas abertas (varredura por UF);https://pncp.gov.br/app/editais/22980973000177/2026/207;;;;22980973000177-1-000207/2026;;2026-10-05 15:00:02;Não informado
Prazo aberto no cadastro PNCP;Sistema especializado / serviços;;MUNICIPIO DE CHOPINZINHO;PREFEITURA MUNICIPAL DE CHOPINZINHO - PR;Municipal;Chopinzinho;PR;Edital nº 18/2026;2026-10-16 09:00:00;2026-09-30 08:00:00;113016.72;89283.2;Pregão - Eletrônico;Não/não informado;contratação de empresa especializada para fornecimento de solução completa em telefonia VoIP, contemplando PABX IP em nuvem, licenciamento, assinaturas SIP (linhas telefônicas digitais), pacote de minutos ilimitado para ligações locais e de longa distância, além de suporte técnico especializado e manutenção.;Pode envolver implantação, operação, hardware ou desenvolvimento. Não presumir fornecimento apenas de assinatura.;Cadastro de busca oficial PNCP;https://pncp.gov.br/app/editais/76995414000160/2026/192;https://cnetmobile.estaleiro.serpro.gov.br/comprasnet-web/public/compras/acompanhamento-compra?compra=98750305000182026;;;76995414000160-1-000192/2026;;2026-08-21 08:43:18.351972;Não informado
Prazo aberto no cadastro PNCP;Sistema especializado / serviços;;TRIBUNAL DE CONTAS DO ESTADO DO PARANA;TCEPR - Tribunal do Contas do Estado do Paraná;Estadual;Curitiba;PR;Edital nº 1477/2026;2026-10-16 09:00:00;2026-10-06 09:00:00;54989.5;43441.7;Pregão - Eletrônico;Não/não informado;"Contratacao de empresa especializada para o fornecimento de solucao de comunicacao 
unificada telefonia IP e de acesso móvel à internet para assegurar a continuidade dos 
servicos essenciais de comunicacao corporativa do TCE-PR pelo periodo de 36 meses
prorrogavel ate o limite de 10 dez anos conforme os artigos 106 e 107 da Lei n 14.133
de 2021 observadas as condicoes quantidades exigencias e as especificacoes tecnicas 
estabelecidas neste Edital e seus apendices e anexos";Pode envolver implantação, operação, hardware ou desenvolvimento. Não presumir fornecimento apenas de assinatura.;Cadastro de busca oficial PNCP;https://pncp.gov.br/app/editais/77996312000121/2026/291;www.transparencia.pr.gov.br/pte/compras/licitacoes/pesquisar-param?numprocesso=1477&ano=2026&codmodalidade=68;;;77996312000121-1-000291/2026;;2026-10-05 16:00:03.288184;Não informado
Prazo aberto no cadastro PNCP;Sistema especializado / serviços;;MUNICIPIO DE ARACAJU;SEPLOG-Secretaria Municipal do Planejamento, Orçamento e Gestão de Aracaju-SE;Municipal;Aracaju;SE;Edital nº 74/2026;2026-10-16 09:00:00;2026-09-28 15:00:00;22302310.0;17618824.9;Pregão - Eletrônico;Sim;CONTRATAÇÃO DE EMPRESA ESPECIALIZADA EM APLICAÇÃO E ACOMPANHAMENTO PEDAGÓGICO ATRAVÉS DE ARTICULADORES TECNOLÓGICOS COM FORNECIMENTO, IMPLANTAÇÃO, CUSTOMIZAÇÃO E SUPORTE TÉCNICO DE SISTEMA INTELIGENTE DE APOIO À EDUCAÇÃO, CONFORME CONDIÇÕES, QUANTIDADES E EXIGÊNCIAS ESTABELECIDAS NESTE INSTRUMENTO, SOB A FORMA DE REGISTRO DE PREÇOS.;Pode envolver implantação, operação, hardware ou desenvolvimento. Não presumir fornecimento apenas de assinatura.;Cadastro de busca oficial PNCP;https://pncp.gov.br/app/editais/13128780004431/2026/93;https://aracajucompras.se.gov.br/publico/WKF.aspx?code=SEPLOG-PE0074/2026&validation=55967;;;13128780004431-1-000093/2026;;2026-09-28 12:35:05.737474;Não informado
Recebimento futuro anunciado;Hardware ou solução integrada;;MUNICIPIO DE PRESIDENTE BERNARDES;PREFEITURA MUNICIPAL;Municipal;Presidente Bernardes;SP;Edital nº 31 | Processo 2073/2026;2026-10-16 09:01:00;2026-10-16 09:00:00;5643000.0;4457970.0;Pregão - Eletrônico;Sim;Contratacao de empresa especializada para prestacao de servicos de implantacao  intermediacao e administracao de um sistema informatizado e integrado web on line real time  com utilizacao de sistema de gerenciamento e controle da manutencao preventiva e corretiva  servicos mecanicos  eletricos  lanternagem  pintura  lavagem  retifica de motores  alinhamento de direcao  balanceamento de rodas  trocas de oleos e filtros  guincho  borracharia  com fornecimento de pecas  pneus  baterias  produtos e acessorios de reposicao genuinos  dentre quaisquer outros servicos ou fornecimentos necessarios  da frota de veiculos  maquinas e equipamentos oficiais do Municipio de Presidente Bernardes SP  inclusive dos cedidos ao Municipio  com utilizacao de dispositivos denominados tags etiqueta com tecnologia rfid nfc ou similar  atraves de rede de estabelecimentos credenciados  em todo o territorio do Estado de Sao Paulo e ao longo do percurso ate Brasilia DF  Campo Grande MS e ate Curitiba PR  de acordo com as especificacoes e exigencias descritas no Termo de Referencia.;Pode envolver implantação, operação, hardware ou desenvolvimento. Não presumir fornecimento apenas de assinatura.;API oficial PNCP de propostas abertas (varredura por UF);https://pncp.gov.br/app/editais/55251185000107/2026/51; ;;;55251185000107-1-000051/2026;;2026-09-30 11:54:45;Não informado
Prazo aberto no cadastro PNCP;Sistema especializado / serviços;;MUNICIPIO DE BOCAIUVA;Prefeitura Municipal de Bocaiúva;Municipal;Bocaiúva;MG;Edital nº 65/2026;2026-10-16 09:29:00;2026-09-29 08:00:00;94800.0;74892.0;Pregão - Eletrônico;Não/não informado;[Portal de Compras Públicas] - CONTRATAÇÃO DE EMPRESA PARA LOCAÇÃO DE LICENÇA DE USO TEMPORÁRIO DE SISTEMA INTEGRADO DE GESTÃO EM SAÚDE PÚBLICA EM NUVEM, PARA ATENDER AS NECESSIDADES DA SECRETARIA MUNICIPAL DE SAÚDE;Pode envolver implantação, operação, hardware ou desenvolvimento. Não presumir fornecimento apenas de assinatura.;Cadastro de busca oficial PNCP;https://pncp.gov.br/app/editais/18803072000132/2026/96;https://www.portaldecompraspublicas.com.br/processos/MG/Prefeitura-Municipal-de-Bocaiuva-1325/PE-65-2026-2026-498399;;;18803072000132-1-000096/2026;;2026-07-23 15:51:16.026268;Não informado
Prazo aberto no cadastro PNCP;Sistema especializado / serviços;;MUNICIPIO DE PIEN;SECRETARIA DE ESPORTE, CULTURA E LAZER;Municipal;Piên;PR;Edital nº 76/2026;2026-10-16 09:29:45;2026-09-30 14:00:39;696384.59;550143.82;Pregão - Eletrônico;Sim;Registro de Preços para futura e eventual contratação de empresa(s) especializada(s) para fornecimento, locação, montagem, desmontagem, instalação, operação e suporte técnico de estruturas, equipamentos, materiais, premiações e serviços destinados à realização dos eventos institucionais, culturais, esportivos, turísticos, educacionais, comunitários e comemorativos promovidos pelo Município de Piên/PR;Pode envolver implantação, operação, hardware ou desenvolvimento. Não presumir fornecimento apenas de assinatura.;Cadastro de busca oficial PNCP;https://pncp.gov.br/app/editais/76002666000140/2026/261;;;;76002666000140-1-000261/2026;;2026-09-30 13:20:54.301782;Não informado
Prazo aberto no cadastro PNCP;Hardware ou solução integrada;Segurança/antivírus;DEFENSORIA PUBLICA DO ESTADO;EAP-DEFENSORIA PÚBLICA DO ESTADO DO AMAPÁ;Estadual;Macapá;AP;Edital nº 27/2026;2026-10-16 09:30:00;2026-10-05 08:00:00;13818774.76;10916832.06;Pregão - Eletrônico;Sim;Registro de Preços para eventual Contratação de solução de segurança de rede do tipo Next Generation Firewall (NGFW), compreendendo o fornecimento de licenças, equipamentos, software, garantia, suporte técnico especializado, atualizações, manutenção corretiva e evolutiva, bem como os serviços de instalação, configuração, migração de ambiente, treinamento e operação assistida, pelo período de 60 (sessenta) meses, visando assegurar a proteção da infraestrutura tecnológica, a disponibilidade dos serviços de rede, o controle de acessos, a prevenção e detecção de ameaças cibernéticas e o atendimento às necessidades de segurança da informação da instituição.;Pode envolver implantação, operação, hardware ou desenvolvimento. Não presumir fornecimento apenas de assinatura.;Cadastro de busca oficial PNCP;https://pncp.gov.br/app/editais/11762144000100/2026/17;https://cnetmobile.estaleiro.serpro.gov.br/comprasnet-web/public/compras/acompanhamento-compra?compra=92756005000272026;;;11762144000100-1-000017/2026;;2026-10-02 07:58:09.985430;Não informado
Prazo aberto no cadastro PNCP;Sistema especializado / serviços;;INSTITUTO DE PLANEJAMENTO E DESENVOLVIMENTO SUSTENTAVEL DE ARAXA;INSTITUTO DE PLANEJAMENTO E DESENVOLVIMENTO SUSTENTÁVEL DE ARAXÁ - IPDSA/MG;Municipal;Araxá;MG;Edital nº 001/2026;2026-10-16 09:30:00;2026-09-23 14:42:49;;;Pregão - Eletrônico;Não/não informado;[LICITANET] - Contratação de empresa especializada para prestação de serviços de administração, gerenciamento, emissão e fornecimento de cartões eletrônicos destinados à concessão do auxílio-alimentação aos servidores do Instituto de Planejamento e Desenvolvimento Sustentável de Araxá – IPDSA, mediante disponibilização de solução tecnológica para operacionalização dos créditos, gerenciamento eletrônico do benefício, aplicativo aos beneficiários, sistema informatizado de gestão, canais de atendimento, suporte técnico e demais serviços correlatos, conforme especificações constantes do Estudo Técnico Preliminar e do futuro Termo de Referência.;Pode envolver implantação, operação, hardware ou desenvolvimento. Não presumir fornecimento apenas de assinatura.;API oficial PNCP de propostas abertas (varredura por UF);https://pncp.gov.br/app/editais/06877670000177/2026/17;https://licitanet.com.br/sessao/202568;;;06877670000177-1-000017/2026;;2026-09-23 14:50:55;Não informado
Prazo aberto no cadastro PNCP;Sistema especializado / serviços;;INSTITUTO DE PREVIDENCIA DO MUNICIPIO DE JUNDIAI;IPREJUN;Municipal;Jundiaí;SP;Edital nº IPREJUN-2026-9-14/2026;2026-10-16 09:30:00;2026-09-30 10:00:00;133316.4;105319.95;Pregão - Eletrônico;Não/não informado;CONTRATACÃO DE LICENCA DE USO DE SOFTWARE ESPECIALIZADO EM ANÁLISE, ACOMPANHAMENTO E GESTÃO DE PRODUTOS E CARTEIRA DE INVESTIMENTOS.;Pode envolver implantação, operação, hardware ou desenvolvimento. Não presumir fornecimento apenas de assinatura.;Cadastro de busca oficial PNCP + itens oficiais + detalhe da contratação;https://pncp.gov.br/app/editais/05507216000161/2026/53;https://compraaberta.jundiai.sp.gov.br/licitacoes/;https://pncp.gov.br/pncp-api/v1/orgaos/05507216000161/compras/2026/53/arquivos/1;;05507216000161-1-000053/2026;;2026-09-29 12:24:25.184654;Não informado
Prazo aberto no cadastro PNCP;Hardware ou solução integrada;;SAO PAULO PREVIDENCIA - SPPREV;ESP - SPPREV - ADMINISTRACAO;Estadual;São Paulo;SP;Edital nº 85/2026;2026-10-16 09:30:00;2026-10-05 08:00:00;;;Pregão - Eletrônico;Sim;Contratação, via sistema de registro de preços, para a aquisição futura de equipamentos de rede sem fio corporativa (access points wi-fi) com software/plataforma de gerenciamento centralizado inclusos, contemplando mapeamento de cobertura wi-fi (preditivo site survey e pós-instalação), instalação, configuração e transferência de conhecimento/treinamento para a equipe de suporte da São Paulo Previdência;Pode envolver implantação, operação, hardware ou desenvolvimento. Não presumir fornecimento apenas de assinatura.;API oficial PNCP de propostas abertas (varredura por UF);https://pncp.gov.br/app/editais/09041213000136/2026/53;https://cnetmobile.estaleiro.serpro.gov.br/comprasnet-web/public/compras/acompanhamento-compra?compra=53230205000852026;;;09041213000136-1-000053/2026;;2026-10-02 15:29:31;Não informado
Prazo aberto no cadastro PNCP;Hardware ou solução integrada;;RIO GRANDE DO NORTE SECRETARIA DA ADMINISTRACAO;ERN - SECRETARIA DE ESTADO DA ADMINISTRAÇÃO;Estadual;Natal;RN;Edital nº 210/2026;2026-10-16 10:00:00;2026-09-29 08:00:00;1359538.0;1074035.02;Pregão - Eletrônico;Não/não informado;ONTRATAÇÃO DE EMPRESA ESPECIALIZADA PARA FORNECIMENTO DE RENOVAÇÃO DE SUPORTE TÉCNICO PARA 02 EQUIPAMENTOS DE ARMAZENAMENTO DE DADOS STORAGES (HUAWEI OCEANSTOR DORADO), COM OS SEGUINTES SERIAIS SN: 2102353AUKTLL9000004 E 2102353AUKTLL9000003;Pode envolver implantação, operação, hardware ou desenvolvimento. Não presumir fornecimento apenas de assinatura.;Cadastro de busca oficial PNCP;https://pncp.gov.br/app/editais/08241788000130/2026/109;https://cnetmobile.estaleiro.serpro.gov.br/comprasnet-web/public/compras/acompanhamento-compra?compra=92553805002102026;;;08241788000130-1-000109/2026;;2026-09-28 10:42:48.933629;Não informado
Prazo aberto no cadastro PNCP;Hardware ou solução integrada;;MINISTERIO DAS COMUNICACOES;TELECOMUNICAÇÕES BRASILEIRAS S.A.;Federal;Brasília;DF;Edital nº 40/2026;2026-10-16 10:00:00;2026-09-24 08:00:00;;;Pregão - Eletrônico;Sim;Contratação, por meio de Ata de Registro de Preços, de aquisição de servidores, licenciamento de software de virtualização, equipamentos de rede e prestação de serviços de suporte e garantia, para atender as necessidades da Telebras, de acordo com as especificações e quantidades estimadas constantes do Termo de Referência e seus Anexos.;Pode envolver implantação, operação, hardware ou desenvolvimento. Não presumir fornecimento apenas de assinatura.;Cadastro de busca oficial PNCP;https://pncp.gov.br/app/editais/37753638000103/2026/90;https://cnetmobile.estaleiro.serpro.gov.br/comprasnet-web/public/compras/acompanhamento-compra?compra=92515005000402026;;;37753638000103-1-000090/2026;;2026-09-23 11:15:21.608718;Não informado
Prazo aberto no cadastro PNCP;Sistema especializado / serviços;;MUNICIPIO DE NOVA OLIMPIA;MUNICÍPIO DE NOVA OLÍMPIA/MT;Municipal;Nova Olímpia;MT;Edital nº 022/2026;2026-10-19 06:00:00;2026-09-30 17:00:00;11756.0;9287.24;Pregão - Eletrônico;Não/não informado;CONTRATAÇÃO DE SOLUÇÃO INTEGRADA EM TELEFONIA IP COM PABX EM NUVEM (SAAS – SOFTWARE AS A SERVICE) SOB O REGIME DE COMODATO DE EQUIPAMENTOS, VISANDO MODERNIZAÇÃO COMPLETA DA INFRAESTRUTURA DE TELECOMUNICAÇÕES DA A CONTRATAÇÃO ABRANGE A DISPONIBILIZAÇÃO DE LICENÇAS DE RAMAIS EM NUVEM, FORNECIMENTO DE APARELHOS TELEFÔNICOS IP (EM REGIME DE COMODATO), INSTALAÇÃO, CONFIGURAÇÃO, SUPORTE TÉCNICO E MANUTENÇÃO CONTINUA DA ADMINISTRAÇÃO MUNICIPAL DE NOVA OLIMPIA/MT;Pode envolver implantação, operação, hardware ou desenvolvimento. Não presumir fornecimento apenas de assinatura.;Cadastro de busca oficial PNCP;https://pncp.gov.br/app/editais/03238920000130/2026/39;https://bllcompras.com/Process/ProcessView?param1=[gkz]K7yJLlw_q5klfO302Q0OX3nDYwCTRwDnqp16m4uhvAgdYq1Xv8CLSD0JcAxSJyDw9GhgNW6ywJQ/70NWhtlXNdHf9POnJXhM3zqBnzMixkg=;;;03238920000130-1-000039/2026;;2026-09-30 10:34:57.966795;Não informado
Prazo aberto no cadastro PNCP;Sistema especializado / serviços;;MINISTERIO DA CIENCIA, TECNOLOGIA E INOVACOES;CENTRO DE TECNOLOGIAS ESTRATÉGICAS DO NORDEST;Federal;Recife;PE;Edital nº 116/2026;2026-10-19 08:00:00;2026-10-06 08:00:00;721610.0;570071.9;Pregão - Eletrônico;Não/não informado;Contratação de empresa especializada para fornecimento, instalação, configuração, integração, testes e comissionamento de solução integrada de áudio, vídeo, streaming, iluminação e automação para o Auditório Ivon Fittipaldi do CETENE.;Pode envolver implantação, operação, hardware ou desenvolvimento. Não presumir fornecimento apenas de assinatura.;Cadastro de busca oficial PNCP;https://pncp.gov.br/app/editais/01263896000164/2026/700;https://cnetmobile.estaleiro.serpro.gov.br/comprasnet-web/public/compras/acompanhamento-compra?compra=24013705001162026;;;01263896000164-1-000700/2026;;2026-10-05 04:04:55.767271;Não informado
Prazo aberto no cadastro PNCP;Sistema especializado / serviços;;PODER JUDICIARIO;TRIBUNAL DE JUSTIÇA DO ESTADO DO ACRE;Estadual;Rio Branco;AC;Edital nº 32/2026;2026-10-19 08:00:00;2026-10-01 10:00:00;1416600.22;1119114.17;Pregão - Eletrônico;Sim;Aquisição de licenças perpétuas e a prestação de serviços técnicos especializados para uma solução de gestão, automação e auditoria de usuários no ambiente Active Directory do Poder Judiciário do Estado do Acre (PJAC). A solução deve abranger o fornecimento de licenciamento da suíte ManageEngine AD360 (incluindo os módulos ADManager Plus, ADAuditPlus, DSelfService Plus e GRC), serviços de instalação, configuração, treinamento especializado, suporte técnico e manutenção pelo período de 36 meses.;Pode envolver implantação, operação, hardware ou desenvolvimento. Não presumir fornecimento apenas de assinatura.;Cadastro de busca oficial PNCP;https://pncp.gov.br/app/editais/04034872000121/2026/135;https://cnetmobile.estaleiro.serpro.gov.br/comprasnet-web/public/compras/acompanhamento-compra?compra=92550905000322026;;;04034872000121-1-000135/2026;;2026-09-30 09:07:33.989904;Não informado
Prazo aberto no cadastro PNCP;Sistema especializado / serviços;;SENADO FEDERAL;SENADO FEDERAL;Federal;Brasília;DF;Aviso de Contratação Direta nº 261/2026;2026-10-19 08:00:00;2026-10-08 08:00:00;41357.4;32672.34;Dispensa;Não/não informado; Contratação de prestação de serviço de suporte técnico para o Sistema Axia da Rádio Senado;Pode envolver implantação, operação, hardware ou desenvolvimento. Não presumir fornecimento apenas de assinatura.;API oficial PNCP de propostas abertas (varredura por UF);https://pncp.gov.br/app/editais/00530279000115/2026/336;https://cnetmobile.estaleiro.serpro.gov.br/comprasnet-web/public/compras/acompanhamento-compra?compra=02000106002612026;;;00530279000115-1-000336/2026;;2026-10-05 12:00:23;Não informado
Prazo aberto no cadastro PNCP;Sistema especializado / serviços;;MUNICIPIO DE ANICUNS;PREFEITURA MUNICIPAL DE ANICUNS;Municipal;Anicuns;GO;Edital nº (11229) | 62-0/2026;2026-10-19 08:00:00;2026-09-28 10:00:00;40016.66;31613.16;Pregão - Eletrônico;Não/não informado;SOLICITA  A CONTRATAÇÃO DE SERVIÇOS TÉCNICOS ESPECIALIZADOS PARA O FORNECIMENTO DE LICENÇA DE USO TEMPORARIO DE SISTEMA INFORMATIZADO INTEGRADO PARA GESTÃO E CONFORMIDADE FISCAL MUNICIPAL EM NUVEM (SaaS), CONTEMPLANDO INTELIGÊNCIA FISCAL, PAINÉS EXECULTIVOS, VALIDADOR DE DEMONSTRATIVOS, MONITORAMENTO DE ADIMPLÊNCIA E INTELIGÊNCIA ARTIFICIAL SETORIAL, COM ACESSO VIA WEB E POR APLICATIVO MÓVEL ( ANDROID E iOS ), VISANDO ATENDER ÀS NECESSIDADES DA ADMINISTRAÇÃO MUNICIPAL DE ANICUNS;Pode envolver implantação, operação, hardware ou desenvolvimento. Não presumir fornecimento apenas de assinatura.;Cadastro de busca oficial PNCP + itens oficiais + detalhe da contratação;https://pncp.gov.br/app/editais/02262368000153/2026/155;;https://pncp.gov.br/pncp-api/v1/orgaos/02262368000153/compras/2026/155/arquivos/1;;02262368000153-1-000155/2026;;2026-09-28 08:37:04.574934;Não informado
Prazo aberto no cadastro PNCP;Sistema especializado / serviços;;MUNICIPIO DE ATILIO VIVACQUA;PREFEITURA MUNICIPAL DE ATÍLIO VIVÁCQUA;Municipal;Atílio Vivácqua;ES;Edital nº 9/2026;2026-10-19 08:09:00;2026-10-02 08:00:00;373074.0;294728.46;Pregão - Eletrônico;Não/não informado;CONTRATAÇÃO DE EMPRESA PARA LICENCIAMENTO DE USO DE SOFTWARES DE GESTÃO PÚBLICA NA ÁREA DA ADMINISTRAÇÃO TRIBUTÁRIA, INCLUINDO OS MÓDULOS: PROTESTO, REDESIM, NOTA FISCAL DE SERVIÇOS ELETRÔNICA–NFE (APENAS O MÓDULO DE APURAÇÃO DO ISS), E, DECLARAÇÃO ELETRÔNICA DE TOMADOR E PRESTADOR DE SERVIÇOS, compreendendo a prestação dos serviços técnicos especializados de instalação, implantação, conversão e migração de dados, parametrização, adaptação e ajustes da solução, treinamento de usuários e do corpo técnico de informática, suporte técnico, manutenção legal, corretiva e evolutiva, constituindo uma solução integrada para o atendimento do Núcleo de Tributação e Arrecadação da Secretaria Municipal de Administração e Finanças – SEMAF.;Pode envolver implantação, operação, hardware ou desenvolvimento. Não presumir fornecimento apenas de assinatura.;Cadastro de busca oficial PNCP;https://pncp.gov.br/app/editais/27165620000137/2026/89;;;;27165620000137-1-000089/2026;;2026-10-01 08:23:57.611970;Não informado
Prazo aberto no cadastro PNCP;Hardware ou solução integrada;;MUNICIPIO DE JAPIRA;PREFEITURA MUNICIPAL DE JAPIRA - PR;Municipal;Japira;PR;Edital nº 30/2026;2026-10-19 08:30:00;2026-10-05 10:00:00;1328425.8;1049456.38;Pregão - Eletrônico;Sim;REGISTRO DE PREÇOS - CONTRATAÇÃO DE SOLUÇÃO TECNOLÓGICA INTEGRADA DESTINADA AO ATENDIMENTO DAS NECESSIDADES DE CONECTIVIDADE, COMUNICAÇÃO INSTITUCIONAL, TELEFONIA CORPORATIVA, ATENDIMENTO DIGITAL, AUTOMAÇÃO POR INTELIGÊNCIA ARTIFICIAL E MONITORAMENTO ELETRÔNICO DA ADMINISTRAÇÃO, FORNECIMENTO DE EQUIPAMENTOS EM REGIME DE COMODATO, LICENCIAMENTO DE PLATAFORMAS, INSTALAÇÃO, IMPLANTAÇÃO, CONFIGURAÇÃO, SUPORTE TÉCNICO, MANUTENÇÃO PREVENTIVA E COCORRETIVA, SUBSTITUIÇÃO DE EQUIPAMENTOS.;Pode envolver implantação, operação, hardware ou desenvolvimento. Não presumir fornecimento apenas de assinatura.;Cadastro de busca oficial PNCP;https://pncp.gov.br/app/editais/75969881000152/2026/82;https://bllcompras.com/Process/ProcessView?param1=[gkz]N4Mj8T4zR3BrrFxtoXItot9qgYixNGkVkIWWt1B89rK9nihMLfN/FLw8tntYjXoTwxwmoZ60kK/pBXICaqHyglhUxwhO8ahvRXIcsvT2KuI=;;;75969881000152-1-000082/2026;;2026-10-02 16:44:51.140141;Não informado
Prazo aberto no cadastro PNCP;Sistema especializado / serviços;;SERVICO AUTONOMO DE AGUA E ESGOTO;Serviço Autônomo de Água e Esgoto de Pirapora;Municipal;Pirapora;MG;Edital nº 52/2026;2026-10-19 08:59:00;2026-09-23 09:00:00;122587.99;96844.51;Pregão - Eletrônico;Não/não informado;Contratação de empresa especializada para fornecimento de Solução GIS Integrada voltada ao setor de saneamento, com Gestão de cadastro georreferenciado de redes, usuários, hidrômetros, e demais componentes do cadastro técnico, bem como gestão de ordens de serviço online. Será adotada a modalidade de contratação de Software como Serviço (Saas), contemplando todos os serviços referentes à migração, integração, hospedagem, configuração do software, comprovação e manutenção de sua consistência, suporte a usuários, gestão da base de dados, e rotinas de backup, conforme especificações e exigências deste Termo de Referência;Pode envolver implantação, operação, hardware ou desenvolvimento. Não presumir fornecimento apenas de assinatura.;Cadastro de busca oficial PNCP;https://pncp.gov.br/app/editais/23535271000147/2026/50;;;;23535271000147-1-000050/2026;;2026-09-23 15:07:17.403110;Não informado
Prazo aberto no cadastro PNCP;Hardware ou solução integrada;;AGENCIA REGULADORA DE SERVICOS PUBLICOS DO MUNICIPIO DE SAO PAULO SP REGULA;PMSP - AGÊNCIA REGIONAL DE SERVIÇOS PÚBLICOS;Municipal;São Paulo;SP;Edital nº 51/2026;2026-10-19 08:59:00;2026-10-02 08:00:00;781386.24;617295.12;Pregão - Eletrônico;Não/não informado;"O presente Termo de Referência tem como objeto Contratação de empresa especializada na prestação de serviços de impressão, digitalização de documentos e reprografia corporativa (outsourcing de impressão), com disponibilização, instalação e manutenção de 10 (dez) equipamentos físicos — sendo 9 (nove) multifuncionais policromáticas A3 e 1 (uma) impressora de cartões —, instalação de
software de gerenciamento e bilhetagem, inventário, contabilização e prestação de serviços de manutenção preventiva e corretiva, com substituição de peças, componentes e materiais, fornecimento e reposição de suprimentos e consumíveis novos, originais ou homologados/certificados pelo fabricante dos equipamentos, inclusive papel, cartões PVC e ribbons, pelo prazo de 48 (quarenta e oito)
meses, para atender à Agência Reguladora de Serviços Públicos do Município de São Paulo – SP Regula, com fundamento na Lei Federal nº 14.133/2021.";Pode envolver implantação, operação, hardware ou desenvolvimento. Não presumir fornecimento apenas de assinatura.;Cadastro de busca oficial PNCP;https://pncp.gov.br/app/editais/41814509000155/2026/17;https://cnetmobile.estaleiro.serpro.gov.br/comprasnet-web/public/compras/acompanhamento-compra?compra=92872805000512026;;;41814509000155-1-000017/2026;;2026-10-01 17:43:40.840585;Não informado
Prazo aberto no cadastro PNCP;Sistema especializado / serviços;;MUNICIPIO DE BROTAS DE MACAUBAS;PREFEITURA MUNICIPAL DE BROTAS DE MACAUBAS-BA;Municipal;Brotas de Macaúbas;BA;Edital nº 4/2026;2026-10-19 09:00:00;2026-10-02 08:00:00;142083.96;112246.32;Pregão - Eletrônico;Não/não informado;Contratação de empresa especializada em locação de software e cessão de direito de uso de Sistemas Integrados de Gestão Pública, operados exclusivamente em ambiente online, visando atender às necessidades do município de Brotas de Macaúbas – BA;Pode envolver implantação, operação, hardware ou desenvolvimento. Não presumir fornecimento apenas de assinatura.;Cadastro de busca oficial PNCP;https://pncp.gov.br/app/editais/13797600000174/2026/19;https://cnetmobile.estaleiro.serpro.gov.br/comprasnet-web/public/compras/acompanhamento-compra?compra=98338905000042026;;;13797600000174-1-000019/2026;;2026-08-17 09:04:20.596802;Não informado
Recebimento futuro anunciado;Sistema especializado / serviços;;MUNICIPIO DE SALVADOR;SEMIT - SEC. MUN. DE INOVAçãO E TECNOLOGIA;Municipal;Salvador;BA;Edital nº 015/2026/2026;2026-10-19 09:00:00;2026-10-16 08:00:00;3674429.5;2902799.3;Pregão - Eletrônico;Sim;Contratação, através do sistema de Registro de Preços de empresa especializada em telecomunicações para prestação, sob demanda, de Serviços de Comunicação de Dados, mediante fornecimento de links de acesso à internet via Satélite de Baixa Órbita - LEO, nas modalidades fixa e móvel, incluindo a disponibilização dos equipamentos necessários em regime de locação, instalação, configuração, ativação, suporte técnico e manutenção, para atendimento às necessidades dos diversos órgãos e entidades da Prefeitura Municipal de Salvador, conforme condições, quantidades e exigências estabelecidas no Termo de Referência.;Pode envolver implantação, operação, hardware ou desenvolvimento. Não presumir fornecimento apenas de assinatura.;Cadastro de busca oficial PNCP;https://pncp.gov.br/app/editais/13927801000149/2026/254;https://licitacoes-e2.bb.com.br/aop-inter-estatico/visualizar-processo-publico/1101974;;;13927801000149-1-000254/2026;;2026-10-05 18:31:48.133674;Não informado
Prazo aberto no cadastro PNCP;Hardware ou solução integrada;;MUNICIPIO DE PRUDENTE DE MORAIS;Unidade Unica;Municipal;Prudente de Morais;MG;Edital nº 46/2026;2026-10-19 09:00:00;2026-10-06 09:00:00;296400.0;234156.0;Pregão - Eletrônico;Sim;Contratação  de serviços de reprografia, com disponibilização, em regime de comodato, de máquinas multifuncionais (impressoras, copiadoras e equipamentos com software de gerenciamento de impressão);Pode envolver implantação, operação, hardware ou desenvolvimento. Não presumir fornecimento apenas de assinatura.;Cadastro de busca oficial PNCP;https://pncp.gov.br/app/editais/18314625000193/2026/110;https://app2.licitardigital.com.br/pesquisa/115709;;;18314625000193-1-000110/2026;;2026-10-06 15:29:11.697274;Não informado
Prazo aberto no cadastro PNCP;Hardware ou solução integrada;;ESTADO DO PARA;EPA - POLÍCIA MILITAR DO PARÁ;Estadual;Belém;PA;Edital nº 13/2026;2026-10-19 09:00:00;2026-10-02 08:00:00;321206.4;253753.05;Pregão - Eletrônico;Não/não informado;Contratação de empresa especializada na prestação continuada do serviço de conectividade de dados via satélite de Órbita Baixa (LEO – Constelação Starlink), mediante assinatura/subscrição mensal, com franquia ilimitada em mobilidade terrestre e navegação costeira nacional, sem fornecimento de equipamentos, a fim de serem empregados nas unidades da Polícia Militar do Pará.;Pode envolver implantação, operação, hardware ou desenvolvimento. Não presumir fornecimento apenas de assinatura.;Cadastro de busca oficial PNCP;https://pncp.gov.br/app/editais/05054861000176/2026/91;https://cnetmobile.estaleiro.serpro.gov.br/comprasnet-web/public/compras/acompanhamento-compra?compra=92580905000132026;;;05054861000176-1-000091/2026;;2026-10-01 12:23:49.366257;Não informado
Prazo aberto no cadastro PNCP;Sistema especializado / serviços;;MUNICIPIO DE FRANCISCO DANTAS;Prefeitura Municipal de Francisco Dantas;Municipal;Francisco Dantas;RN;Edital nº 91017/2026/2026;2026-10-19 09:00:00;2026-10-02 08:00:00;7983710.3;6307131.13;Pregão - Eletrônico;Sim;Contratação de empresa para Licença de Uso de Sistema de Gestão Pública, inclusos serviços de migração base de dados, implantação, capacitação, suporte técnico, manutenção legal e corretiva e provimento de data center para o município de Francisco Dantas, conforme condições, quantidades e exigências estabelecidas neste Edital e seus anexos.;Pode envolver implantação, operação, hardware ou desenvolvimento. Não presumir fornecimento apenas de assinatura.;Cadastro de busca oficial PNCP;https://pncp.gov.br/app/editais/08148439000178/2026/55;;;;08148439000178-1-000055/2026;;2026-10-01 12:20:32.948058;Não informado
Prazo aberto no cadastro PNCP;Sistema especializado / serviços;;MUNICIPIO DE AMERICO BRASILIENSE;DEPARTAMENTO DE ADMINISTRAÇÃO;Municipal;Américo Brasiliense;SP;Edital nº PCE 22/2026;2026-10-19 09:00:00;2026-10-02 09:00:00;840000.0;663600.0;Pregão - Eletrônico;Não/não informado;"contratação de empresa especializada
para disponibilização de software 100% WEB, em modelo Software as a Service - SaaS,
destinado à comunicação interna e externa, gestão eletrônica de documentos e processos
administrativos, central de atendimento, protocolo eletrônico, gerenciamento de atividades,
assinaturas eletrônicas, tramitação de atos oficiais e demais funcionalidades";Pode envolver implantação, operação, hardware ou desenvolvimento. Não presumir fornecimento apenas de assinatura.;Cadastro de busca oficial PNCP + itens oficiais + detalhe da contratação;https://pncp.gov.br/app/editais/43976166000150/2026/84;;https://pncp.gov.br/pncp-api/v1/orgaos/43976166000150/compras/2026/84/arquivos/1;https://pncp.gov.br/pncp-api/v1/orgaos/43976166000150/compras/2026/84/arquivos/5;43976166000150-1-000084/2026;;2026-09-30 09:17:36.258009;Não informado
Prazo aberto no cadastro PNCP;Sistema especializado / serviços;;CONDERG - CONS. DE DESENV. - HOSPITAL DIVINOLÂNDIA;CONSÓRCIO DE DESENVOLVIMENTO DA REGIÃO DE GOVERNO DE SÃO JOÃO DA BOA VISTA;Municipal;Divinolândia;SP;Edital nº 39/2026;2026-10-19 09:00:00;2026-10-02 09:00:00;184885.25;146059.34;Pregão - Eletrônico;Não/não informado;[Portal de Compras Públicas] - CONTRATAÇÃO DE EMPRESA ESPECIALIZADA NA PRESTAÇÃO DE SERVIÇOS DE FORNECIMENTO, IMPLANTAÇÃO, CUSTOMIZAÇÃO, TREINAMENTO, SUPORTE TÉCNICO E MANUTENÇÃO DE SISTEMA INFORMATIZADO PARA GESTÃO INTEGRADA E ESPECIALIZADA DA SAÚDE PÚBLICA DO CONDERG - SÃO SEBASTIÃO DA GRAMA;Pode envolver implantação, operação, hardware ou desenvolvimento. Não presumir fornecimento apenas de assinatura.;Cadastro de busca oficial PNCP + itens oficiais + detalhe da contratação;https://pncp.gov.br/app/editais/52356268000245/2026/56;https://www.portaldecompraspublicas.com.br/processos/SP/CONSORCIO-DE-DESENVOLVIMENTO-DA-REGIAO-DE-GOVERNO-DE-SAO-JOAO-DA-BOA-VISTA-2252/PE-39-2026-2026-511120;https://pncp.gov.br/pncp-api/v1/orgaos/52356268000245/compras/2026/56/arquivos/1;;52356268000245-1-000056/2026;;2026-10-02 08:20:55.184073;Não informado
Prazo aberto no cadastro PNCP;Sistema especializado / serviços;;CONDERG - CONS. DE DESENV. - HOSPITAL DIVINOLÂNDIA;CONSÓRCIO DE DESENVOLVIMENTO DA REGIÃO DE GOVERNO DE SÃO JOÃO DA BOA VISTA;Municipal;Divinolândia;SP;Edital nº 48/2026;2026-10-19 09:00:00;2026-10-02 09:00:00;131295.7;103723.6;Pregão - Eletrônico;Não/não informado;[Portal de Compras Públicas] - CONTRATAÇÃO DE EMPRESA ESPECIALIZADA NA PRESTAÇÃO DE SERVIÇOS DE FORNECIMENTO, IMPLANTAÇÃO, CUSTOMIZAÇÃO, TREINAMENTO, SUPORTE TÉCNICO E MANUTENÇÃO DE SISTEMA INFORMATIZADO PARA GESTÃO INTEGRADA E ESPECIALIZADA DA SAÚDE PÚBLICA DO CONDERG - AGUAÍ.;Pode envolver implantação, operação, hardware ou desenvolvimento. Não presumir fornecimento apenas de assinatura.;API oficial PNCP de propostas abertas (varredura por UF) + itens oficiais + detalhe da contratação;https://pncp.gov.br/app/editais/52356268000245/2026/1;https://www.portaldecompraspublicas.com.br/processos/SP/CONSORCIO-DE-DESENVOLVIMENTO-DA-REGIAO-DE-GOVERNO-DE-SAO-JOAO-DA-BOA-VISTA-2252/PE-48-2026-2026-513856;https://pncp.gov.br/pncp-api/v1/orgaos/52356268000245/compras/2026/1/arquivos/1;;52356268000245-1-000001/2026;;2026-01-21 10:54:51;Não informado
Prazo aberto no cadastro PNCP;Sistema especializado / serviços;;CONSORCIO INTERMUNICIPAL DE SAUDE 8 DE ABRIL;Consórcio 8 de Abril;Não se aplica;Mogi Mirim;SP;Edital nº R-8/2026;2026-10-19 09:00:00;2026-10-02 09:00:00;352899.32;278790.46;Pregão - Eletrônico;Não/não informado;Contratação de pessoa jurídica especializada para prestação de serviços através de solução tecnológica SaaS, com interface web, sob o regime de locação/direito de uso, destinada a capitação por meio de credenciamento eletrônico de mão de obra especializada em saúde, para desempenhar atividades pertinentes ao atendimento em consultas, exames, procedimentos cirurgias e internações, bem como permitir a condução das etapas necessárias para sua consecução, compreendendo as seguintes soluções: Controle de acesso, comunicação interna, credenciamento e publicação junto ao PNCP, busca automática de CND’s junto a órgãos públicos, contrato de prestadores, assinatura de documentos por certificado digital padrão ICP-Brasil, cadastros, tabela de serviços, agendas médicas, controle de registro de atendimento médico por geolocalização, financeiro, fila de espera, regulação, agendamento, controle de atendimento médico ao paciente por reconhecimento biométrico facial, faturamento completo para prestadores e Municípios com geração de espelho de nota e emissão de nota fiscal, prontuário eletrônico, mecanismo de suporte eletrônico ao usuário, notificações ao paciente, conectividade (integração, importação e exportação) para o ministério da saúde, relatórios, gráficos, interfaces de conexão, cadastro e controle de pacientes integrados à RNDS, envio de mensagem de agendamento ao paciente, controle de transporte eletivo de pacientes, bem como migração de dados, implantação, suporte técnico, manutenção, rotinas de backup, treinamentos e atualizações, para atendimento ao Consórcio Intermunicipal de Saúde 8 de Abril.;Pode envolver implantação, operação, hardware ou desenvolvimento. Não presumir fornecimento apenas de assinatura.;Cadastro de busca oficial PNCP;https://pncp.gov.br/app/editais/08996378000107/2026/117;;;;08996378000107-1-000117/2026;;2026-10-01 16:31:00.374189;Não informado
Prazo aberto no cadastro PNCP;Hardware ou solução integrada;"Adobe; Canva; CorelDRAW; Microsoft; Autodesk/AutoCAD/Revit; SketchUp; Engenharia/CAD (outros)";COMANDO DA AERONAUTICA;ACADEMIA DA FORCA AEREA;Federal;Pirassununga;SP;Edital nº 113/2026;2026-10-19 09:00:00;2026-10-06 08:00:00;497912.0;393350.48;Pregão - Eletrônico;Sim;Aquisição de Licenças para Softwares;Pode envolver implantação, operação, hardware ou desenvolvimento. Não presumir fornecimento apenas de assinatura.;Cadastro de busca oficial PNCP + itens oficiais + detalhe da contratação;https://pncp.gov.br/app/editais/00394429000100/2026/2478;https://cnetmobile.estaleiro.serpro.gov.br/comprasnet-web/public/compras/acompanhamento-compra?compra=12006005001132026;https://pncp.gov.br/pncp-api/v1/orgaos/00394429000100/compras/2026/2478/arquivos/7;https://pncp.gov.br/pncp-api/v1/orgaos/00394429000100/compras/2026/2478/arquivos/8;00394429000100-1-002478/2026;;2026-09-25 04:00:12.277161;Não informado
Prazo aberto no cadastro PNCP;Sistema especializado / serviços;;MUNICIPIO DE ESPIRITO SANTO DO DOURADO;SECRET. MUN. ADM. E PLANEJ., FINANCAS, CONTAB. E GESTAO FISCAL, RH E ASSUNTOS INT. E OUVIDORIA;Municipal;Espírito Santo do Dourado;MG;Edital nº 35/2026;2026-10-19 09:00:42;2026-09-30 08:00:42;;;Pregão - Presencial;Não/não informado;Contratação de empresa especializada para cessão temporária de direito de uso de sistema de arrecadação e gestão de água e esgoto, incluindo implantação, migração de dados, treinamento, aplicativos, atualizações e suporte técnico, em atendimento às necessidades do Município de Espírito Santo do Dourado/MG.;Pode envolver implantação, operação, hardware ou desenvolvimento. Não presumir fornecimento apenas de assinatura.;API oficial PNCP de propostas abertas (varredura por UF);https://pncp.gov.br/app/editais/18675900000102/2026/172;https://imaq.diretriz.net;;;18675900000102-1-000172/2026;;2026-09-29 10:58:31;Não informado
Prazo aberto no cadastro PNCP;Sistema especializado / serviços;;MUNICIPIO DE SANTA CRUZ;Prefeitura Municipal de Santa Cruz;Municipal;Santa Cruz;RN;Edital nº 46/2026;2026-10-19 09:30:00;2026-10-01 08:00:00;739288.33;584037.78;Pregão - Eletrônico;Não/não informado;[Portal de Compras Públicas] - CONTRATAÇÃO DE EMPRESA ESPECIALIZADA PARA O DESENVOLVIMENTO, INSTALAÇÃO, PARAMETRIZAÇÃO, INTEGRAÇÃO E TESTES DE SOFTWARE DE COMANDO CONTROLE, SUPERVISÃO E SEGURANÇA OPERACIONAL DO TELEFÉRICO DE CABINES DO MUNICÍPIO DE SANTA CRUZ/RN.;Pode envolver implantação, operação, hardware ou desenvolvimento. Não presumir fornecimento apenas de assinatura.;Cadastro de busca oficial PNCP;https://pncp.gov.br/app/editais/08358889000195/2026/167;https://www.portaldecompraspublicas.com.br/processos/RN/Prefeitura-Municipal-de-Santa-Cruz-1190/PE-46-2026-2026-512417;;;08358889000195-1-000167/2026;;2026-09-18 09:42:13.948735;Não informado
Prazo aberto no cadastro PNCP;Sistema especializado / serviços;;FUNDACAO ESCOLA NACIONAL DE ADMINISTRACAO PUBLICA;ENAP-ESCOLA NACIONAL DE ADM.PUBLICA/DF;Federal;Brasília;DF;Edital nº 56/2026;2026-10-19 10:00:00;2026-10-01 08:30:00;841285.34;664615.41;Pregão - Eletrônico;Não/não informado;Serviços de desenvolvimento, manutenção, sustentação, testes de software seguindo práticas ágeis, conforme DFD.;Pode envolver implantação, operação, hardware ou desenvolvimento. Não presumir fornecimento apenas de assinatura.;Cadastro de busca oficial PNCP;https://pncp.gov.br/app/editais/00627612000109/2026/196;https://cnetmobile.estaleiro.serpro.gov.br/comprasnet-web/public/compras/acompanhamento-compra?compra=11470205000562026;;;00627612000109-1-000196/2026;;2026-10-01 06:12:10.143034;Não informado
Prazo aberto no cadastro PNCP;Sistema especializado / serviços;;MUNICIPIO DE SAO JOSE DO ALEGRE;PREFEITURA MUNICIPAL DE SÃO JOSÉ DO ALEGRE;Municipal;São José do Alegre;MG;Edital nº 125/2026;2026-10-19 10:00:00;2026-10-02 17:00:00;139200.0;109968.0;Pregão - Eletrônico;Não/não informado;PRESTAÇÃO DE SERVIÇOS COM CESSÃO DE DIREITO DE USO DE SISTEMA INFORMATIZADO INTEGRADODE GESTÃO ORÇAMENTÁRIA, FINANCEIRA E ADMINISTRATIVA, DESTINADO AO ATENDIMENTO DA PREFEITURAMUNICIPAL DE SÃO JOSÉ DO ALEGRE, CONTEMPLANDO OS MÓDULOS DE PLANEJAMENTO E ORÇAMENTO,CONTABILIDADE PÚBLICA, TESOURARIA, PATRIMÔNIO, ALMOXARIFADO, COMPRAS, LICITAÇÕES E CONTRATOS,CONTROLE DE FROTA, RECURSOS HUMANOS, FOLHA DE PAGAMENTO, TRIBUTAÇÃO MUNICIPAL, NOTA FISCALDE SERVIÇOS ELETRÔNICA (NFS-E), PROTOCOLO E CONTROLE DE ;Pode envolver implantação, operação, hardware ou desenvolvimento. Não presumir fornecimento apenas de assinatura.;Cadastro de busca oficial PNCP;https://pncp.gov.br/app/editais/18025999000199/2026/106;;;;18025999000199-1-000106/2026;;2026-10-02 16:37:10.421751;Não informado
Prazo aberto no cadastro PNCP;Hardware ou solução integrada;;MINISTERIO PUBLICO DO ESTADO DO RIO DE JANEIRO;ERJ-MINISTÉRIO PUBLICO ESTADO RIO DE JANEIRO;Estadual;Rio de Janeiro;RJ;Edital nº 316/2026;2026-10-19 13:00:00;2026-10-06 08:00:00;53483266.24;42251780.32;Pregão - Eletrônico;Não/não informado; Aquisição de solução de Infraestrutura Hiperconvergente de Datacenter, contemplando o fornecimento de hardware, software de virtualização, switches, racks e solução de armazenamento, com garantia e suporte por 36 (trinta e seis) meses, incluindo ainda serviços de implantação, migração e treinamento, conforme condições, quantidades e exigências estabelecidas no Anexo I do Edital da Licitação.;Pode envolver implantação, operação, hardware ou desenvolvimento. Não presumir fornecimento apenas de assinatura.;Cadastro de busca oficial PNCP;https://pncp.gov.br/app/editais/28305936000140/2026/371;https://cnetmobile.estaleiro.serpro.gov.br/comprasnet-web/public/compras/acompanhamento-compra?compra=92515305003162026;;;28305936000140-1-000371/2026;;2026-10-05 15:34:17.974072;Não informado
Prazo aberto no cadastro PNCP;Sistema especializado / serviços;;MUNICIPIO DE PEIXOTO DE AZEVEDO;PREFEITURA MUNICIPAL DE PEIXOTO DE AZEVEDO - MT;Municipal;Peixoto de Azevedo;MT;Edital nº 036/2026;2026-10-19 23:59:00;2026-09-01 08:00:00;661000.0;522190.0;Pregão - Eletrônico;Sim;REGISTRO DE PREÇOS PARA CONTRATAÇÃO DE EMPRESA HABILITADA PARA CONCESSÃO DE LICENÇA DE USO DE SOFTWARE, MANUTENÇÃO, SUPORTE TÉCNICO, TREINAMENTO, CONVERSÃO DE DADOS E CUSTOMIZAÇÃO PARA A ÁREA DE GESTÃO DA SAÚDE PÚBLICA DO MUNICÍPIO DE PEIXOTO DE AZEVEDO-MT, CONFORME TERMO DE REFERÊNCIA.;Pode envolver implantação, operação, hardware ou desenvolvimento. Não presumir fornecimento apenas de assinatura.;Cadastro de busca oficial PNCP + itens oficiais + detalhe da contratação;https://pncp.gov.br/app/editais/03238631000131/2026/66;https://bllcompras.com/Process/ProcessView?param1=[gkz]iYMTwYccuKP/lTXmNOGSMpTjB9PuP4JOE7nEfISJhEqbKvw7bUj/PEEtGFG6pUWmgSz73fqE97/NuQYLHA6aAAamWV8JL7o7XTxm3AgMFco=;https://pncp.gov.br/pncp-api/v1/orgaos/03238631000131/compras/2026/66/arquivos/1;;03238631000131-1-000066/2026;;2026-08-31 17:21:22.170120;Não informado
Prazo aberto no cadastro PNCP;Sistema especializado / serviços;;MUNICIPIO DE ESTRELA;Prefeitura Municipal de Estrela;Municipal;Estrela;RS;Edital nº 025/2026;2026-10-19 23:59:00;2026-10-02 08:00:00;112573.08;88932.73;Pregão - Eletrônico;Não/não informado;[Portal de Compras Públicas] - SERVIÇO DE IMPLANTAÇÃO E MANUTENÇÃO DE SISTEMA SOFTWARE PARA GERENCIAMENTO DE ICMS;Pode envolver implantação, operação, hardware ou desenvolvimento. Não presumir fornecimento apenas de assinatura.;Cadastro de busca oficial PNCP + itens oficiais + detalhe da contratação;https://pncp.gov.br/app/editais/87246120000151/2026/200;https://www.portaldecompraspublicas.com.br/processos/RS/Prefeitura-Municipal-de-Estrela-3235/PE-025-2026-2026-515086;https://pncp.gov.br/pncp-api/v1/orgaos/87246120000151/compras/2026/200/arquivos/1;;87246120000151-1-000200/2026;;2026-10-01 10:13:03.028285;Não informado
Prazo aberto no cadastro PNCP;Hardware ou solução integrada;;CONSORCIO NACIONAL DE INTEGRACAO FEDERATIVA - CNIF;CONSÓRCIO NACIONAL DE INTEGRAÇÃO FEDERATIVA ;Não se aplica;Juiz de Fora;MG;Edital nº 00003926/2026;2026-10-20 07:00:00;2026-10-06 08:00:00;;;Pregão - Eletrônico;Sim;"PROCESSO LICITATÓRIO DE Nº 039/2026 PREGÃO ELETRÔNICO DE Nº 012/2026 EDITAL DE Nº 036/2026. Registro de preços para eventual futura contratação de pessoa jurídica especializada na
prestação de serviços contínuos de rastreamento, gestão e controle de frota e vídeo telemetria veicular
com inteligência artificial, com fornecimento de equipamentos em comodato, instalação, manutenção e
suporte técnico, para atender às demandas do CONSÓRCIO NACIONAL DE INTEGRAÇÃO
FEDERATIVA  CNIF e seus filiados, pelo período de 12 (doze), meses.";Pode envolver implantação, operação, hardware ou desenvolvimento. Não presumir fornecimento apenas de assinatura.;Cadastro de busca oficial PNCP;https://pncp.gov.br/app/editais/67996852000151/2026/25;https://cnif.licitapp.com.br/;;;67996852000151-1-000025/2026;;2026-10-05 14:34:43.238404;Não informado
Prazo aberto no cadastro PNCP;Sistema especializado / serviços;;MUNICIPIO DE SOLONOPOLE;SECRETARIA MUNICIPAL DE FINANÇAS E PLANEJAMENTO;Municipal;Solonópole;CE;Edital nº 2026.09.30.001/2026;2026-10-20 07:59:00;2026-10-02 00:00:00;87138.36;68839.3;Pregão - Eletrônico;Não/não informado;CONTRATAÇÃO DE EMPRESA ESPECIALIZADA PARA FORNECIMENTO DA LICENÇA DE USO E MANUTENÇÃO DE UM SISTEMA DE GESTÃO PÚBLICA MUNICIPAL COM MÓDULOS INTEGRADOS E OPERACIONALIZAÇÃO TOTALMENTE WEB, INCLUINDO OS SERVIÇOS DE IMPLANTAÇÃO, CONFIGURAÇÃO, CUSTOMIZAÇÃO E TREINAMENTO TÉCNICO OPERACIONAL DE RESPONSABILIDADE DA SECRETARIA DE  FINANÇAS E PLANEJAMENTO DO MUNICIPIO DE SOLONÓPOLE-CE.;Pode envolver implantação, operação, hardware ou desenvolvimento. Não presumir fornecimento apenas de assinatura.;Cadastro de busca oficial PNCP;https://pncp.gov.br/app/editais/07733256000157/2026/92;http://precodereferencia.m2atecnologia.com.br/c/geOoW2CMTju3p62HqKapHA.a6oK0iKgMYsk/;;;07733256000157-1-000092/2026;;2026-10-02 08:14:43.536384;Não informado
Prazo aberto no cadastro PNCP;Sistema especializado / serviços;;MUNICIPIO DE PASSA E FICA;PREFEITURA MUNICIPAL DE PASSA E FICA;Municipal;Passa e Fica;RN;Edital nº 16/2026;2026-10-20 08:00:00;2026-10-05 08:00:00;167646.6;132440.81;Pregão - Eletrônico;Não/não informado;[Portal de Compras Públicas] - Contratação de empresa especializada para prestação de serviços de organização, preparação, digitalização, indexação, disponibilização, armazenamento digital e suporte técnico do arquivo público municipal.;Pode envolver implantação, operação, hardware ou desenvolvimento. Não presumir fornecimento apenas de assinatura.;Cadastro de busca oficial PNCP;https://pncp.gov.br/app/editais/08144982000105/2026/64;https://www.portaldecompraspublicas.com.br/processos/RN/Prefeitura-Municipal-de-Passa-e-Fica-1315/PE-16-2026-2026-515809;;;08144982000105-1-000064/2026;;2026-10-02 10:34:40.869705;Não informado
Prazo aberto no cadastro PNCP;Hardware ou solução integrada;;MUNICIPIO DE CAMBUI;Cambuí;Municipal;Cambuí;MG;Edital nº 58/2026/2026;2026-10-20 08:00:00;2026-10-02 16:00:00;130580.37;103158.49;Pregão - Eletrônico;Não/não informado;EDITAL DE PREGÃO ELETRÔNICO OBJETIVANDO A CONTRATAÇÃO DE EMPRESA ESPECIALIZADA PARA FORNECIMENTO, INSTALAÇÃO E INTEGRAÇÃO DE SISTEMA DE VIDEOMONITORAMENTO COM TECNOLOGIA LPR(LEITURA AUTOMÁTICA DE PLACAS VEICULARES), INCLUINDO EQUIPAMENTOS, LICENÇAS, MATERIAIS, INFRAESTRUTURA E SERVIÇOS NECESSÁRIOS, PARA ATENDER AS DEMANDAS DA POLÍCIA MILITAR, ATRAVÉS DA SECRETARIA DE GOVERNO DESTE MUNICIPIO, nas condições descritas no ANEXO 01 – Termo de Referência do Edital.;Pode envolver implantação, operação, hardware ou desenvolvimento. Não presumir fornecimento apenas de assinatura.;Cadastro de busca oficial PNCP;https://pncp.gov.br/app/editais/18675975000185/2026/139;;;;18675975000185-1-000139/2026;;2026-10-02 12:24:36.654840;Não informado
Prazo aberto no cadastro PNCP;Sistema especializado / serviços;;SUPERINTENDENCIA DE AGUA E ESGOTOS DE ITUIUTABA;SUPERINTENDÊNCIA DE ÁGUA E ESGOTOS DE ITUIUTABA/MG;Municipal;Ituiutaba;MG;Edital nº 043/2026;2026-10-20 08:00:00;2026-10-02 13:45:11;214354.58;169340.11;Pregão - Eletrônico;Não/não informado;"[LICITANET] - Contratação de
empresa especializada para fornecimento de solução de PABX Virtual em nuvem, no modelo
Software as a Service (SaaS), utilizando tecnologia VoIP (Voz sobre IP) e protocolo SIP, para
modernização da comunicação institucional da Autarquia, conforme especificações técnicas, memoriais descritivos, lista de materiais e condições de fornecimento constantes do Anexo I -
Termo de Referência.";Pode envolver implantação, operação, hardware ou desenvolvimento. Não presumir fornecimento apenas de assinatura.;Cadastro de busca oficial PNCP + itens oficiais + detalhe da contratação;https://pncp.gov.br/app/editais/17819061000188/2026/85;https://licitanet.com.br/sessao/203682;https://pncp.gov.br/pncp-api/v1/orgaos/17819061000188/compras/2026/85/arquivos/1;;17819061000188-1-000085/2026;;2026-10-02 13:45:17.818341;Não informado
Prazo aberto no cadastro PNCP;Hardware ou solução integrada;;PREFEITURA MUNICIPAL DE QUERENCIA;PREFEITURA MUNICIPAL DE QUERÊNCIA/MT;Municipal;Querência;MT;Edital nº 19/2026;2026-10-20 08:00:00;2026-10-02 14:43:26;2.46;1.94;Pregão - Eletrônico;Sim;[LICITANET] - Registro de preços para futura e eventual contratação de empresa especializada na prestação de serviços de intermediação e gerenciamento, por meio de sistema informatizado integrado e rede credenciada de fornecedores, visando à aquisição de equipamentos médico-hospitalares, laboratoriais, odontológicos e oftalmológicos, mobiliários, equipamentos de informática, eletroeletrônicos, eletrodomésticos, equipamentos de climatização e demais bens correlatos necessários à ampliação, modernização, melhoria e aparelhamento da estrutura hospitalar do Município de Querência/MT, para atendimento das necessidades da Secretaria Municipal de Saúde.;Pode envolver implantação, operação, hardware ou desenvolvimento. Não presumir fornecimento apenas de assinatura.;API oficial PNCP de propostas abertas (varredura por UF);https://pncp.gov.br/app/editais/37465002000166/2026/43;https://licitanet.com.br/sessao/203699;;;37465002000166-1-000043/2026;;2026-10-02 14:43:29;Não informado
Recebimento futuro anunciado;Sistema especializado / serviços;;SANEAR - SERVICO DE SANEAMENTO AMBIENTAL DE RONDONOPOLIS TEREZINHA SILVA DE SOUZA;SERVIÇO DE SANEAMENTO AMBIENTAL DE RONDONÓPOLIS - SANEAR - MT;Municipal;Rondonópolis;MT;Edital nº 43/2026;2026-10-20 08:00:00;2026-10-19 17:00:00;418500.0;330615.0;Concorrência - Eletrônica;Não/não informado;CONTRATACAO DE EMPRESA ESPECIALIZADA PARA FORNECIMENTO E IMPLANTACAO, DE SOLUCAO INTEGRADA DE COMUNICACAO VISUAL ELETRONICA, COMPREENDENDO PAINEL DE LED OUTDOOR, ESTRUTURA METALICA COM FUNDACAO, SISTEMA DE AUTOMACAO, INTALACAO, CONFIGURACAO, COMISSIONAMEN;Pode envolver implantação, operação, hardware ou desenvolvimento. Não presumir fornecimento apenas de assinatura.;API oficial PNCP de propostas abertas (varredura por UF);https://pncp.gov.br/app/editais/03702217000131/2026/42;https://www.gp.srv.br/transparencia_sanear/servlet/licitacoes_v2?1;;;03702217000131-1-000042/2026;;2026-09-29 16:05:04;Não informado
Recebimento futuro anunciado;Sistema especializado / serviços;;MUNICIPIO DE IBIRUBA;MUNICÍPIO DE IBIRUBÁ - RS;Municipal;Ibirubá;RS;Edital nº 70/2026;2026-10-20 08:00:00;2026-10-20 08:00:00;1671780.0;1320706.2;Pregão - Eletrônico;Não/não informado;Contratação de empresa especializada para fornecimento de solução integrada de gestão pública municipal, na modalidade SaaS (Software as a Service), em ambiente de nuvem, compreendendo licenciamento de uso de software, implantação, instalação, parametrização, migração e conversão de dados, treinamento de usuários, atualização de versões, manutenção, suporte técnico, assistência técnica e hospedagem em Data Center, visando atender às necessidades da Administração Direta e Indireta do Município, garantindo a integridade, consistência e possibilidade de exportação futura dos dados em formato aberto, legível e compatível.;Pode envolver implantação, operação, hardware ou desenvolvimento. Não presumir fornecimento apenas de assinatura.;Cadastro de busca oficial PNCP;https://pncp.gov.br/app/editais/87564381000110/2026/267;;;;87564381000110-1-000267/2026;;2026-10-01 08:43:24.723559;Não informado
Prazo aberto no cadastro PNCP;Sistema especializado / serviços;;MUNICIPIO DE CUNHA PORA;Administracao;Municipal;Cunha Porã;SC;Edital nº PCE 24/2026;2026-10-20 08:00:00;2026-10-02 08:00:00;704420.37;556492.09;Pregão - Eletrônico;Não/não informado;CONTRATAÇÃO DE EMPRESA DE TECNOLOGIA DA INFORMAÇÃO, PARA FORNECIMENTO DE LICENÇA DE USO DE SIGP - SOFTWARE INTEGRADO DE GESTÃO PÚBLICA EM COMPUTAÇÃO EM NUVEM, INCLUINDO SERVIÇOS COMPLEMENTARES DE IMPLANTAÇÃO, MANUTENÇÃO (CORRETIVA, ADAPTATIVA E EVOLUTIVA), SUPORTE TÉCNICO, TREINAMENTO DE SERVIDORES PÚBLICOS MUNICIPAIS, ARMAZENAMENTO E SEGURANÇA DA INFORMAÇÃO, A FIM DE ATENDER A DEMANDA OPERACIONAL E AS NECESSIDADES DO MUNICÍPIO DE CUNHA PORÃ/SC, FUNDO MUNICIPAL DE SAÚDE E CÂMARA DE VEREADORES.;Pode envolver implantação, operação, hardware ou desenvolvimento. Não presumir fornecimento apenas de assinatura.;Cadastro de busca oficial PNCP;https://pncp.gov.br/app/editais/83021147000195/2026/21;;;;83021147000195-1-000021/2026;;2026-09-15 12:26:28.029517;Não informado
Prazo aberto no cadastro PNCP;Hardware ou solução integrada;;MUNICIPIO DE SAO CARLOS;MUNICÍPIO DE SÃO CARLOS;Municipal;São Carlos;SC;Edital nº 190/2026;2026-10-20 08:00:00;2026-10-01 13:30:00;1416096.0;1118715.84;Pregão - Eletrônico;Não/não informado;[Portal de Compras Públicas] - CONTRATAÇÃO DE EMPRESA ESPECIALIZADA PARA LOCAÇÃO DE SISTEMA INTEGRADO DE VIDEOMONITORAMENTO EM VIAS PÚBLICAS DO MUNICÍPIO DE SÃO CARLOS/SC, COM FORNECIMENTO DE EQUIPAMENTOS, MATERIAIS E SOFTWARES, INCLUINDO INSTALAÇÃO, CONFIGURAÇÃO, GERENCIAMENTO TÉCNICO, MANUTENÇÃO PREVENTIVA E CORRETIVA E SUPORTE TÉCNICO, PARA ASSEGURAR O CONTÍNUO FUNCIONAMENTO DO SISTEMA.;Pode envolver implantação, operação, hardware ou desenvolvimento. Não presumir fornecimento apenas de assinatura.;API oficial PNCP de propostas abertas (varredura por UF);https://pncp.gov.br/app/editais/82945718000115/2026/259;https://www.portaldecompraspublicas.com.br/processos/SC/Prefeitura-Municipal-de-Sao-Carlos-1228/PE-190-2026-2026-515568;;;82945718000115-1-000259/2026;;2026-10-01 13:14:31;Não informado
Prazo aberto no cadastro PNCP;Hardware ou solução integrada;;MUNICIPIO DE SUMARE;Prefeitura Municipal de Sumaré;Municipal;Sumaré;SP;Edital nº 042/2026-R/2026;2026-10-20 08:00:00;2026-10-02 17:00:00;61284348.98;48414635.69;Pregão - Eletrônico;Não/não informado;Contratação de empresa especializada para implantação, disponibilização e manutenção de solução tecnológica integrada de monitoramento eletrônico, em regime de prestação continuada, contemplando o fornecimento, por meio de locação, dos equipamentos, softwares, licenças, infraestrutura tecnológica, conectividade, instalação, configuração, integração, treinamento, suporte técnico, manutenção preventiva e corretiva e demais serviços necessários ao monitoramento remoto das unidades públicas inicialmente contempladas pela contratação e de seus respectivos entornos;Pode envolver implantação, operação, hardware ou desenvolvimento. Não presumir fornecimento apenas de assinatura.;Cadastro de busca oficial PNCP;https://pncp.gov.br/app/editais/45787660000100/2026/318;;;;45787660000100-1-000318/2026;;2026-10-02 15:52:40.997627;Não informado
Prazo aberto no cadastro PNCP;Hardware ou solução integrada;;MUNICIPIO DE SUMARE;SECRETARIA MUNICIPAL DE SAÚDE;Municipal;Sumaré;SP;Edital nº PCE 42/2026;2026-10-20 08:00:00;2026-10-02 17:00:00;61284349.18;48414635.85;Pregão - Eletrônico;Não/não informado;CONTRATAÇÃO DE EMPRESA ESPECIALIZADA PARA IMPLANTAÇÃO, DISPONIBILIZAÇÃO E MANUTENÇÃO DE SOLUÇÃO TECNOLÓGICA INTEGRADA DE MONITORAMENTO ELETRÔNICO, EM REGIME DE PRESTAÇÃO CONTINUADA, CONTEMPLANDO O FORNECIMENTO, POR MEIO DE LOCAÇÃO DOS EQUIPAMENTOS, SOFTWARES, LICENÇAS, INFRAESTRUTURA TECNOLÓGICA, CONECTIVIDADE, INSTALAÇÃO, CONFIGURAÇÃO, INTEGRAÇÃO, TREINAMENTO, SUPORTE TÉCNICO, MANUTENÇÃO PREVENTIVA E CORRETIVA E DEMAIS SERVIÇOS NECESSÁRIOS AO MONITORAMENTO REMOTO DAS UNIDADES PÚBLICAS INICIALMENTE CONTEMPLADAS PELA CONTRATAÇÃO E DE SEUS RESPECTIVOS ENTORNOS;Pode envolver implantação, operação, hardware ou desenvolvimento. Não presumir fornecimento apenas de assinatura.;Cadastro de busca oficial PNCP;https://pncp.gov.br/app/editais/45787660000100/2026/317;;;;45787660000100-1-000317/2026;;2026-10-02 15:49:43.375349;Não informado
Prazo aberto no cadastro PNCP;Hardware ou solução integrada;Segurança/antivírus;EMPRESA BRASILEIRA DE PESQUISA AGROPECUARIA;EMBRAPA MEIO-NORTE/TERESINA/PI;Federal;Teresina;PI;Edital nº 72/2026;2026-10-20 08:30:00;2026-10-07 08:00:00;;;Pregão - Eletrônico;Não/não informado;Aquisição de equipamentos para modernização e renovação da infraestrutura tecnológica do Data Center Local e de equipamentos de uso operacional, compreendendo ativos essenciais de rede corporativa, servidores de alta densidade e virtualização, appliances de segurança perimetral (firewall), controle ambiental, armazenamento, no-breaks de continuidade energética, controle de acesso biométrico e estações de trabalho administrativas da Embrapa Meio-Norte.;Pode envolver implantação, operação, hardware ou desenvolvimento. Não presumir fornecimento apenas de assinatura.;Cadastro de busca oficial PNCP;https://pncp.gov.br/app/editais/00348003000110/2026/1166;https://cnetmobile.estaleiro.serpro.gov.br/comprasnet-web/public/compras/acompanhamento-compra?compra=13500905000722026;;;00348003000110-1-001166/2026;;2026-10-06 09:34:49.634655;Não informado
Prazo aberto no cadastro PNCP;Sistema especializado / serviços;;MUNICIPIO DE REALEZA;SECRETARIA DA ADMINISTRACAO;Municipal;Realeza;PR;Edital nº 46/2026;2026-10-20 08:30:00;2026-10-05 08:30:00;107.92;85.25;Pregão - Eletrônico;Não/não informado;O objeto da presente licitação é a Contratação de empresa especializada para Contratação de empresa especializada para disponibilização, sem qualquer custo, ônus, taxa ou cobrança ao Município, de plataforma eletrônica para realização de Licitações Eletrônicas, com sistema próprio e específico para operacionalização de certames com inversão de fases, permitindo a adequada condução das etapas de recebimento e classificação das propostas, disputa, julgamento e posterior habilitação, conforme o procedimento adotado pela Administração, incluindo suporte técnico e operacional, visando atender às necessidades do Município na execução dos processos licitatórios vinculados aos convênios aprovados, conforme condições, quantidades e exigências estabelecidas neste Edital e seus anexos.;Pode envolver implantação, operação, hardware ou desenvolvimento. Não presumir fornecimento apenas de assinatura.;API oficial PNCP de propostas abertas (varredura por UF);https://pncp.gov.br/app/editais/76205673000140/2026/127;;;;76205673000140-1-000127/2026;;2026-10-02 10:31:24;Não informado
Prazo aberto no cadastro PNCP;Sistema especializado / serviços;;MUNICIPIO DE TUNAS DO PARANA;TUNAS DO PARANA PR;Municipal;Tunas do Paraná;PR;Edital nº 72-2026/2026;2026-10-20 08:30:00;2026-10-05 08:00:00;661412.4;522515.79;Pregão - Eletrônico;Não/não informado;CONTRATAÇÃO DE EMPRESA PARA O FORNECIMENTO DE SOLUÇÃO TECNOLÓGICA INTEGRADA DE GESTÃO PÚBLICA (ERP), EM MODELO SAAS (SOFTWARE AS A SERVICE), COM HOSPEDAGEM EM NUVEM PELA CONTRATADA;Pode envolver implantação, operação, hardware ou desenvolvimento. Não presumir fornecimento apenas de assinatura.;Cadastro de busca oficial PNCP;https://pncp.gov.br/app/editais/68703834000105/2026/12;https://licitacoes-e2.bb.com.br/aop-inter-estatico/visualizar-processo-publico/1101895;;;68703834000105-1-000012/2026;;2026-10-02 11:33:58.722141;Não informado
Prazo aberto no cadastro PNCP;Sistema especializado / serviços;;MUNICIPIO DE IMBE;GABINETE DO PREFEITO MUNICIPAL MUNICÍPIO DE IMBÉ;Municipal;Imbé;RS;Edital nº 0082/2026;2026-10-20 08:30:00;2026-10-01 08:00:00;25624.44;20243.3;Pregão - Eletrônico;Não/não informado;Contratação de pessoa jurídica para prestação de serviços técnicos especializados na área de tecnologia da informação, para licença de uso de software para gestão e controle do SUAS (Sistema Único de Assistência Social), bem como serviços de migração, conversão e integração de base de dados do sistema utilizado anteriormente. Implantação, treinamento de usuários, suporte técnico e manutenção em atendimento as necessidades da Secretaria de Desenvolvimento Social;Pode envolver implantação, operação, hardware ou desenvolvimento. Não presumir fornecimento apenas de assinatura.;Cadastro de busca oficial PNCP;https://pncp.gov.br/app/editais/90256652000184/2026/151;https://pregaobanrisul.com.br/editais/0082_2026/357508;;;90256652000184-1-000151/2026;;2026-10-01 00:22:36.290338;Não informado
Prazo aberto no cadastro PNCP;Hardware ou solução integrada;;ALADA - EMPRESA DE PROJETOS AEROESPACIAIS DO BRASIL S.A;CDF-EMPRESA DE PROJ AEROESPAC. DO BRASIL S.A;Não se aplica;Brasília;DF;Edital nº 7/2026;2026-10-20 08:59:00;2026-10-07 08:59:00;;;Pregão - Eletrônico;Sim;Aquisição de equipamentos, soluções, softwares e licenças destinados à estruturação da infraestrutura tecnológica da ALADA, contemplando ativos computacionais, equipamentos audiovisuais, servidores, armazenamento de dados, soluções de backup, licenciamento de software, serviço de implantação de rede e ferramentas de apoio à manutenção.;Pode envolver implantação, operação, hardware ou desenvolvimento. Não presumir fornecimento apenas de assinatura.;Cadastro de busca oficial PNCP;https://pncp.gov.br/app/editais/61993931000122/2026/10;https://cnetmobile.estaleiro.serpro.gov.br/comprasnet-web/public/compras/acompanhamento-compra?compra=93334705000072026;;;61993931000122-1-000010/2026;;2026-10-01 17:57:12.260863;Não informado
Prazo aberto no cadastro PNCP;Hardware ou solução integrada;;MUNICIPIO DE ITUBERA;SECRETARIA MUNICIPAL DA ADMINISTRAÇÃO - SEMAD;Municipal;Ituberá;BA;Edital nº PE014/2026;2026-10-20 09:00:00;2026-10-05 14:00:00;444500.64;351155.5;Pregão - Eletrônico;Não/não informado;[Portal de Compras Públicas] - CONTRATAÇÃO DE EMPRESA ESPECIALIZADA PARA LOCAÇÃO DE EQUIPAMENTOS DE IMPRESSÃO, INCLUINDO PLOTTER, SCANNER E IMPRESSORAS MULTIFUNCIONAIS (LASER MONOCROMÁTICA E JATO DE TINTA COLORIDA), CONTEMPLANDO SERVIÇOS DE MANUTENÇÃO PREVENTIVA E CORRETIVA, FORNECIMENTO DE INSUMOS E SUPORTE TÉCNICO, COM VISTAS A ATENDER ÀS NECESSIDADES DAS DIVERSAS SECRETARIAS MUNICIPAIS DO MUNICÍPIO DE ITUBERÁ-BA, PELO PERÍODO DE 12 (DOZE) MESES.;Pode envolver implantação, operação, hardware ou desenvolvimento. Não presumir fornecimento apenas de assinatura.;Cadastro de busca oficial PNCP;https://pncp.gov.br/app/editais/14195333000128/2026/107;https://www.portaldecompraspublicas.com.br/processos/BA/Prefeitura-Municipal-de-Itubera-4842/PE-PE014-2026-2026-496872;;;14195333000128-1-000107/2026;;2026-10-05 10:34:08.546403;Não informado
Prazo aberto no cadastro PNCP;Hardware ou solução integrada;;MINISTERIO DA JUSTICA E SEGURANCA PUBLICA;MJ-DPRF-DEPART.DE POL.RODOVIARIA FEDERAL/DF;Federal;Brasília;DF;Edital nº 82/2026;2026-10-20 09:00:00;2026-10-02 08:00:00;18759037.88;14819639.92;Pregão - Eletrônico;Sim;Registro de Preços para a eventual contratação de empresa especializada no fornecimento de equipamentos de Tecnologia da Informação - TI, com garantia de funcionamento pelo período de 60 (sessenta) meses e atualização contínua do sistema operacional e suporte técnico durante o período de garantia, serviços de instalação e configuração e o repasse de conhecimento da solução.;Pode envolver implantação, operação, hardware ou desenvolvimento. Não presumir fornecimento apenas de assinatura.;Cadastro de busca oficial PNCP;https://pncp.gov.br/app/editais/00394494011928/2026/140;https://cnetmobile.estaleiro.serpro.gov.br/comprasnet-web/public/compras/acompanhamento-compra?compra=20010905000822026;;;00394494011928-1-000140/2026;;2026-10-02 04:00:18.584907;Não informado
Prazo aberto no cadastro PNCP;Hardware ou solução integrada;;CONSORCIO INTERMUNICIPAL MULTIFINATARIO DO ALTO RIO GRANDE;Unidade Única;Não se aplica;Lavras;MG;Edital nº 045/2026;2026-10-20 09:00:00;2026-09-23 09:00:00;26590469.76;21006471.11;Pregão - Eletrônico;Sim;REGISTRO DE PREÇOS PARA FUTURA E EVENTUAL CONTRATAÇÃO DE EMPRESA ESPECIALIZADA NA PRESTAÇÃO DE SERVIÇOS CONTINUADOS DE LOCAÇÃO DE EQUIPAMENTOS DE INFORMÁTICA, INCLUINDO FORNECIMENTO, INSTALAÇÃO, CONFIGURAÇÃO, LICENCIAMENTO, SUPORTE TÉCNICO, MANUTENÇÃO, SUBSTITUIÇÃO DEFINITIVA, GESTÃO DE ATIVOS E CHAMADOS, ACESSO REMOTO SEGURO E SOLUÇÃO CORPORATIVA DE PROTEÇÃO, DETECÇÃO E RESPOSTA PARA ENDPOINTS, COM GERENCIAMENTO CENTRALIZADO EM NUVEM, MONITORAMENTO AUTOMATIZADO E OPERAÇÃO DE SEGURANÇA, PARA ATENDIMENTO DAS DEMANDAS DOS MUNICÍPIOS CONSORCIADOS DO CONSÓRCIO INTERMUNICIPAL MULTIFINALITÁRIO DO ALTO RIO GRANDE - CIMARG.;Pode envolver implantação, operação, hardware ou desenvolvimento. Não presumir fornecimento apenas de assinatura.;Cadastro de busca oficial PNCP;https://pncp.gov.br/app/editais/21270505000146/2026/32;https://app2.licitardigital.com.br/pesquisa/114036;;;21270505000146-1-000032/2026;;2026-09-22 13:15:38.706958;Não informado
Prazo aberto no cadastro PNCP;Sistema especializado / serviços;;CONSORCIO INTERMUNICIPAL DE SAUDE DO ALTO DO RIO PARA;Unidade Única;Não se aplica;Pará de Minas;MG;Edital nº 18/2026;2026-10-20 09:00:00;2026-10-06 09:00:00;53462618.61;42235468.7;Pregão - Eletrônico;Sim;Registro de Preços para eventual contratação de empresa especializada na prestação de serviços técnicos especializados de gestão patrimonial imobiliária, compreendendo a identificação, o levantamento, o cadastramento, o inventário, a avaliação, a regularização, a organização, a atualização e o gerenciamento do patrimônio imobiliário público, mediante a execução de serviços técnicos especializados, disponibilização de plataforma tecnológica em ambiente de computação em nuvem (Software as a Service – SaaS), suporte técnico continuado, capacitação de usuários e demais serviços correlatos necessários à adequada gestão dos bens imóveis dos Municípios integrantes do Consórcio Intermunicipal de Saúde e Serviços do Alto Rio Pará – CISPARÁ, conforme condições, especificações e exigências estabelecidas no Termo de Referência. ;Pode envolver implantação, operação, hardware ou desenvolvimento. Não presumir fornecimento apenas de assinatura.;Cadastro de busca oficial PNCP + itens oficiais + detalhe da contratação;https://pncp.gov.br/app/editais/01260691000125/2026/31;https://app2.ammlicita.org.br/pesquisa/115412;https://pncp.gov.br/pncp-api/v1/orgaos/01260691000125/compras/2026/31/arquivos/1;;01260691000125-1-000031/2026;;2026-10-02 12:22:24.320218;Não informado
Prazo aberto no cadastro PNCP;Hardware ou solução integrada;;MUNICIPIO DE POUSO ALEGRE;SECRETARIA DE TRÂNSITO E TRANSPORTE;Municipal;Pouso Alegre;MG;Edital nº PRE 98/2026;2026-10-20 09:00:00;2026-10-01 17:00:00;335426.64;264987.04;Pregão - Eletrônico;Não/não informado;LOCAÇÃO DE SISTEMA DE RADIOCOMUNICAÇÃO DIGITAL, COMPREENDENDO LOCAÇÃO DE EQUIPAMENTOS NOVOS, INFRAESTRUTURA, MATERIAIS, DESENVOLVIMENTO, INSTALAÇÃO E DEMAIS INSUMOS.;Pode envolver implantação, operação, hardware ou desenvolvimento. Não presumir fornecimento apenas de assinatura.;Cadastro de busca oficial PNCP;https://pncp.gov.br/app/editais/18675983000121/2026/186;;;;18675983000121-1-000186/2026;;2026-09-30 10:30:00.938598;Não informado
Prazo aberto no cadastro PNCP;Sistema especializado / serviços;;SERVICO AUTONOMO DE AGUA E ESGOTO DE SAO GABRIEL DOESTE;Serviço Autônomo de Água e Esgoto de São Gabriel do Oeste;Municipal;São Gabriel do Oeste;MS;Edital nº 011/2026;2026-10-20 09:00:00;2026-10-02 09:00:00;423151.0;334289.29;Pregão - Eletrônico;Não/não informado;[Portal de Compras Públicas] - Contratação de empresa para o fornecimento, em caráter não exclusivo, de Cessão de Direito de Uso, por prazo determinado, de software de autoria própria com interface única para Gestão Comercial e de Serviço Operacional em ambiente 100% web, sistema de informações geográficas (SIG/GIS) e prestação dos serviços técnicos especializados de: customização, treinamento, migração de dados, implantação, integrações Web API, manutenção e suporte técnico ao sistema, contemplando os seguintes processos: Cadastramento, Atendimento ao Público, Serviços, Micromedição, Faturamento, Arrecadação, Cobrança, Financeiro, Relatórios, Analytics, Fiscalização, Jurídico, Controle de acesso e Auditoria, Qualidade de Água, BI (Business Intelligence) e Omnichannel que permita integração com os diversos meios de comunicação, tais como webchat, Whatsapp, Facebook Messenger e totens.;Pode envolver implantação, operação, hardware ou desenvolvimento. Não presumir fornecimento apenas de assinatura.;Cadastro de busca oficial PNCP + itens oficiais + detalhe da contratação;https://pncp.gov.br/app/editais/15553985000150/2026/45;https://www.portaldecompraspublicas.com.br/processos/MS/Servico-Autonomo-de-Agua-e-Esgoto-de-Sao-Gabriel-do-Oeste-3728/PE-011-2026-2026-515422;https://pncp.gov.br/pncp-api/v1/orgaos/15553985000150/compras/2026/45/arquivos/1;;15553985000150-1-000045/2026;;2026-10-01 09:15:18.313765;Não informado
Prazo aberto no cadastro PNCP;Sistema especializado / serviços;;TRIBUNAL SUPERIOR ELEITORAL;TRE-TRIBUNAL REGIONAL ELEITORAL DA PARAIBA/PB;Federal;João Pessoa;PB;Edital nº 64/2026;2026-10-20 09:00:00;2026-09-30 08:00:00;992929.55;784414.34;Pregão - Eletrônico;Não/não informado;Contratação de solução de gerenciamento de exposição cibernética, composta por disponibilização e renovação de licenças, implantação, repasse técnico, treinamento, garantia e manutenção dos equipamento e/ou softwares por 60 meses.;Pode envolver implantação, operação, hardware ou desenvolvimento. Não presumir fornecimento apenas de assinatura.;Cadastro de busca oficial PNCP + itens oficiais + detalhe da contratação;https://pncp.gov.br/app/editais/00509018000113/2026/2280;https://cnetmobile.estaleiro.serpro.gov.br/comprasnet-web/public/compras/acompanhamento-compra?compra=07000905000642026;https://pncp.gov.br/pncp-api/v1/orgaos/00509018000113/compras/2026/2280/arquivos/1;https://pncp.gov.br/pncp-api/v1/orgaos/00509018000113/compras/2026/2280/arquivos/3;00509018000113-1-002280/2026;;2026-09-30 04:00:24.563128;Não informado
Prazo aberto no cadastro PNCP;Sistema especializado / serviços;;MUNICIPIO DE PORTO MAUA;MUNICIPIO DE PORTO MAUA/RS;Municipal;Porto Mauá;RS;Edital nº 66/2026;2026-10-20 09:00:00;2026-10-02 09:00:00;563858.57;445448.27;Pregão - Eletrônico;Não/não informado;CONTRATAÇÃO DE EMPRESA ESPECIALIZADA NA PRESTAÇÃO DE SERVIÇOS DE CESSÃO DE USO DE SISTEMA INFORMATIZADO DE GESTÃO MUNICIPAL, EM AMBIENTE WEB (CLOUD COMPUTING), NO MODELO SOFTWARE AS A SERVICE (SAAS), INCLUINDO IMPLANTAÇÃO, PARAMETRIZAÇÃO, EVENTUAL MIGRAÇÃO DE DADOS, TREINAMENTO DE USUÁRIOS, SUPORTE TÉCNICO, MANUTENÇÃO CORRETIVA, EVOLUTIVA E ATUALIZAÇÕES, DESTINADO AO ATENDIMENTO DAS DEMANDAS DAS SECRETARIAS MUNICIPAIS DO MUNICÍPIO DE PORTO MAUÁ/RS;Pode envolver implantação, operação, hardware ou desenvolvimento. Não presumir fornecimento apenas de assinatura.;Cadastro de busca oficial PNCP;https://pncp.gov.br/app/editais/93845519000151/2026/241;;;;93845519000151-1-000241/2026;;2026-10-01 14:08:17.586726;Não informado
Prazo aberto no cadastro PNCP;Hardware ou solução integrada;;SAO PAULO SECRETARIA DA ADMINISTRACAO PENITENCIARIA;ESP-DIVISÃO DE ADM. DA C.E.P.R. NORTE ESTADO;Estadual;Araraquara;SP;Edital nº 40/2026;2026-10-20 09:00:00;2026-09-29 15:03:00;542472.0;428552.88;Pregão - Eletrônico;Não/não informado;Contratação de prestação de serviços de impressão corporativa por meio de outsourcing, sob a modalidade de locação de equipamentos voltados para impressão e digitalização de documentos, com disponibilização de software de gerenciamento de impressão, sem o fornecimento de papel.;Pode envolver implantação, operação, hardware ou desenvolvimento. Não presumir fornecimento apenas de assinatura.;API oficial PNCP de propostas abertas (varredura por UF);https://pncp.gov.br/app/editais/96291141000180/2026/6445;https://cnetmobile.estaleiro.serpro.gov.br/comprasnet-web/public/compras/acompanhamento-compra?compra=93303005000402026;;;96291141000180-1-006445/2026;;2026-09-29 15:15:06;Não informado
Prazo aberto no cadastro PNCP;Sistema especializado / serviços;;MUNICIPIO DE SANTA CRUZ DO RIO PARDO;PREFEITURA MUNICIPAL DE SANTA CRUZ DO RIO PARDO - SP;Municipal;Santa Cruz do Rio Pardo;SP;Edital nº 14/2026;2026-10-20 09:00:00;2026-10-05 10:00:00;393368.67;310761.24;Pregão - Eletrônico;Não/não informado;Contratação de empresa especializada para disponibilização de solução informatizada, em ambiente web e modelo SaaS (Software como Serviço), com recursos integrados ou interoperáveis, destinada à gestão eletrônica de documentos, processos administrativos, comunicação institucional e atendimento digital ao cidadão, contemplando implantação, configuração, parametrização, migração e validação de dados, integrações previstas, treinamento, suporte técnico, hospedagem, manutenção e demais...;Pode envolver implantação, operação, hardware ou desenvolvimento. Não presumir fornecimento apenas de assinatura.;Cadastro de busca oficial PNCP + itens oficiais + detalhe da contratação;https://pncp.gov.br/app/editais/46231890000143/2026/595;https://bllcompras.com/Process/ProcessView?param1=[gkz]qfbFZgpgG0kIOt583oRA6txhkq5thAjNkM1LxnmmT_5xWnMuRhKUqSLM9JaV8MVfkdnAxyireJrYffimDAEcZsiu2OoS5Bjre7NAymy/eqQ=;https://pncp.gov.br/pncp-api/v1/orgaos/46231890000143/compras/2026/595/arquivos/1;;46231890000143-1-000595/2026;;2026-10-05 09:23:53.082959;Não informado
Prazo aberto no cadastro PNCP;Sistema especializado / serviços;;SECRETARIA DE ESTADO DE INDUSTRIA, CIENCIA E TECNOLOGIA;EAC-SECRETARIA DE EST.INDÚST.CIÊNCIA E TECNOL;Estadual;Rio Branco;AC;Edital nº 27/2026;2026-10-20 09:15:00;2026-10-05 10:00:00;;;Pregão - Eletrônico;Sim;Registro de Preços visando a contratação de empresa especializada na prestação de serviços de infraestrutura para eventos oficiais, incluindo a locação de tendas, treliças, sistemas de iluminação, energização, sonorização, arquibancadas, climatizadores e stands, com fornecimento de montagem e desmontagem. Os serviços destinam-se ao atendimento das demandas da Diretoria de Eventos Oficiais da Secretaria de Estado da Casa Civil, assegurando a adequada realização de cerimônias, conforme TR. ;Pode envolver implantação, operação, hardware ou desenvolvimento. Não presumir fornecimento apenas de assinatura.;Cadastro de busca oficial PNCP + itens oficiais + detalhe da contratação;https://pncp.gov.br/app/editais/16958425000148/2026/330;https://cnetmobile.estaleiro.serpro.gov.br/comprasnet-web/public/compras/acompanhamento-compra?compra=92799605000272026;https://pncp.gov.br/pncp-api/v1/orgaos/16958425000148/compras/2026/330/arquivos/1;;16958425000148-1-000330/2026;;2026-07-27 11:55:34.936964;Não informado
Prazo aberto no cadastro PNCP;Hardware ou solução integrada;;CAMARA MUNICIPAL DE GUAPO;CAMARA MUNICIPAL DE GUAPO;Municipal;Guapó;GO;Edital nº 1/2026;2026-10-20 09:59:00;2026-10-01 08:25:10;75876.3;59942.27;Pregão - Eletrônico;Não/não informado;CONTRATAÇÃO DE EMPRESA PARA O FORNECIMENTO DE EQUIPAMENTOS, MATERIAIS, ACESSÓRIOS E LICENÇAS DESTINADOS À IMPLANTAÇÃO DE SISTEMA INTEGRADO DE ÁUDIO, VÍDEO, FILMAGEM, GRAVAÇÃO E TRANSMISSÃO AO VIVO DAS SESSÕES PLENÁRIAS E DEMAIS ATIVIDADES INSTITUCIONAIS DA CÂMARA MUNICIPAL DE GUAPÓ/GO, COMPREENDENDO COMPUTADORES, CÂMERAS PTZ, EQUIPAMENTOS DE SONORIZAÇÃO, DISPOSITIVOS DE CONTROLE, INFRAESTRUTURA DE REDE, CABOS, CONECTORES, SUPORTES, SOFTWARE PROFISSIONAL E DEMAIS COMPONENTES NECESSÁRIOS, BEM COMO A PRESTAÇÃO DOS SERVIÇOS DE MONTAGEM, INSTALAÇÃO, CONFIGURAÇÃO, INTEGRAÇÃO COM OS SISTEMAS EXISTENTES, TESTES, COMISSIONAMENTO, ASSISTÊNCIA TÉCNICA INICIAL E TREINAMENTO PRESENCIAL DOS OPERADORES;Pode envolver implantação, operação, hardware ou desenvolvimento. Não presumir fornecimento apenas de assinatura.;Cadastro de busca oficial PNCP;https://pncp.gov.br/app/editais/02485890000102/2026/22;;;;02485890000102-1-000022/2026;;2026-10-01 13:42:28.581744;Não informado
Prazo aberto no cadastro PNCP;Hardware ou solução integrada;;RIO GRANDE DO NORTE SECRETARIA DA SAUDE PUBLICA;ERN - SECRETARIA DE ESTADO DA SAÚDE PÚBLICA;Estadual;Natal;RN;Edital nº 399/2026;2026-10-20 09:59:00;2026-10-05 08:00:00;;;Pregão - Eletrônico;Sim;O presente Termo de Referência refere-se à solicitação de formalização de processo licitatório na modalidade Pregão Eletrônico, do tipo menor preço por lote, por meio de Ata de Registro de Preços, com o objetivo de contratar empresa especializada na prestação de serviços técnicos arquivísticos e de gestão da informação, com execução continuada do tratamento da massa documental acumulada, incluindo o fornecimento de licenças de softwares, sistemas e hardwares necessários à operacionalização dos s;Pode envolver implantação, operação, hardware ou desenvolvimento. Não presumir fornecimento apenas de assinatura.;Cadastro de busca oficial PNCP;https://pncp.gov.br/app/editais/08241754000145/2026/245;https://cnetmobile.estaleiro.serpro.gov.br/comprasnet-web/public/compras/acompanhamento-compra?compra=92555005003992026;;;08241754000145-1-000245/2026;;2026-09-15 10:33:49.939797;Não informado
Recebimento futuro anunciado;Sistema especializado / serviços;;ESTADO DA BAHIA;UNEB - UNIVERSIDADE DO ESTADO DA BAHIA;Estadual;Salvador;BA;Edital nº 012/2026/2026;2026-10-20 10:00:00;2026-10-16 09:00:00;744966.69;588523.68;Pregão - Eletrônico;Não/não informado;Contratação de empresa especializada para MANUTENCAO EVOLUTIVA DE SOFTWARE plataforma Moodle, incluindo atualização de versão, migração de dados, desenvolvimento de melhorias, instalação de plug-ins, manutenção, suporte técnico e hospedagem.;Pode envolver implantação, operação, hardware ou desenvolvimento. Não presumir fornecimento apenas de assinatura.;Cadastro de busca oficial PNCP;https://pncp.gov.br/app/editais/13937032000160/2026/2741;https://licitacoes-e2.bb.com.br/aop-inter-estatico/visualizar-processo-publico/1101704;;;13937032000160-1-002741/2026;;2026-10-02 11:43:46.920443;Não informado
Prazo aberto no cadastro PNCP;Sistema especializado / serviços;;CONSELHO REGIONAL DE ADMINISTRACAO;CONSELHO REGIONAL DE ADMINISTRACAO DA BAHIA;Federal;Salvador;BA;Edital nº 51/2026;2026-10-20 10:00:00;2026-10-07 08:00:00;241216.0;190560.64;Pregão - Eletrônico;Não/não informado;Fornecimento e instalação de unidades evaporadoras e respectivos materiais, acessórios, adequações e mão de obra, para complementação do sistema de climatização VRF existente, fornecimento e instalação de sistema de climatização do tipo VRF, incluindo unidade condensadora, unidades evaporadoras, painéis, ramificações, controles, automação, materiais e serviços necessários à completa instalação e funcionamento e prestação de serviços continuados de manutenção dos equipamentos, de acordo com Termo de Referência nº 128 e seus anexos.;Pode envolver implantação, operação, hardware ou desenvolvimento. Não presumir fornecimento apenas de assinatura.;API oficial PNCP de propostas abertas (varredura por UF);https://pncp.gov.br/app/editais/14998009000148/2026/28;https://cnetmobile.estaleiro.serpro.gov.br/comprasnet-web/public/compras/acompanhamento-compra?compra=38913605000512026;;;14998009000148-1-000028/2026;;2026-10-05 15:15:23;Não informado
Prazo aberto no cadastro PNCP;Hardware ou solução integrada;;MUNICIPIO DE PEDRA;prefeitura municipal da pedra;Municipal;Pedra;PE;Edital nº 08/2026;2026-10-20 10:00:00;2026-10-05 10:00:00;1320678.97;1043336.38;Concorrência - Eletrônica;Não/não informado;[Portal de Compras Públicas] - presente licitação na modalidade CONCORRÊNCIA ELETRÔNICA tem por objeto a contratação de empresa especializada para o fornecimento e instalação de sistema fotovoltaico incluindo equipamentos, materiais, serviços de instalação, testes, homologação junto à concessionária de energia elétrica e treinamento de equipe para a Prefeitura Municipal de PEDRA-PE;Pode envolver implantação, operação, hardware ou desenvolvimento. Não presumir fornecimento apenas de assinatura.;API oficial PNCP de propostas abertas (varredura por UF);https://pncp.gov.br/app/editais/10106227000170/2026/71;https://www.portaldecompraspublicas.com.br/processos/PE/Prefeitura-Municipal-de-Pedra-2106/CPMP-08-2026-2026-510107;;;10106227000170-1-000071/2026;;2026-10-05 09:09:46;Não informado
Prazo aberto no cadastro PNCP;Sistema especializado / serviços;;FUNDACAO MUNICIPAL DE ASSISTENCIA A SAUDE DOS SERVIDORES DE SAO GONCALO;FUNDAÇÃO MUN. ASSIS. SAÚDE SERV. SÃO GONÇALO;Municipal;São Gonçalo;RJ;Edital nº 7/2026;2026-10-20 10:00:00;2026-10-05 10:00:00;83954.85;66324.33;Pregão - Eletrônico;Não/não informado;"Contratação de empresa para desenvolvimento e suporte de ferramenta de Gestão Clínica Operacional e Administrativa e Aplicativo Mobile do Paciente com funcionalidades de marcação de consultas e exames, gestão de prontuário eletrônico 
do paciente, controle assistencial, com ferramenta IA gestão operacional e faturamento dos procedimentos realizados";Pode envolver implantação, operação, hardware ou desenvolvimento. Não presumir fornecimento apenas de assinatura.;Cadastro de busca oficial PNCP;https://pncp.gov.br/app/editais/14472412000139/2026/8;https://cnetmobile.estaleiro.serpro.gov.br/comprasnet-web/public/compras/acompanhamento-compra?compra=92743005000072026;;;14472412000139-1-000008/2026;;2026-10-02 10:06:24.940864;Não informado
Prazo aberto no cadastro PNCP;Sistema especializado / serviços;;FUNDACAO PARA O DESENVOLVIMENTO DA EDUCACAO;ESP-FDE-FUND P/ DESENV. DA EDUCACAO;Estadual;São Paulo;SP;Edital nº 250/2026;2026-10-20 10:00:00;2026-10-05 08:30:00;882110.07;696866.95;Pregão - Eletrônico;Não/não informado;Contratação de empresa especializada para fornecimento de plataforma customizável, do tipo SAAS (Software as a Service), para Administração de Gestão de Pessoas, por meio de contrato contínuo, para atendimento às necessidades da Fundação para o Desenvolvimento da Educação (FDE).;Pode envolver implantação, operação, hardware ou desenvolvimento. Não presumir fornecimento apenas de assinatura.;Cadastro de busca oficial PNCP;https://pncp.gov.br/app/editais/60509015000101/2026/178;https://cnetmobile.estaleiro.serpro.gov.br/comprasnet-web/public/compras/acompanhamento-compra?compra=08110105002502026;;;60509015000101-1-000178/2026;;2026-10-02 09:43:39.072829;Não informado
Prazo aberto no cadastro PNCP;Sistema especializado / serviços;;MUNICIPIO DE RIO DE JANEIRO;MRJ-PREFEITURA MUNICIPAL DO RIO DE JANEIRO;Municipal;Rio de Janeiro;RJ;Edital nº 1757/2026;2026-10-20 11:00:00;2026-10-05 08:00:00;;;Pregão - Eletrônico;Não/não informado;Prestação de Serviços de disponibilização de solução de computação em nuvem privada, compreendendo Infraestrutura como Serviço (IaaS), Plataforma como Serviço (PaaS) e Software como Serviço (SaaS), incluindo implantação, suporte técnico e operação, para atender às necessidades da MOBI-Rio, pelo período de 24 (vinte e quatro) meses, caracterizados e especificados neste Edital e/ou no Termo de Referência, na forma da lei. ;Pode envolver implantação, operação, hardware ou desenvolvimento. Não presumir fornecimento apenas de assinatura.;Cadastro de busca oficial PNCP + itens oficiais + detalhe da contratação;https://pncp.gov.br/app/editais/42498733000148/2026/2011;https://cnetmobile.estaleiro.serpro.gov.br/comprasnet-web/public/compras/acompanhamento-compra?compra=98600105017572026;https://pncp.gov.br/pncp-api/v1/orgaos/42498733000148/compras/2026/2011/arquivos/1;;42498733000148-1-002011/2026;;2026-10-02 16:08:17.084382;Não informado
Prazo aberto no cadastro PNCP;Sistema especializado / serviços;;MUNICIPIO DE ITABIRITO;PREFEITURA MUNICIPAL DE ITABIRITO - MG;Municipal;Itabirito;MG;Edital nº 1014/2026;2026-10-20 13:00:00;2026-10-02 08:00:00;1423495.11;1124561.13;Pregão - Eletrônico;Não/não informado;Contratação de empresa para implantação e prestação dos serviços de Solução de Comunicação Unificada (UCaaS), englobando PABX em nuvem, entroncamento, locação de aparelhos telefônicos IP e demais equipamentos, instalação, configuração, testes, treinamento, suporte técnico e garantia para atendimento da demanda do Município de Itabirito.;Pode envolver implantação, operação, hardware ou desenvolvimento. Não presumir fornecimento apenas de assinatura.;Cadastro de busca oficial PNCP;https://pncp.gov.br/app/editais/18307835000154/2026/174;https://cnetmobile.estaleiro.serpro.gov.br/comprasnet-web/public/compras/acompanhamento-compra?compra=98463705010142026;;;18307835000154-1-000174/2026;;2026-10-01 13:29:01.508173;Não informado
Prazo aberto no cadastro PNCP;Sistema especializado / serviços;;ITAJUBA CAMARA MUNICIPAL;Unidade Única;Municipal;Itajubá;MG;Edital nº 08/2026;2026-10-20 13:00:00;2026-10-01 16:00:00;46098.36;36417.7;Pregão - Eletrônico;Não/não informado;O objeto é o fornecimento de solução de comunicação de voz sobre IP (VoIP) com PABX em nuvem para até 50 ramais. Incluindo instalação, configuração e tráfego ilimitado para ligações locais e nacionais, fixo-fixo e fixo-móvel, com fornecimento de telefones IP em regime de comodato e 50 números discáveis, conforme descrição no Anexo II – Termo de Referência, parte integrante deste Edital.;Pode envolver implantação, operação, hardware ou desenvolvimento. Não presumir fornecimento apenas de assinatura.;API oficial PNCP de propostas abertas (varredura por UF);https://pncp.gov.br/app/editais/00993308000185/2026/25;https://app2.licitardigital.com.br/pesquisa/115325;;;00993308000185-1-000025/2026;;2026-10-01 16:11:11;Não informado
Prazo aberto no cadastro PNCP;Sistema especializado / serviços;;TRIBUNAL REGIONAL FEDERAL DA 2 REGIAO;TRIBUNAL REGIONAL FEDERAL DA 2A. REGIAO;Federal;Rio de Janeiro;RJ;Edital nº 108/2026;2026-10-20 13:00:00;2026-10-05 13:00:00;900462.5;711365.37;Pregão - Eletrônico;Não/não informado;Renovação das licenças existentes do Software de Backup e restauração de dados IBM Spectrum Protect, com direito a atualização de versões e suporte técnico por 2 anos.;Pode envolver implantação, operação, hardware ou desenvolvimento. Não presumir fornecimento apenas de assinatura.;Cadastro de busca oficial PNCP + itens oficiais + detalhe da contratação;https://pncp.gov.br/app/editais/32243347000151/2026/170;https://cnetmobile.estaleiro.serpro.gov.br/comprasnet-web/public/compras/acompanhamento-compra?compra=09002805001082026;https://pncp.gov.br/pncp-api/v1/orgaos/32243347000151/compras/2026/170/arquivos/1;;32243347000151-1-000170/2026;;2026-10-05 04:00:33.827099;Não informado
Prazo aberto no cadastro PNCP;Sistema especializado / serviços;;TRIBUNAL REGIONAL ELEITORAL DE ALAGOAS;CAL-TRIBUNAL REGIONAL ELEITORAL DE ALAGOAS;Federal;Maceió;AL;Edital nº 119/2026;2026-10-20 14:00:00;2026-10-02 08:00:00;1139175.37;899948.54;Pregão - Eletrônico;Não/não informado;Contratação de serviços de extensão de garantia e suporte técnico para equipamentos HPE atualmente integrados à infraestrutura de Tecnologia da Informação e Comunicação do TRE/AL.;Pode envolver implantação, operação, hardware ou desenvolvimento. Não presumir fornecimento apenas de assinatura.;Cadastro de busca oficial PNCP;https://pncp.gov.br/app/editais/06015041000138/2026/64;https://cnetmobile.estaleiro.serpro.gov.br/comprasnet-web/public/compras/acompanhamento-compra?compra=07001105001192026;;;06015041000138-1-000064/2026;;2026-10-02 04:00:09.598478;Não informado
Prazo aberto no cadastro PNCP;Sistema especializado / serviços;;MUNICIPIO DE CAPAO DA CANOA;Secretaria de Gestão, Inovação e Planejamento;Municipal;Capão da Canoa;RS;Edital nº PE 353/2026;2026-10-20 14:00:00;2026-10-02 14:00:00;2056039.66;1624271.33;Pregão - Eletrônico;Sim;Registro de Preços para contratação de empresa para locação de decoração natalina, compreendendo a disponibilização, transporte, instalação, montagem, manutenção, suporte técnico, desmontagem e retirada de peças e estruturas decorativas luminosas e cenográficas, bem como a realização de paradas de Natal com carros alegóricos, personagens e atrações artísticas, incluídos materiais, mão de obra e equipamentos necessários, para atendimento da sede e dos distritos do Município de Capão da Canoa/RS;Pode envolver implantação, operação, hardware ou desenvolvimento. Não presumir fornecimento apenas de assinatura.;Cadastro de busca oficial PNCP;https://pncp.gov.br/app/editais/90836693000140/2026/802;;;;90836693000140-1-000802/2026;;2026-10-02 14:17:53.646800;Não informado
Prazo aberto no cadastro PNCP;Sistema especializado / serviços;;JUSTICA FEDERAL DE PRIMEIRA INSTANCIA;TRIBUNAL REGIONAL FEDERAL-SEC.1A.REG./DF;Federal;Brasília;DF;Edital nº 46/2026;2026-10-20 14:00:00;2026-10-05 08:00:00;3313660.18;2617791.54;Pregão - Eletrônico;Sim;A presente licitação tem por objeto a formação de registro de preços para eventual contratação de empresa especializada no fornecimento de Solução de Gerenciamento de Vulnerabilidades, na modalidade Software como Serviço (SaaS), para atender às necessidades do Tribunal Regional Federal da Primeira Região – TRF1 e Órgãos Participantes, conforme condições, especificações e quantidades estabelecidas no Edital seus Anexos.;Pode envolver implantação, operação, hardware ou desenvolvimento. Não presumir fornecimento apenas de assinatura.;Cadastro de busca oficial PNCP + itens oficiais + detalhe da contratação;https://pncp.gov.br/app/editais/00508903000188/2026/1941;https://cnetmobile.estaleiro.serpro.gov.br/comprasnet-web/public/compras/acompanhamento-compra?compra=09002705000462026;https://pncp.gov.br/pncp-api/v1/orgaos/00508903000188/compras/2026/1941/arquivos/1;;00508903000188-1-001941/2026;;2026-10-05 04:02:49.012808;Não informado
Prazo aberto no cadastro PNCP;Sistema especializado / serviços;;TRIBUNAL SUPERIOR ELEITORAL;TRIBUNAL REGIONAL ELEITORAL DE GOIAS;Federal;Goiânia;GO;Edital de Chamamento Público nº 73/2026;2026-10-20 18:00:00;2026-10-02 16:00:00;;;Credenciamento;Não/não informado;Constitui objeto deste Edital a prospecção de imóveis urbanos no município de Goiânia/GO, com vistas à possível aquisição de edificação para instalação do Fórum Eleitoral de Goiânia, das nove Zonas Eleitorais da Capital, da Central de Atendimento ao Eleitor e de unidades administrativas do Tribunal Regional Eleitoral de Goiás.;Pode envolver implantação, operação, hardware ou desenvolvimento. Não presumir fornecimento apenas de assinatura.;API oficial PNCP de propostas abertas (varredura por UF);https://pncp.gov.br/app/editais/00509018000113/2026/2304;;;;00509018000113-1-002304/2026;;2026-10-02 14:55:42;Não informado
Prazo aberto no cadastro PNCP;Hardware ou solução integrada;;FUNDO MUNICIPAL DE SAUDE;FUNDO MUNICIPAL DE SAUDE;Municipal;Padre Bernardo;GO;Edital nº (8602) | 37-0/2026;2026-10-21 07:30:00;2026-10-02 15:00:00;;;Pregão - Eletrônico;Não/não informado;Solicitação de abertura de processo licitatório na modalidade Pregão Eletrônico para a contratação de empresa especializada na prestação de serviços de locação de parque tecnológico, licenciamento de software e infraestrutura em modelo integrado (As-a-Service), para atendimento da Secretaria Municipal de Saúde de Padre Bernardo-GO.;Pode envolver implantação, operação, hardware ou desenvolvimento. Não presumir fornecimento apenas de assinatura.;Cadastro de busca oficial PNCP + itens oficiais + detalhe da contratação;https://pncp.gov.br/app/editais/10593919000190/2026/50;;https://pncp.gov.br/pncp-api/v1/orgaos/10593919000190/compras/2026/50/arquivos/1;https://pncp.gov.br/pncp-api/v1/orgaos/10593919000190/compras/2026/50/arquivos/3;10593919000190-1-000050/2026;;2026-10-02 10:40:30.636225;Não informado
Prazo aberto no cadastro PNCP;Sistema especializado / serviços;;MUNICIPIO DE NOVA RUSSAS;SECRETARIA DE ADMINISTRACAO E FINANCAS;Municipal;Nova Russas;CE;Edital nº SAF-PE001/2026;2026-10-21 08:00:00;2026-10-06 14:40:00;2900000.0;2291000.0;Pregão - Eletrônico;Não/não informado;Contratação de instituição financeira para processamento da folha salarial dos servidores municipais (ativos e inativos), concessão de crédito consignado (sem exclusividade), canal facultativo para pagamento de fornecedores e gestão exclusiva da chave PIX vinculada ao CNPJ do Município. O escopo inclui integrações sistêmicas (CNAB/API) e aplicação de IMR, conforme especificações detalhadas no Edital e Termo de Referência.;Pode envolver implantação, operação, hardware ou desenvolvimento. Não presumir fornecimento apenas de assinatura.;API oficial PNCP de propostas abertas (varredura por UF);https://pncp.gov.br/app/editais/07993439000101/2026/98;https://bllcompras.com/Process/ProcessView?param1=[gkz]ockEv4AlrlUbjfXRq9_2M8F_um52ufTqVn8L5k/XQ8J9c0I8j543p8O6lUikGp_e1qzN/GESZ5ZJOn5M5m1Gfz4UfwVLbvaxsz_WNfQigBI=;;;07993439000101-1-000098/2026;;2026-10-06 14:35:22;Não informado
Prazo aberto no cadastro PNCP;Sistema especializado / serviços;;MUNICIPIO DE CAMPO NOVO DO PARECIS;PREFEITURA MUNICIPAL DE CAMPO NOVO DO PARECIS - MT;Municipal;Campo Novo do Parecis;MT;Edital nº 104/2026;2026-10-21 08:00:00;2026-10-06 08:00:00;70566.67;55747.66;Pregão - Eletrônico;Não/não informado;Contratação de empresa especializada para disponibilização de sistema de gestão de WhatsApp, na modalidade de locação, baseado na API oficial do WhatsApp, com acesso por plataforma on-line (web) e aplicativo próprio para dispositivos móveis Android e iOS, incluindo integração com canais de Direct do Instagram, pacote mensal de mensagens, armazenamento de mídias, implantação, treinamento, suporte técnico, manutenção e atualizações, destinado ao atendimento institucional, à comunicação oficial.;Pode envolver implantação, operação, hardware ou desenvolvimento. Não presumir fornecimento apenas de assinatura.;Cadastro de busca oficial PNCP;https://pncp.gov.br/app/editais/24772287000136/2026/179;https://bllcompras.com/Process/ProcessView?param1=[gkz]2RfUMgt/1ROqpjbW/29PB/ywp6Jn_u/lNgP6aKJ95CHwS5dHDzxi6vGfymqTaGQH0Nhy0JEYZMlqdtAevSwV4ovoGTNRVEDWKdvvWUyyS8E=;;;24772287000136-1-000179/2026;;2026-10-06 09:22:37.182970;Não informado
Prazo aberto no cadastro PNCP;Sistema especializado / serviços;;MUNICIPIO DE CAMPOS DO JORDAO;Prefeitura Municipal da Est. Turística de Campos do Jordão;Municipal;Campos do Jordão;SP;Edital nº 040 - Reabertura/2026;2026-10-21 08:00:00;2026-10-01 08:00:00;2332000.0;1842280.0;Pregão - Eletrônico;Não/não informado;CONTRATAÇÃO DE EMPRESA ESPECIALIZADA PARA PRESTAÇÃO DE SERVIÇOS PARA CONVERSÃO, IMPLANTAÇÃO, TREINAMENTO, DISPONIBILIZAÇÃO E MANUTENÇÃO DE PLATAFORMA DE SISTEMAS INFORMATIZADOS DE GESTÃO PÚBLICA ADMINISTRATIVA E FINANCEIRA, DE FORMA A ATENDER AS NECESSIDADES DA PREFEITURA MUNICIPAL E CÂMARA MUNICIPAL, DO MUNICÍPIO DE CAMPOS DO JORDÃO.;Pode envolver implantação, operação, hardware ou desenvolvimento. Não presumir fornecimento apenas de assinatura.;API oficial PNCP de propostas abertas (varredura por UF);https://pncp.gov.br/app/editais/45699626000176/2026/498;http://www.licitacaocamposdojordao.com.br;;;45699626000176-1-000498/2026;;2026-09-30 10:19:39;Não informado
Prazo aberto no cadastro PNCP;Sistema especializado / serviços;;MUNICIPIO DE SAO JOSE DOS CAMPOS;SECRETARIA DE GESTAO ADMINISTRATIVA E FINANCAS;Municipal;São José dos Campos;SP;Edital nº 198/2026;2026-10-21 08:30:00;2026-10-06 08:00:00;97640.0;77135.6;Pregão - Eletrônico;Não/não informado;AQUISICAO DE AERONAVES REMOTAMENTE PILOTADA (RPA/DRONE).;Pode envolver implantação, operação, hardware ou desenvolvimento. Não presumir fornecimento apenas de assinatura.;Cadastro de busca oficial PNCP;https://pncp.gov.br/app/editais/46643466000106/2026/972;https://servicos.sjc.sp.gov.br/sa/licitacoes/confirma_download_edital.aspx?id=21648;;;46643466000106-1-000972/2026;;2026-09-11 11:19:28.361323;Não informado
Recebimento futuro anunciado;Sistema especializado / serviços;;EMPRESA BAIANA DE AGUAS E SANEAMENTO S/A - EMBASA;EMPRESA BAIANA DE AGUAS E SANEAMENTO S/A - EMBASA;Não se aplica;Salvador;BA;Edital nº SP176/2026/2026;2026-10-21 08:30:00;2026-10-19 08:00:00;;;Pregão - Eletrônico;Não/não informado;"DESENVOLVIMENTO DE PRODUTOS NA PLATAFORMA LIFERAY DXP, INCLUINDO SUBSCRIÇÃO, SERVIÇOS DE DESENVOLVIMENTO E SUSTENTAÇÃO DE AMBIENTE.
Fonte de Recursos: Próprios.";Pode envolver implantação, operação, hardware ou desenvolvimento. Não presumir fornecimento apenas de assinatura.;Cadastro de busca oficial PNCP;https://pncp.gov.br/app/editais/13504675000110/2026/306;https://licitacoes-e2.bb.com.br/aop-inter-estatico/visualizar-processo-publico/1101295;;;13504675000110-1-000306/2026;;2026-09-23 18:32:00.924420;Não informado
Prazo aberto no cadastro PNCP;Sistema especializado / serviços;;MUNICIPIO DE ESPERANCA NOVA;Unidade administrativa;Municipal;Esperança Nova;PR;Edital nº 24/2026;2026-10-21 08:30:00;2026-10-02 14:30:00;2344800.0;1852392.0;Pregão - Eletrônico;Sim;O objeto da presente licitação é Registro de Preços para aquisição de peças e acessórios em geral, novos, original e/ou genuína com manutenção mecânica,  Manutenção Elétrica e Eletrônica, Serviços Gerais (Ar-condicionado, Funilaria, Alinhamento e Balanceamento, Estofamento Veicular, Recapagem e Consertos), Aquisição de Lubrificantes e Fluidos e Pneus novos para a “LINHA MÉDIA”, com critério de maior percentual de desconto tendo como referência de valores máximos os preços do software de orçamentação eletrônica TRAZ VALOR para peças e/ou materiais e maior percentual de desconto sobre os preços da hora homem dos serviços da TRAZ VALOR, necessários aos veículos da frota Municipal de Esperança Nova já integrantes da frota oficial ou que venham a ser incorporadas ao patrimônio, por um período de 12 (doze) meses, para atender a demanda das Secretarias e Departamentos do município de Esperança Nova – PR;Pode envolver implantação, operação, hardware ou desenvolvimento. Não presumir fornecimento apenas de assinatura.;API oficial PNCP de propostas abertas (varredura por UF) + itens oficiais + detalhe da contratação;https://pncp.gov.br/app/editais/01612269000191/2026/54;;https://pncp.gov.br/pncp-api/v1/orgaos/01612269000191/compras/2026/54/arquivos/1;;01612269000191-1-000054/2026;;2026-10-02 14:58:37;Não informado
Prazo aberto no cadastro PNCP;Sistema especializado / serviços;;MUNICIPIO DE DOIS IRMAOS;Tecnologia e Inovação Município Dois Irmãos/RS;Municipal;Dois Irmãos;RS;Edital nº PCE 127/2026;2026-10-21 08:55:00;2026-10-06 09:00:00;961462.51;759555.38;Pregão - Eletrônico;Não/não informado;Contratação de empresa especializada para fornecimento de Sistema de Gestão Municipal (SGM), nativo para plataforma web, integralmente em língua portuguesa, com funcionamento 100% em ambiente web e hospedagem em nuvem, mediante licenciamento de uso sem limite de usuários, contemplando implantação, parametrização e configuração do sistema, migração de dados, treinamento presencial e a distância, suporte técnico, manutenção preventiva, corretiva e evolutiva, integrações, atualizações tecnológicas e customizações, destinados ao atendimento das necessidades do Município de Dois Irmãos, do Fundo de Previdência Social de Dois Irmãos e da Câmara de Vereadores de Dois Irmãos.;Pode envolver implantação, operação, hardware ou desenvolvimento. Não presumir fornecimento apenas de assinatura.;Cadastro de busca oficial PNCP;https://pncp.gov.br/app/editais/88254891000153/2026/258;;;;88254891000153-1-000258/2026;;2026-10-06 09:34:36.459618;Não informado
Prazo aberto no cadastro PNCP;Sistema especializado / serviços;;CONTROLADORIA-GERAL DO ESTADO;Controladoria Geral do Estado;Estadual;Palmas;TO;Edital nº 90040/PE/CGE/2026;2026-10-21 08:59:00;2026-10-05 08:00:00;;;Pregão - Eletrônico;Não/não informado;PROCESSO DE CONTRATAÇÃO DE LICENCIAMENTO E /OU SUBSCRIÇÃO DE SOLTWARE DE COMUNICAÇÃO, PARA REALIZAÇÃO DE VIDEO CONFERÊNCIAS ONLINE E HÍBRIDAS, COM POSSIBILIDADE DE GRAVAÇÃO TRANCRIÇÃO DE ÁUDIOS E SOLUÇÃO DE BACKUP PARA RETENÇÃO DAS MÍDIAS GRAVADAS;Pode envolver implantação, operação, hardware ou desenvolvimento. Não presumir fornecimento apenas de assinatura.;Cadastro de busca oficial PNCP + itens oficiais + detalhe da contratação;https://pncp.gov.br/app/editais/04807648000125/2026/22;;https://pncp.gov.br/pncp-api/v1/orgaos/04807648000125/compras/2026/22/arquivos/1;;04807648000125-1-000022/2026;;2026-10-05 13:27:20.802996;Não informado
Prazo aberto no cadastro PNCP;Sistema especializado / serviços;;SAO PAULO SECRETARIA DA ADMINISTRACAO PENITENCIARIA;ESP-CPP. DE HORTOLANDIA;Estadual;Hortolândia;SP;Edital nº 89/2026;2026-10-21 09:00:00;2026-10-07 09:00:00;32942.115;26024.27;Pregão - Eletrônico;Não/não informado;Aquisição de materiais para automação das portas das celas;Pode envolver implantação, operação, hardware ou desenvolvimento. Não presumir fornecimento apenas de assinatura.;Cadastro de busca oficial PNCP;https://pncp.gov.br/app/editais/96291141000180/2026/6741;https://cnetmobile.estaleiro.serpro.gov.br/comprasnet-web/public/compras/acompanhamento-compra?compra=38013905000892026;;;96291141000180-1-006741/2026;;2026-10-06 16:50:23.312084;Não informado
Prazo aberto no cadastro PNCP;Sistema especializado / serviços;;MUNICIPIO DE ARACUAI;Unidade Única;Municipal;Araçuaí;MG;Edital nº 000023/2026;2026-10-21 09:00:00;2026-10-02 08:30:00;;;Pregão - Eletrônico;Sim;REGISTRO DE PREÇOS PARA FUTURA E EVENTUAL CONTRATAÇÃO DE EMPRESA ESPECIALIZADA PARA DISPONIBILIZAÇÃO DE LICENÇA DE USO DE SISTEMA INTEGRADO DE GESTÃO PÚBLICA, EM AMBIENTE WEB, EM MÓDULOS, CONTEMPLANDO ATENDIMENTO ÀS ESPECIFICAÇÕES TÉCNICAS, QUANTITATIVOS PREVISTOS E SERVIÇOS TÉCNICOS CORRELATOS, COM ACESSO ILIMITADO DE USUÁRIOS, DESTINADO À PREFEITURA MUNICIPAL DE ARAÇUAÍ/MG;Pode envolver implantação, operação, hardware ou desenvolvimento. Não presumir fornecimento apenas de assinatura.;Cadastro de busca oficial PNCP;https://pncp.gov.br/app/editais/17963083000117/2026/70;https://app2.licitardigital.com.br/pesquisa/115233;;;17963083000117-1-000070/2026;;2026-10-02 08:31:32.876324;Não informado
Prazo aberto no cadastro PNCP;Hardware ou solução integrada;;MUNICIPIO DE DONA EUZEBIA;Prefeitura Municipal de Dona Euzébia;Municipal;Dona Euzébia;MG;Edital nº PROCESSO LICITATORIO 079/2026;2026-10-21 09:00:00;2026-10-06 09:00:00;18467.84;14589.59;Pregão - Eletrônico;Sim;[Portal de Compras Públicas] - O objeto da presente licitação é o Registro de Preços para futura e eventual contratação de empresa especializada na prestação de serviços contínuos de rastreamento e monitoramento eletrônico da frota municipal, abrangendo inicialmente 21 (vinte e um) veículos, com capacidade de expansão para atendimento de até 30 (trinta) veículos simultaneamente, pelo período de 12 (doze) meses, por meio de solução integrada de geolocalização (GPS/GPRS/GSM/4G e tecnologia complementar, inclusive satelital quando necessário), com fornecimento e instalação, em regime de comodato, de equipamentos rastreadores, dispositivos de identificação de condutor, softwares, configuração, manutenção preventiva e corretiva, conforme especificações e condições estabelecidas neste Edital e no Termo de Referência.;Pode envolver implantação, operação, hardware ou desenvolvimento. Não presumir fornecimento apenas de assinatura.;API oficial PNCP de propostas abertas (varredura por UF);https://pncp.gov.br/app/editais/17706656000127/2026/52;https://www.portaldecompraspublicas.com.br/processos/MG/Prefeitura-Municipal-de-Dona-Euzebia-1644/RPE-PROCESSO-LICITATORIO-079-2026-2026-516251;;;17706656000127-1-000052/2026;;2026-10-05 15:02:47;Não informado
Prazo aberto no cadastro PNCP;Sistema especializado / serviços;;MUNICIPIO DE TIROS;MUNICÍPIO DE TIROS/MG;Municipal;Tiros;MG;Edital nº 39/2026;2026-10-21 09:00:00;2026-09-29 14:43:08;333593.1;263538.54;Pregão - Eletrônico;Não/não informado;[LICITANET] - AQUISIÇÃO DE PRODUTOS QUÍMICOS DESTINADOS À LAVANDERIA HOSPITALAR E À LIMPEZA HOSPITALAR, ACOMPANHADOS DOS RESPECTIVOS EQUIPAMENTOS E SISTEMAS NECESSÁRIOS À SUA ADEQUADA UTILIZAÇÃO, INCLUINDO SISTEMA DE DOSAGEM ELETRÔNICA E AUTOMAÇÃO ELÉTRICA COMPATÍVEL COM OS PRODUTOS ADQUIRIDOS.;Pode envolver implantação, operação, hardware ou desenvolvimento. Não presumir fornecimento apenas de assinatura.;API oficial PNCP de propostas abertas (varredura por UF);https://pncp.gov.br/app/editais/18602094000134/2026/103;https://licitanet.com.br/sessao/203143;;;18602094000134-1-000103/2026;;2026-09-29 14:57:55;Não informado
Prazo aberto no cadastro PNCP;Sistema especializado / serviços;;DEPARTAMENTO MUNICIPAL DE AGUA E ESGOTO;DEPARTAMENTO MUN.DE ÁGUA ESGOTO DE UBERLÂNDIA;Municipal;Uberlândia;MG;Edital nº 170/2026;2026-10-21 09:00:00;2026-10-05 08:00:00;395000.0;312050.0;Pregão - Eletrônico;Não/não informado;Contratação de empresa especializada para prestação de serviços de cadastro de georreferenciado e mapeamento com modelagem hidráulica através de software (open source) de uma área piloto, em atendimento à Diretoria do Sistema de Abastecimento de Água, conforme condições, quantidades e exigências estabelecidas neste Edital e seus anexos.;Pode envolver implantação, operação, hardware ou desenvolvimento. Não presumir fornecimento apenas de assinatura.;API oficial PNCP de propostas abertas (varredura por UF);https://pncp.gov.br/app/editais/25769548000121/2026/207;https://cnetmobile.estaleiro.serpro.gov.br/comprasnet-web/public/compras/acompanhamento-compra?compra=92628705001702026;;;25769548000121-1-000207/2026;;2026-10-02 15:34:45;Não informado
Prazo aberto no cadastro PNCP;Sistema especializado / serviços;;MUNICIPIO DE FAZENDA RIO GRANDE;PREFEITURA MUNICIPAL FAZENDA RIO GRANDE - PR;Municipal;Fazenda Rio Grande;PR;Edital nº 82/2026;2026-10-21 09:00:00;2026-10-02 08:00:00;4664964.32;3685321.81;Pregão - Eletrônico;Não/não informado;Contratação de empresa especializada para o fornecimento de solução integrada de gestão pública, na modalidade Software como Serviço (SaaS), compreendendo licenciamento de uso, implantação, migração de dados, parametrização, integração, treinamento de usuários, suporte técnico, manutenção corretiva, adaptativa, evolutiva e legal, hospedagem em ambiente computacional, bem como demais serviços necessários ao pleno funcionamento da solução;Pode envolver implantação, operação, hardware ou desenvolvimento. Não presumir fornecimento apenas de assinatura.;Cadastro de busca oficial PNCP;https://pncp.gov.br/app/editais/95422986000102/2026/274;https://cnetmobile.estaleiro.serpro.gov.br/comprasnet-web/public/compras/acompanhamento-compra?compra=98998305000822026;;;95422986000102-1-000274/2026;;2026-10-01 14:49:28.715903;Não informado
Prazo aberto no cadastro PNCP;Sistema especializado / serviços;;INSTITUTO MUNICIPAL DE PREVIDENCIA DE MACHADINHO DO OESTE, RO - IMPREV;INSTITUTO MUNICIPAL DE PREVIDÊNCIA DE MACHADINHO DO OESTE- IMPREV/RO;Municipal;Machadinho D'Oeste;RO;Edital nº 02/2026;2026-10-21 09:00:00;2026-10-05 10:43:09;116072.04;91696.91;Pregão - Eletrônico;Não/não informado;"[LICITANET] - Contratação de empresa especializada para a prestação de serviços continuados de 
assessoria e consultoria técnica previdenciária em Regime Próprio de Previdência Social – RPPS, 
bem como para a disponibilização, implantação, parametrização, migração de dados, manutenção, 
suporte técnico e atualização de software de gestão previdenciária em ambiente web, pelo período de 
12 (doze) meses, conforme condições e especificações estabelecidas no Termo de Referência. ";Pode envolver implantação, operação, hardware ou desenvolvimento. Não presumir fornecimento apenas de assinatura.;Cadastro de busca oficial PNCP + itens oficiais + detalhe da contratação;https://pncp.gov.br/app/editais/05127965000163/2026/11;https://licitanet.com.br/sessao/203764;https://pncp.gov.br/pncp-api/v1/orgaos/05127965000163/compras/2026/11/arquivos/1;;05127965000163-1-000011/2026;;2026-10-05 10:43:15.734418;Não informado
Prazo aberto no cadastro PNCP;Sistema especializado / serviços;;FUNDACAO UNIVERSIDADE REGIONAL DE BLUMENAU - FURB;Fundação Universidade Regional de Blumenau- SC;Municipal;Blumenau;SC;Edital nº 208/2026;2026-10-21 09:00:00;2026-10-06 17:00:00;185300.0;146387.0;Pregão - Eletrônico;Não/não informado;CONTRATAÇÃO DE SERVIÇOS DE DESENVOLVIMENTO DE WEB, INCLUINDO MANUTENÇÃO ADAPTATIVA, CORRETIVA, EVOLUTIVA E PREVENTIVA DO PORTAL INSTITUCIONAL E DEMAIS SITES EXISTENTES NO DOMÍNIO FURB.BR;Pode envolver implantação, operação, hardware ou desenvolvimento. Não presumir fornecimento apenas de assinatura.;API oficial PNCP de propostas abertas (varredura por UF);https://pncp.gov.br/app/editais/82662958000102/2026/232;https://comprasbr.com.br/pregao-eletronico-detalhe/?idlicitacao=48799;;;82662958000102-1-000232/2026;;2026-10-06 09:58:05;Não informado
Prazo aberto no cadastro PNCP;Hardware ou solução integrada;;FUNDO MUNICIPAL DE SAUDE DE TOMAR DO GERU;FUNDO MUNICIPAL DE SAUDE DE TOMAR DO GERU;Municipal;Tomar do Geru;SE;Edital nº 06/2026;2026-10-21 09:00:00;2026-10-05 09:00:00;467664.67;369455.08;Pregão - Eletrônico;Não/não informado;Contratação de empresa especializada para o fornecimento de solução integrada de Business Intelligence (BI) aplicada à gestão da saúde, contemplando painel gerencial de indicadores, suporte técnico, manutenção, hospedagem dos ambientes do e-SUS e BI em nuvem, atendimento presencial e remoto aos usuários e disponibilização de e tablets, notbooks e impressoras, necessários à execução dos serviços em regime de comodato, para atender as necessidades do Fundo Municipal de Saúde de Tomar do Geru/SE.;Pode envolver implantação, operação, hardware ou desenvolvimento. Não presumir fornecimento apenas de assinatura.;Cadastro de busca oficial PNCP;https://pncp.gov.br/app/editais/11412389000107/2026/8;;;;11412389000107-1-000008/2026;;2026-09-08 11:42:14.401933;Não informado
Prazo aberto no cadastro PNCP;Sistema especializado / serviços;;CONTROLADORIA-GERAL DO ESTADO;ETO-CONTROLADORIA-GERAL DO ESTADO-CGE/T0;Estadual;Palmas;TO;Edital nº 1/2026;2026-10-21 09:00:00;2026-10-05 08:00:00;;;Pregão - Eletrônico;Não/não informado;Contratação de Serviços - Subscrição/Licenciamento de Solução Integrada de Comunicação Corporativa para Videoconferência em nuvem;Pode envolver implantação, operação, hardware ou desenvolvimento. Não presumir fornecimento apenas de assinatura.;Cadastro de busca oficial PNCP;https://pncp.gov.br/app/editais/04807648000125/2026/21;https://cnetmobile.estaleiro.serpro.gov.br/comprasnet-web/public/compras/acompanhamento-compra?compra=92619805000012026;;;04807648000125-1-000021/2026;;2026-10-02 13:42:54.398117;Não informado
Prazo aberto no cadastro PNCP;Sistema especializado / serviços;;CAMARA LEGISLATIVA DO DISTRITO FEDERAL;CAMARA LEGISLATIVA DO DISTRITO FEDERAL;Distrital;Brasília;DF;Edital nº 123/2026;2026-10-21 09:30:00;2026-10-05 08:00:00;5305976.69;4191721.58;Pregão - Eletrônico;Não/não informado;Contratação de empresa especializada para fornecer e instalar equipamentos e sistemas audiovisuais, incluindo painel LED, sistema de microfones sem fio, iluminação cênica, UPS e revestimento acústico, com a entrega de projetos executivos, materiais de instalação e prestação de serviços de treinamento, operação assistida, suporte técnico e garantia por 40 meses, objetivando a modernização audiovisual do Auditório Lindberg Aziz Cury, da Câmara Legislativa do Distrito Federal - CLDF.;Pode envolver implantação, operação, hardware ou desenvolvimento. Não presumir fornecimento apenas de assinatura.;Cadastro de busca oficial PNCP;https://pncp.gov.br/app/editais/26963645000113/2026/132;https://cnetmobile.estaleiro.serpro.gov.br/comprasnet-web/public/compras/acompanhamento-compra?compra=97400405001232026;;;26963645000113-1-000132/2026;;2026-10-01 18:56:29.483969;Não informado
Prazo aberto no cadastro PNCP;Sistema especializado / serviços;;FUNDO MUNICIPAL DE EDUCACAO;FME FUNDO MUNICIPAL DE EDUCACAO;Municipal;Águas Lindas de Goiás;GO;Edital nº 10982/2026;2026-10-21 09:30:00;2026-10-06 09:30:00;3710932.92;2931637.0;Pregão - Eletrônico;Não/não informado;CONTRATAÇÃO DE EMPRESA ESPECIALIZADA PARA SERVIÇOS CONTÍNUOS DE LOCAÇÃO DE SOFTWARE INTEGRADO DE SISTEMAS PARA GESTÃO PÚBLICA, COM MÓDULOS INTEGRADOS, CONFORME DISCRIMINADO NO ETP E TERMO DE REFERÊNCIA, INCLUSO A PRESTAÇÃO DOS SERVIÇOS DE INSTALAÇÃO, IMPLANTAÇÃO, MIGRAÇÃO DE DADOS, CUSTOMIZAÇÃO, TREINAMENTO DE USUÁRIOS, MANUTENÇÃO E SUPORTE TÉCNICO DE SOFTWARES DE GESTÃO MUNICIPAL, CONFORME QUANTITATIVO E DEMAIS ESPECIFICAÇÕES TÉCNICAS CONTIDAS NO TERMO DE REFERÊNCIA.;Pode envolver implantação, operação, hardware ou desenvolvimento. Não presumir fornecimento apenas de assinatura.;Cadastro de busca oficial PNCP;https://pncp.gov.br/app/editais/19724762000169/2026/29;;;;19724762000169-1-000029/2026;;2026-10-06 16:41:31.843198;Não informado
Prazo aberto no cadastro PNCP;Sistema especializado / serviços;;MUNICIPIO DE AGUAS LINDAS DE GOIAS;Prefeitura Municipal de Águas Lindas de Goiás;Municipal;Águas Lindas de Goiás;GO;Edital nº 35/2026;2026-10-21 09:30:00;2026-10-06 09:30:00;3710932.92;2931637.0;Pregão - Eletrônico;Não/não informado;[Portal de Compras Públicas] - Contratação de empresa especializada para serviços contínuos de locação de Software Integrado de Sistemas para Gestão Pública, com módulos integrados, conforme discriminado no ETP e Termo de Referência, incluso a prestação dos serviços de instalação, implantação, migração de dados, customização, treinamento de usuários, manutenção e suporte técnico de softwares de gestão municipal.;Pode envolver implantação, operação, hardware ou desenvolvimento. Não presumir fornecimento apenas de assinatura.;Cadastro de busca oficial PNCP;https://pncp.gov.br/app/editais/01616520000196/2026/127;https://www.portaldecompraspublicas.com.br/processos/GO/Prefeitura-Municipal-de-Aguas-Lindas-de-Goias-2994/PE-35-2026-2026-516173;;;01616520000196-1-000127/2026;;2026-10-05 14:15:07.308910;Não informado
Prazo aberto no cadastro PNCP;Sistema especializado / serviços;;MUNICIPIO DE SAO BERNARDO DO CAMPO;Município de São Bernardo do Campo;Municipal;São Bernardo do Campo;SP;Edital nº PE 239/2026_1371/2026;2026-10-21 09:30:00;2026-10-05 10:00:00;12725776.0;10053363.04;Pregão - Eletrônico;Não/não informado;CONTRATAÇÃO PARA FORNECIMENTO DE SOLUÇÃO INTEGRADA DE COMUNICAÇÃO CORPORATIVA UNIFICADA EM NUVEM (UCAAS – UNIFIED COMMUNICATIONS AS A SERVICE) PARA O MUNICÍPIO DE SÃO BERNARDO DO CAMPO, COMPREENDENDO A PRESTAÇÃO DE SERVIÇOS CONTINUADOS DE COMUNICAÇÃO CORPORATIVA, EM AMBIENTE TOTALMENTE HOSPEDADO EM NUVEM, INCLUINDO IMPLANTAÇÃO, CONFIGURAÇÃO, MIGRAÇÃO, OPERAÇÃO ASSISTIDA, SUPORTE TÉCNICO E MANUTENÇÃO;Pode envolver implantação, operação, hardware ou desenvolvimento. Não presumir fornecimento apenas de assinatura.;API oficial PNCP de propostas abertas (varredura por UF);https://pncp.gov.br/app/editais/46523239000147/2026/490;https://compras.saobernardo.sp.gov.br/;;;46523239000147-1-000490/2026;;2026-10-01 11:57:21;Não informado
Recebimento futuro anunciado;Sistema especializado / serviços;;MUNICIPIO DE SALVADOR;COGEL CIA DE GOVERNANçA ELETRôNICA DO SALVADOR;Municipal;Salvador;BA;Edital nº 005/2026/2026;2026-10-21 10:00:00;2026-10-19 08:00:00;23558723.4;18611391.48;Pregão - Eletrônico;Sim;"SMART-Contratação de empresa especializada, através do Sistema de Registro de preço, para o fornecimento da plataforma de atendimento multicanais/omnicanal e cloud unificado de inteligência artificial, na modalidade CPaaS (Plataforma de Comunicação como Serviço) e SaaS (Software as a Service), que contemple: serviço de mensageria; serviços de comunicação por voz e vídeo WebRTC; serviço de verificação móvel; serviços de validação de documentação e biometria; serviço de gravação e armazenamento de voz e vídeo chamadas; serviço de automação de fluxos e serviço de Inteligência Artificial (IA) unificada em cloud e generativa; bem como para a prestação de serviços de implantação, integração e configuração da solução; serviço de treinamento; serviço de suporte técnico 24x7; serviço de gerenciamento da plataforma e serviço sob demanda para customização da solução e desenvolvimento de API de integração, conforme condições e exigências estabelecidas neste instrumento.";Pode envolver implantação, operação, hardware ou desenvolvimento. Não presumir fornecimento apenas de assinatura.;Cadastro de busca oficial PNCP;https://pncp.gov.br/app/editais/13927801000149/2026/258;https://licitacoes-e2.bb.com.br/aop-inter-estatico/visualizar-processo-publico/1102166;;;13927801000149-1-000258/2026;;2026-10-06 18:42:51.439001;Não informado
Prazo aberto no cadastro PNCP;Hardware ou solução integrada;;ESTADO DE GOIAS;POLÍCIA MILITAR DO ESTADO DE GOIÁS/GO;Estadual;Goiânia;GO;Edital nº 121304/2026;2026-10-21 10:00:00;2026-10-07 08:00:00;93334.05;73733.89;Pregão - Eletrônico;Não/não informado;Aquisição de Unidades de workstations para edição audiovisual, destinadas ao Comando de Comunicação Estratégica da Polícia Militar do Estado de Goiás, com a finalidade de suprir a necessidade de renovação da infraestrutura tecnológica empregada nas atividades de criação, edição e produção de conteúdos institucionais;Pode envolver implantação, operação, hardware ou desenvolvimento. Não presumir fornecimento apenas de assinatura.;Cadastro de busca oficial PNCP;https://pncp.gov.br/app/editais/01409580000138/2026/1537;;;;01409580000138-1-001537/2026;;2026-10-06 08:41:04.782515;Não informado
Prazo aberto no cadastro PNCP;Sistema especializado / serviços;;CUIABA CAMARA MUNICIPAL;MMT - CAMARA MUNICIPAL DE CUIABA;Municipal;Cuiabá;MT;Edital nº 5/2026;2026-10-21 10:00:00;2026-10-06 08:00:00;408431.93;322661.22;Pregão - Eletrônico;Não/não informado;Contratação de empresa especializada para gerenciamento eletrônico de processos legislativos de forma integrada, contemplando serviços de implantação, parametrização, migração de dados, treinamento, hospedagem, suporte técnico, manutenção corretiva, preventiva e evolutiva, incluindo aplicativo de votação eletrônica, serviços técnicos especializados sob demanda e Atualização compilada de atos normativos, conforme condições, quantidades, requisitos e especificações estabelecidas neste Termo de Referência.;Pode envolver implantação, operação, hardware ou desenvolvimento. Não presumir fornecimento apenas de assinatura.;Cadastro de busca oficial PNCP;https://pncp.gov.br/app/editais/33710823000160/2026/15;https://cnetmobile.estaleiro.serpro.gov.br/comprasnet-web/public/compras/acompanhamento-compra?compra=93110205000052026;;;33710823000160-1-000015/2026;;2026-10-05 13:59:59.660610;Não informado
Prazo aberto no cadastro PNCP;Sistema especializado / serviços;;MINISTERIO DA FAZENDA;BANCO DA AMAZONIA S/A;Federal;Belém;PA;Edital nº 7/2026;2026-10-21 10:00:00;2026-09-30 10:00:00;821134965.08;648696622.41;Pregão - Eletrônico;Sim;Contratação de empresa, pelo Sistema de Registro de Preços (SRP) e pelo prazo de 5 (cinco) anos, correspondentes a 60 (sessenta) meses, nos termos dos arts. 66 e 71 da Lei nº 13.303/2016, para serviços técnicos especializados de Tecnologia da Informação para o suporte, sustentação e evolução do portfólio de produtos de software do Banco da Amazônia.;Pode envolver implantação, operação, hardware ou desenvolvimento. Não presumir fornecimento apenas de assinatura.;API oficial PNCP de propostas abertas (varredura por UF) + itens oficiais + detalhe da contratação;https://pncp.gov.br/app/editais/00394460000141/2026/698;https://cnetmobile.estaleiro.serpro.gov.br/comprasnet-web/public/compras/acompanhamento-compra?compra=17900705000072026;https://pncp.gov.br/pncp-api/v1/orgaos/00394460000141/compras/2026/698/arquivos/1;;00394460000141-1-000698/2026;;2026-09-29 18:11:21;Não informado
Prazo aberto no cadastro PNCP;Sistema especializado / serviços;;ESTADO DO CEARA;GOVERNO DO ESTADO DO CEARÁ;Estadual;Fortaleza;CE;Edital nº 156/2026;2026-10-21 10:30:00;2026-09-29 08:00:00;;;Pregão - Eletrônico;Não/não informado;O objeto da licitação é a prestação dos serviços de locação de solução integrada de Sistema de monitoramento das áreas internas e externas dos prédios da Cagece, a qual deverá ser composta por sistemas (hardwares e softwares) integrados, para monitoramento de alertas de intrusão, visualização das imagens em tempo real, controle de acesso, manutenção preventiva e corretiva, atendimento técnico 24/7 horas, equipe de operadores e central de monitoramento 24 horas, bem como atendimento tático operacional, nas condições estabelecidas neste edital e seus anexos.;Pode envolver implantação, operação, hardware ou desenvolvimento. Não presumir fornecimento apenas de assinatura.;Cadastro de busca oficial PNCP;https://pncp.gov.br/app/editais/07954480000179/2026/19678;https://cnetmobile.estaleiro.serpro.gov.br/comprasnet-web/public/compras/acompanhamento-compra?compra=94300105001562026;;;07954480000179-1-019678/2026;;2026-07-20 15:15:58.332463;Não informado
Prazo aberto no cadastro PNCP;Sistema especializado / serviços;;MINISTERIO PUBLICO DO ESTADO DO ACRE;MINISTÉRIO PUBLICO DO ESTADO DO ACRE;Estadual;Rio Branco;AC;Edital nº 69/2026;2026-10-21 11:00:00;2026-10-06 08:00:00;;;Pregão - Eletrônico;Não/não informado;Contratação de empresa para o fornecimento de assinatura de licença de uso de Software de Gestão de Clínicas, Prontuários Eletrônicos e consultórios, e outras necessidades do Centros de Especialidades em Saúde-CES, conforme especificações constantes no Termo de Referência – Anexo I do Edital.;Pode envolver implantação, operação, hardware ou desenvolvimento. Não presumir fornecimento apenas de assinatura.;Cadastro de busca oficial PNCP;https://pncp.gov.br/app/editais/04034450000156/2026/67;https://cnetmobile.estaleiro.serpro.gov.br/comprasnet-web/public/compras/acompanhamento-compra?compra=92589905000692026;;;04034450000156-1-000067/2026;;2026-09-04 15:31:42.548511;Não informado
Prazo aberto no cadastro PNCP;Sistema especializado / serviços;;BANESTES SA BANCO DO ESTADO DO ESPIRITO SANTO;EES - BANCO DO ESTADO DO ESPÍRITO SANTO;Não se aplica;Vitória;ES;Edital nº 6/2026;2026-10-21 13:30:00;2026-09-29 09:00:00;;;Pregão - Eletrônico;Não/não informado;Contratação de solução de APM – Application Performance Monitoring, incluindo o serviço de instalação e configuração, treinamento, consultoria e suporte técnico, em conformidade com este Edital e seus anexos.;Pode envolver implantação, operação, hardware ou desenvolvimento. Não presumir fornecimento apenas de assinatura.;Cadastro de busca oficial PNCP;https://pncp.gov.br/app/editais/28127603014802/2026/19;https://cnetmobile.estaleiro.serpro.gov.br/comprasnet-web/public/compras/acompanhamento-compra?compra=92556005000062026;;;28127603014802-1-000019/2026;;2026-09-28 15:23:28.983041;Não informado
Prazo aberto no cadastro PNCP;Sistema especializado / serviços;;TRIBUNAL SUPERIOR ELEITORAL;TSE _ TRIBUNAL SUPERIOR ELEITORAL/SEC.ADM/DF;Federal;Brasília;DF;Edital nº 73/2026;2026-10-21 14:00:00;2026-10-05 08:00:00;1293940.76;1022213.2;Pregão - Eletrônico;Não/não informado;Aquisição de Solução Integrada de Servidor e Software para Gerenciamento e Arquivamento de Mídias Digitais (MAM/DAM), consoante especificações, exigências e prazos constantes no Termo de Referência - Anexo I do Edital.;Pode envolver implantação, operação, hardware ou desenvolvimento. Não presumir fornecimento apenas de assinatura.;Cadastro de busca oficial PNCP;https://pncp.gov.br/app/editais/00509018000113/2026/2306;https://cnetmobile.estaleiro.serpro.gov.br/comprasnet-web/public/compras/acompanhamento-compra?compra=07000105000732026;;;00509018000113-1-002306/2026;;2026-10-05 04:00:03.132825;Não informado
Prazo aberto no cadastro PNCP;Hardware ou solução integrada;;MUNICIPIO DE RANCHARIA;MUNICIPIO DE RANCHARIA;Municipal;Rancharia;SP;Edital nº 63/2026;2026-10-21 17:00:00;2026-09-15 00:00:00;482760.0;381380.4;Pregão - Eletrônico;Não/não informado;CONTRATAÇÃO DE EMPRESA PARA PRESTAÇÃO DE SERVIÇOS DE IMPRESSÃO, CÓPIA E DIGITALIZAÇÃO, MEDIANTE A DISPONIBILIZAÇÃO, EM REGIME DE COMODATO, DE IMPRESSORAS LASER MONOCROMÁTICAS E COLORIDAS, MULTIFUNCIONAIS DIGITAIS E ENVELOPADORA PROFISSIONAL, COM FORNECIMENTO CONTÍNUO DE SUPRIMENTOS ORIGINAIS (TONERS, PEÇAS DE REPOSIÇÃO E DEMAIS INSUMOS), MANUTENÇÃO PREVENTIVA E CORRETIVA ON-SITE, SOFTWARE DE GESTÃO DE IMPRESSÃO E COLETA DE CONTADORES, CABENDO À CONTRATADA O FORNECIMENTO DE TODOS OS INSUMOS NECESSÁRIOS AO FUNCIONAMENTO DOS EQUIPAMENTOS, EXCETO PAPEL;Pode envolver implantação, operação, hardware ou desenvolvimento. Não presumir fornecimento apenas de assinatura.;Cadastro de busca oficial PNCP;https://pncp.gov.br/app/editais/44935278000126/2026/153;https://transparencia.rancharia.sp.gov.br/transparencia/;;;44935278000126-1-000153/2026;;2026-10-02 14:10:12.825248;Não informado
Prazo aberto no cadastro PNCP;Sistema especializado / serviços;;MUNICIPIO DE RIO DO CAMPO;Diretoria de Esportes Comunitários e Lazer;Municipal;Rio do Campo;SC;Edital nº PCE 28/2026;2026-10-22 08:00:00;2026-10-07 08:00:00;246793.41;194966.79;Pregão - Eletrônico;Sim;REGISTRO DE PREÇOS PARA FUTURA E EVENTUAL CONTRATAÇÃO, SOB DEMANDA, DE EMPRESAS ESPECIALIZADAS NA LOCAÇÃO, MONTAGEM, DESMONTAGEM E SUPORTE TÉCNICO DE ESTRUTURAS E EQUIPAMENTOS DESTINADOS A EVENTOS, BEM COMO NA PRESTAÇÃO DE SERVIÇOS DE SOCORRISTAS/BRIGADISTAS E DE SEGURANÇA PRIVADA DESARMADA, PARA ATENDIMENTO DOS EVENTOS CULTURAIS, ESPORTIVOS E DE LAZER PROMOVIDOS PELO MUNICÍPIO DE RIO DO CAMPO/SC;Pode envolver implantação, operação, hardware ou desenvolvimento. Não presumir fornecimento apenas de assinatura.;Cadastro de busca oficial PNCP;https://pncp.gov.br/app/editais/83102707000136/2026/132;;;;83102707000136-1-000132/2026;;2026-10-06 16:27:35.284417;Não informado
Prazo aberto no cadastro PNCP;Sistema especializado / serviços;;MUNICIPIO DE BARROLANDIA;MUNICÍPIO DE BARROLÂNDIA/TO;Municipal;Barrolândia;TO;Edital nº 16/2026;2026-10-22 08:00:00;2026-10-05 18:47:54;;;Pregão - Eletrônico;Não/não informado;[LICITANET] - Contratação de empresa especializada para disponibilização, no modelo Software as a Service – SaaS, de sistema integrado de gestão pública municipal, 100% web e hospedado em nuvem, incluindo implantação, parametrização, migração e validação de dados, treinamento, suporte técnico, manutenção corretiva, preventiva, adaptativa e evolutiva, atualizações legais e tecnológicas, hospedagem, cópias de segurança, recuperação de dados e transição ao final do contrato, pelo período inicial de 12 (doze) mes;Pode envolver implantação, operação, hardware ou desenvolvimento. Não presumir fornecimento apenas de assinatura.;Cadastro de busca oficial PNCP;https://pncp.gov.br/app/editais/24851453000190/2026/39;https://licitanet.com.br/sessao/203743;;;24851453000190-1-000039/2026;;2026-10-05 18:47:58.065141;Não informado
Prazo aberto no cadastro PNCP;Sistema especializado / serviços;;UNIVERSIDADE ESTADUAL DE MARINGA;UEM - Universidade Estadual de Maringá;Estadual;Maringá;PR;Edital nº 1473/2026;2026-10-22 08:29:00;2026-10-06 08:00:00;128608.32;101600.57;Pregão - Eletrônico;Não/não informado;Contratação de empresa especializada para locação de sistema automatizado de urinálise, com fornecimento de reagentes, controles, calibradores, insumos, acessórios, instalação, treinamento, manutenção preventiva e corretiva, suporte técnico e demais itens necessários à execução dos exames, pelo período de 12 meses podendo ser prorrogado na forma legal.;Pode envolver implantação, operação, hardware ou desenvolvimento. Não presumir fornecimento apenas de assinatura.;Cadastro de busca oficial PNCP + itens oficiais + detalhe da contratação;https://pncp.gov.br/app/editais/79151312000156/2026/722;www.transparencia.pr.gov.br/pte/compras/licitacoes/pesquisar-param?numprocesso=1473&ano=2026&codmodalidade=68;https://pncp.gov.br/pncp-api/v1/orgaos/79151312000156/compras/2026/722/arquivos/1;;79151312000156-1-000722/2026;;2026-10-05 16:00:09.425831;Não informado
Prazo aberto no cadastro PNCP;Sistema especializado / serviços;;UNIVERSIDADE ESTADUAL DE MARINGA;UNIVERSIDADE ESTADUAL DE MARINGA - PR;Estadual;Maringá;PR;Edital nº 225/2026;2026-10-22 08:29:00;2026-10-06 08:00:00;128608.32;101600.57;Pregão - Eletrônico;Não/não informado;Contratação de empresa especializada para locação de sistema automatizado de urinálise, com fornecimento de reagentes, controles, calibradores, insumos, acessórios, instalação, treinamento, manutenção preventiva e corretiva, suporte técnico e demais itens necessários à execução dos exames, pelo período de 12 meses podendo ser prorrogado na forma legal. Conforme descrição detalhada no Termo de Referência.;Pode envolver implantação, operação, hardware ou desenvolvimento. Não presumir fornecimento apenas de assinatura.;Cadastro de busca oficial PNCP + itens oficiais + detalhe da contratação;https://pncp.gov.br/app/editais/79151312000156/2026/721;https://cnetmobile.estaleiro.serpro.gov.br/comprasnet-web/public/compras/acompanhamento-compra?compra=92676405002252026;https://pncp.gov.br/pncp-api/v1/orgaos/79151312000156/compras/2026/721/arquivos/1;;79151312000156-1-000721/2026;;2026-10-05 14:26:36.488794;Não informado
Prazo aberto no cadastro PNCP;Hardware ou solução integrada;;MUNICIPIO DE GENERAL CAMARA;Prefeitura Municipal de General Câmara;Municipal;General Câmara;RS;Edital nº 21/2026;2026-10-22 08:29:00;2026-10-02 08:00:00;93564.0;73915.56;Pregão - Eletrônico;Não/não informado;[Portal de Compras Públicas] - Contratação de empresa especializada para a prestação mensal de serviços de videomonitoramento eletrônico, contemplando equipamentos fornecidos em regime de comodato, bem como a infraestrutura, os softwares e os demais componentes necessários ao pleno funcionamento do sistema, incluindo câmeras digitais inteligentes de alta resolução, com tecnologia de visão colorida, gravação contínua, recursos de análise inteligente de imagens, infraestrutura de comunicação e interligação das câmeras, sistema de gerenciamento e armazenamento das imagens, instalação, configuração, ativação, suporte técnico, manutenção preventiva e corretiva, substituição de equipamentos defeituosos e assistência técnica durante toda a vigência contratual, visando assegurar o monitoramento contínuo dos acessos e áreas estratégicas do Município de General Câmara/RS.;Pode envolver implantação, operação, hardware ou desenvolvimento. Não presumir fornecimento apenas de assinatura.;Cadastro de busca oficial PNCP;https://pncp.gov.br/app/editais/88117726000150/2026/34;https://www.portaldecompraspublicas.com.br/processos/RS/Prefeitura-Municipal-de-General-Camara-3303/PE-21-2026-2026-510528;;;88117726000150-1-000034/2026;;2026-10-01 09:33:11.022298;Não informado
Prazo aberto no cadastro PNCP;Sistema especializado / serviços;;MUNICIPIO DE IPIRA;PREFEITURA MUNICIPAL DE IPIRÁ;Municipal;Ipirá;BA;Edital nº 63/2026;2026-10-22 08:30:00;2026-10-06 18:00:00;227400.12;179646.09;Pregão - Eletrônico;Não/não informado;CONTRATAÇÃO DE EMPRESA PARA PRESTAÇÃO DE SERVIÇOS DE LOCAÇÃO DE SISTEMA WEB INTEGRADO DE CONTABILIDADE PÚBLICA COM MÓDULOS ORÇAMENTÁRIO (LOA, LDO E PPA), CONTRATOS, LICITAÇÃO E CONVÊNIOS, SISTEMA DE TRANSPARÊNCIA PÚBLICA – LC 131, SISTEMA WEB DE RECURSOS HUMANOS E FOLHA DE PAGAMENTO PORTAL DO SERVIDOR (CONTRACHEQUE ONLINE), SISTEMA WEB DE PATRIMÔNIO SISTEMA DE TRIBUTOS E MÓDULO WEB, SISTEMA DE NOTA FISCAL DE SERVIÇOS ELETRÔNICA EM ATENDIMENTO AS NECESSIDADES DO MUNICÍPIO;Pode envolver implantação, operação, hardware ou desenvolvimento. Não presumir fornecimento apenas de assinatura.;API oficial PNCP de propostas abertas (varredura por UF);https://pncp.gov.br/app/editais/14042659000115/2026/248;https://bnccompras.com/Process/ProcessView?param1=[gkz]aW3I1O8yPCnZ_Uc0F_XXYtix5zCJdBv46XPVEGf4Gx9u4TwbP9Z81Efm3CnUbHHO2ywQSd8nGAFO1g/52bkmOysIbZLa9vcymJVaEIZKSA8=;;;14042659000115-1-000248/2026;;2026-10-06 17:03:58;Não informado
Prazo aberto no cadastro PNCP;Hardware ou solução integrada;;MUNICIPIO DE UNIFLOR;MUNICÍPIO DE UNIFLOR/PR;Municipal;Uniflor;PR;Edital nº 26/2026;2026-10-22 08:30:00;2026-10-06 10:40:40;38847.12;30689.22;Pregão - Eletrônico;Não/não informado;[LICITANET] - CONTRATAÇÃO DE EMPRESA ESPECIALIZADA PARA A LOCAÇÃO DE SOLUÇÃO INTEGRADA DE CONTROLE DE PONTO ELETRÔNICO, COMPREENDENDO EQUIPAMENTOS E/OU SOLUÇÕES TECNOLÓGICAS PARA REGISTRO DE JORNADA COM RECONHECIMENTO FACIAL, SOFTWARE DE TRATAMENTO DE JORNADA EM AMBIENTE WEB, INTEGRAÇÃO COM A FOLHA DE PAGAMENTO, INSTALAÇÃO E SUPORTE TÉCNICO CONTÍNUO PARA O MUNICÍPIO DE UNIFLOR/PR.;Pode envolver implantação, operação, hardware ou desenvolvimento. Não presumir fornecimento apenas de assinatura.;Cadastro de busca oficial PNCP;https://pncp.gov.br/app/editais/76279975000162/2026/74;https://licitanet.com.br/sessao/199916;;;76279975000162-1-000074/2026;;2026-09-04 00:02:12.768765;Não informado
Prazo aberto no cadastro PNCP;Sistema especializado / serviços;;MUNICIPIO DE TREZE TILIAS;Prefeitura Municipal de Treze Tilias;Municipal;Treze Tílias;SC;Edital nº 107/2026;2026-10-22 08:30:00;2026-10-02 17:30:00;125203.2;98910.52;Pregão - Eletrônico;Não/não informado;"[Portal de Compras Públicas] - Contratação de empresa especializada para fornecimento, implantação, configuração, treinamento, suporte e manutenção (corretiva, adaptativa e evolutiva) de solução integrada de comunicação em plataforma multicanal de atendimento centralizado, em nuvem (SaaS), incluindo: PABX virtual, automação de atendimentos e mensagens de WhatsApp Business API, com Chatbot e gestão de filas de atendimento por múltiplos operadores, envio e recebimento de mensagens com sessões de atendimento e protocolo; webchat (comunicador instantâneo interno); módulo de Gestão de Tarefas e módulo Helpdesk, para atendimento das demandas operacionais e necessidades das secretarias que compõem o Município de Treze Tílias, Fundo Municipal de Saúde e Fundo Municipal de Assistência Social, conforme especificações técnicas no Termo de Referência, nos termos da tabela abaixo, conforme condições e exigências estabelecidas neste instrumento.";Pode envolver implantação, operação, hardware ou desenvolvimento. Não presumir fornecimento apenas de assinatura.;Cadastro de busca oficial PNCP;https://pncp.gov.br/app/editais/82777251000141/2026/60;https://www.portaldecompraspublicas.com.br/processos/SC/Prefeitura-Municipal-de-Treze-Tilias-3952/PE-107-2026-2026-516061;;;82777251000141-1-000060/2026;;2026-10-02 17:16:16.425403;Não informado
Prazo aberto no cadastro PNCP;Sistema especializado / serviços;;CAMARA MUNICIPAL DE JABOTICABAL;CAMARA MUNICIPAL DE JABOTICABAL - SP;Municipal;Jaboticabal;SP;Edital nº 42/2026;2026-10-22 08:59:00;2026-10-05 08:00:00;574199.88;453617.9;Pregão - Eletrônico;Não/não informado;Contratação de empresa especializada para a prestação de serviços continuados de sustentação tecnológica do Sistema Eletrônico de Processos Legislativos e Administrativos e do Portal Institucional da Câmara Municipal, atualmente denominado de SAGL, compreendendo a migração da infraestrutura atual (on-premises) para ambiente de nuvem (IaaS), a hospedagem e gestão da infraestrutura em nuvem, e a aquisição de licenciamento de módulo integrado para controle de sessões plenárias.;Pode envolver implantação, operação, hardware ou desenvolvimento. Não presumir fornecimento apenas de assinatura.;Cadastro de busca oficial PNCP;https://pncp.gov.br/app/editais/49225212000166/2026/44;https://cnetmobile.estaleiro.serpro.gov.br/comprasnet-web/public/compras/acompanhamento-compra?compra=93019205000422026;;;49225212000166-1-000044/2026;;2026-09-11 13:29:41.569243;Não informado
Prazo aberto no cadastro PNCP;Sistema especializado / serviços;;MUNICIPIO DE OURINHOS;Prefeitura Municipal de Ourinhos;Municipal;Ourinhos;SP;Edital nº 19/2026;2026-10-22 08:59:00;2026-10-05 00:01:00;110400.0;87216.0;Pregão - Eletrônico;Não/não informado;CONTRATAÇÃO DE EMPRESA ESPECIALIZADA PARA PRESTAÇÃO DE SERVIÇOS DE DESENVOLVIMENTO, IMPLANTAÇÃO, OPERAÇÃO, LICENCIAMENTO, SUPORTE TÉCNICO E MANUTENÇÃO DE SISTEMAS INFORMATIZADOS DE GESTÃO ADMINISTRATIVA DE TRÂNSITO MUNICIPAL;Pode envolver implantação, operação, hardware ou desenvolvimento. Não presumir fornecimento apenas de assinatura.;Cadastro de busca oficial PNCP;https://pncp.gov.br/app/editais/53415717000160/2026/61;;;;53415717000160-1-000061/2026;;2026-10-01 14:17:46.906328;Não informado
Prazo aberto no cadastro PNCP;Hardware ou solução integrada;;PLANALTO SOLAR PARK S.A.;PLANALTO SOLAR PARK S.A.;Não se aplica;Goiânia;GO;Edital nº 006/2026;2026-10-22 09:00:00;2026-09-29 08:00:00;15040898.64;11882309.92;Pregão - Eletrônico;Não/não informado;Contratação de empresa especializada para a prestação de serviços de conectividade de dados à internet para a expansão do Sistema Estadual de Videomonitoramento com Inteligência Artificial, conforme especificações contidas no Edital, no Termo de Referência e demais anexos.;Pode envolver implantação, operação, hardware ou desenvolvimento. Não presumir fornecimento apenas de assinatura.;Cadastro de busca oficial PNCP;https://pncp.gov.br/app/editais/27509809000108/2026/5;https://licitacoes-e2.bb.com.br/aop-inter-estatico/visualizar-processo-publico/1101622;;;27509809000108-1-000005/2026;;2026-09-28 19:00:50.533220;Não informado
Prazo aberto no cadastro PNCP;Sistema especializado / serviços;;MUNICIPIO DE ARAPORA;MUNICÍPIO DE ARAPORÃ/MG;Municipal;Araporã;MG;Edital nº 048/2026;2026-10-22 09:00:00;2026-10-05 14:42:24;;;Pregão - Eletrônico;Não/não informado;[LICITANET] - Contratação de empresa especializada para prestação de serviços de licenciamento de uso de software integrado de gestão da saúde pública, em ambiente web, incluindo implantação, migração e conversão de dados, treinamento de usuários, suporte técnico presencial e remoto, manutenção evolutiva, corretiva e legal, desenvolvimento sob demanda e disponibilização de infraestrutura de datacenter, visando atender integralmente às necessidades da Secretaria Municipal de Saúde de Araporã., conforme condições, quantidades e exigências estabelecidas no Edital e seus anexos. ;Pode envolver implantação, operação, hardware ou desenvolvimento. Não presumir fornecimento apenas de assinatura.;Cadastro de busca oficial PNCP;https://pncp.gov.br/app/editais/23098510000149/2026/64;https://licitanet.com.br/sessao/203681;;;23098510000149-1-000064/2026;;2026-10-05 14:42:28.354854;Não informado
Prazo aberto no cadastro PNCP;Sistema especializado / serviços;;MUNICIPIO DE DIVINOPOLIS;MUNICÍPIO DE DIVINÓPOLIS;Municipal;Divinópolis;MG;Edital nº 112/2026;2026-10-22 09:00:00;2026-10-02 10:00:00;5031578.03;3974946.64;Pregão - Eletrônico;Não/não informado;CONTRATAÇÃO DE EMPRESA ESPECIALIZADA PARA FORNECIMENTO, IMPLANTAÇÃO E MANUTENÇÃO DE SOLUÇÃO INTEGRADA DE GESTÃO TERRITORIAL PARA O MUNICÍPIO DE DIVINÓPOLIS/MG, EM AMBIENTE WEB E MOBILE (SAAS), COM INTEGRAÇÃO DE BASES TERRITORIAIS, MONITORAMENTO POR IMAGENS ORBITAIS, TREINAMENTO E SUPORTE TÉCNICO CONTINUADO, CONFORME TERMO DE REFERÊNCIA DO EDITAL.;Pode envolver implantação, operação, hardware ou desenvolvimento. Não presumir fornecimento apenas de assinatura.;Cadastro de busca oficial PNCP;https://pncp.gov.br/app/editais/18291351000164/2026/243;https://cnetmobile.estaleiro.serpro.gov.br/comprasnet-web/public/compras/acompanhamento-compra?compra=98444505001122026;;;18291351000164-1-000243/2026;;2026-10-02 09:23:38.687597;Não informado
Prazo aberto no cadastro PNCP;Sistema especializado / serviços;;MUNICIPIO DE INOCENCIA;Prefeitura Municipal de Inocência - MS;Municipal;Inocência;MS;Edital nº 019/2026;2026-10-22 09:00:00;2026-08-20 08:00:00;1500000.0;1185000.0;Pregão - Eletrônico;Não/não informado;CONTRATAÇÃO DE EMPRESA ESPECIALIZADA EM SERVIÇOS DE GESTÃO ADMINISTRATIVA NA INTERMEDIAÇÃO DE AQUISIÇÃO DE MATERIAIS DE CONSTRUÇÃO CIVIL EM GERAL, PARA ATENDER ÀS MANUTENÇÕES, REFORMAS, ADEQUAÇÕES E MELHORIA DE TODA A INFRAESTRUTURA UTILIZADA PELA ADMINISTRAÇÃO PÚBLICA MUNICIPAL, POR MEIO DA IMPLANTAÇÃO DE UM SISTEMA INFORMATIZADO E INTEGRADO DE GESTÃO, COM CONTROLE DE COTAÇÕES DE PREÇOS ONLINE, ATRAVÉS DE REDE CREDENCIADA DE EMPRESAS FORNECEDORAS NO RAMO DA ATIVIDADE, conforme as especificações e condições estabelecidas neste Edital e em seus anexos.;Pode envolver implantação, operação, hardware ou desenvolvimento. Não presumir fornecimento apenas de assinatura.;API oficial PNCP de propostas abertas (varredura por UF) + itens oficiais + detalhe da contratação;https://pncp.gov.br/app/editais/03342938000188/2026/183;;https://pncp.gov.br/pncp-api/v1/orgaos/03342938000188/compras/2026/183/arquivos/1;https://pncp.gov.br/pncp-api/v1/orgaos/03342938000188/compras/2026/183/arquivos/6;03342938000188-1-000183/2026;;2026-08-21 08:47:39;Não informado
Prazo aberto no cadastro PNCP;Hardware ou solução integrada;;PIAUI PROCURADORIA GERAL DA JUSTICA;PROCURADORIA GERAL DE JUSTIÇA DO PIAUI;Estadual;Teresina;PI;Edital nº 36/2026;2026-10-22 09:00:00;2026-10-05 08:00:00;74993.94;59245.21;Pregão - Eletrônico;Não/não informado;Contratação de empresa especializada para prestação de serviços de controle de acesso de pessoas, mediante locação de catracas eletrônicas, leitor facial e software, incluindo implantação, treinamento, suporte técnico, concessão de uso do software e dos equipamentos, bem como manutenção preventiva e corretiva, com fornecimento e substituição de insumos, peças e equipamentos, visando ao perfeito funcionamento do objeto nos edifícios da Zona Leste e Centro do Ministério Público do Estado do Piauí.;Pode envolver implantação, operação, hardware ou desenvolvimento. Não presumir fornecimento apenas de assinatura.;Cadastro de busca oficial PNCP;https://pncp.gov.br/app/editais/05805924000189/2026/45;https://cnetmobile.estaleiro.serpro.gov.br/comprasnet-web/public/compras/acompanhamento-compra?compra=92609205000362026;;;05805924000189-1-000045/2026;;2026-10-02 10:07:48.133457;Não informado
Prazo aberto no cadastro PNCP;Sistema especializado / serviços;;CAIXA DE ASSISTENCIA  AO SERVIDOR PUBLICO MUNICIPAL DE SANTOS - CAPEP-SAUDE;CAIXA DE ASSISTENCIA AO SER. PUB. MUN. SANTOS;Municipal;Santos;SP;Edital nº 016/2026;2026-10-22 09:00:00;2026-10-06 10:10:00;7550887.31;5965200.97;Pregão - Eletrônico;Não/não informado;LOTE 1: SERVIÇOS DE AUDITORIA PROSPECTIVA, CONCORRENTE E RETROSPECTIVA, AUDITORIA FARMACÊUTICA E CENTRAL DE ATENDIMENTO REMOTO AOS BENEFICIÁRIOS E PRESTADORES, LOTE 2: SOLUÇÃO INFORMATIZADA INTEGRADA PARA GESTÃO DA ASSISTÊNCIA À SAÚDE, NA MODALIDADE SAAS, INCLUINDO IMPLANTAÇÃO, MIGRAÇÃO DE DADOS, PARAMETRIZAÇÃO, INTEGRAÇÕES, TREINAMENTO, MANUTENÇÃO E SUPORTE TÉCNICO E  LOTE 3: SERVIÇOS DE CONSULTORIA E ASSESSORIA TÉCNICA, EMISSÃO DE PARECERES DE MÉDICOS ESPECIALISTAS E JUNTAS MÉDICA, CONFORME TR;Pode envolver implantação, operação, hardware ou desenvolvimento. Não presumir fornecimento apenas de assinatura.;Cadastro de busca oficial PNCP + itens oficiais + detalhe da contratação;https://pncp.gov.br/app/editais/58197948000169/2026/28;https://bllcompras.com/Process/ProcessView?param1=[gkz]yAx9oJfNdRotWWQhVl3/pJTmEks0/oaprmYltGNSKOPUIh1v1zM4T54i0/pUu_kGx_kX5LtLwTdLfgqNNFRnDPZAZtJy6iAsokUSS71Oock=;https://pncp.gov.br/pncp-api/v1/orgaos/58197948000169/compras/2026/28/arquivos/1;;58197948000169-1-000028/2026;;2026-10-06 10:08:41.796968;Não informado
Prazo aberto no cadastro PNCP;Sistema especializado / serviços;;MUNICIPIO DE SAO BERNARDO DO CAMPO;Município de São Bernardo do Campo;Municipal;São Bernardo do Campo;SP;Edital nº PE 009/2026 - RERRATI 1_1372/2026;2026-10-22 09:00:00;2026-10-02 10:00:00;5527500.0;4366725.0;Pregão - Eletrônico;Não/não informado;RERRATIFICAÇÃO I - Contratação de empresa para serviços de Sistema Integrado de Monitoramento e Gestão de Imposto Sobre Serviço de Qualquer Natureza (ISSQN), na modalidade SaaS (Software as a Service), incluindo serviços de implantação, conversão, treinamento, suporte e manutenção da solução, para a modernização da administração tributária, aprimorando os processos já existentes;Pode envolver implantação, operação, hardware ou desenvolvimento. Não presumir fornecimento apenas de assinatura.;Cadastro de busca oficial PNCP;https://pncp.gov.br/app/editais/46523239000147/2026/491;https://compras.saobernardo.sp.gov.br/;;;46523239000147-1-000491/2026;;2026-10-01 13:11:38.370076;Não informado
Prazo aberto no cadastro PNCP;Sistema especializado / serviços;;INSTITUTO DE PREVIDENCIA DOS SERVIDORES DO ESTADO MG;GEASU-DEAC;Estadual;Belo Horizonte;MG;Edital nº 181/2026;2026-10-22 09:00:09;2026-10-06 13:43:10;;;Pregão - Eletrônico;Não/não informado;SUBSCRICAO DE LICENCA, ATUALIZACAO E SUPORTE DE SOFTWARE DE SOLUCAO INTEGRADA PARA GESTAO HOSPITALAR;Pode envolver implantação, operação, hardware ou desenvolvimento. Não presumir fornecimento apenas de assinatura.;Cadastro de busca oficial PNCP;https://pncp.gov.br/app/editais/17217332000125/2026/101;https://www1.compras.mg.gov.br/n/procedimentolei14133/consulta/eletronico/visualizar/2026/181/2012015;;;17217332000125-1-000101/2026;;2026-10-06 10:13:39.150111;Não informado
Prazo aberto no cadastro PNCP;Hardware ou solução integrada;;FUNDO MUNICIPAL DA SAUDE;SECRETARIA MUNICIPAL DA SAÚDE;Municipal;Curitiba;PR;Edital nº 64/2026;2026-10-22 09:30:00;2026-10-05 15:00:00;705436.0;557294.44;Pregão - Eletrônico;Não/não informado;CONTRATAÇÃO DE EMPRESA PARA SERVIÇOS DE LOCAÇÃO DE SISTEMA DE EQUIPAMENTOS PARA FORNECIMENTO, PRODUÇÃO E ARMAZENAMENTO DE ÁGUA PARA LABORATÓRIO - ÁGUA REAGENTE TIPO I (PADRÃO CLSI), COM ASSISTÊNCIA TÉCNICA, MANUTENÇÃO PREVENTIVA E CORRETIVA E FORNECIMENTO;Pode envolver implantação, operação, hardware ou desenvolvimento. Não presumir fornecimento apenas de assinatura.;Cadastro de busca oficial PNCP + itens oficiais + detalhe da contratação;https://pncp.gov.br/app/editais/13792329000184/2026/214;www.e-compras.curitiba.pr.gov.br;https://pncp.gov.br/pncp-api/v1/orgaos/13792329000184/compras/2026/214/arquivos/1;;13792329000184-1-000214/2026;;2026-10-05 14:09:01.320244;Não informado
Prazo aberto no cadastro PNCP;Sistema especializado / serviços;;TRIBUNAL DE CONTAS DO CEARA;TRIBUNAL DE CONTAS DO ESTADO DO CEARÁ;Estadual;Fortaleza;CE;Edital nº 125/2026;2026-10-22 10:00:00;2026-10-07 08:00:00;475877.02;375942.84;Pregão - Eletrônico;Não/não informado;Aquisição de serviços de suporte técnico, manutenção evolutiva, assim como serviços técnicos especializados em consultoria em LGPD, configuração e parametrização da plataforma Privacy Tools, conforme quantitativos e especificações constantes no Anexo I do Edital.;Pode envolver implantação, operação, hardware ou desenvolvimento. Não presumir fornecimento apenas de assinatura.;Cadastro de busca oficial PNCP;https://pncp.gov.br/app/editais/09499757000146/2026/56;https://cnetmobile.estaleiro.serpro.gov.br/comprasnet-web/public/compras/acompanhamento-compra?compra=92546705001252026;;;09499757000146-1-000056/2026;;2026-10-06 11:52:34.140932;Não informado
Prazo aberto no cadastro PNCP;Hardware ou solução integrada;;MUNICIPIO DE BELO HORIZONTE;PREF.MUN.DE BELO HORIZONTE;Municipal;Belo Horizonte;MG;Edital nº 170/2026;2026-10-22 10:00:00;2026-10-06 08:00:00;292280.01;230901.2;Pregão - Eletrônico;Não/não informado;Contratação de empresa especializada para locação de catraca balcão pivotante com reconhecimento facial, catraca mini balcão pivotante com reconhecimento facial duplo sendo um para entrada e um para saída, software de controle de acesso, Totem (reconhecimento facial e cancela), manutenção preventiva e corretiva, a ser instalado no prédio sede da Prefeitura de Belo Horizonte, em regime de empreitada por preço global.;Pode envolver implantação, operação, hardware ou desenvolvimento. Não presumir fornecimento apenas de assinatura.;Cadastro de busca oficial PNCP;https://pncp.gov.br/app/editais/18715383000140/2026/735;https://cnetmobile.estaleiro.serpro.gov.br/comprasnet-web/public/compras/acompanhamento-compra?compra=98412305001702026;;;18715383000140-1-000735/2026;;2026-10-05 09:14:10.845860;Não informado
Prazo aberto no cadastro PNCP;Hardware ou solução integrada;Segurança/antivírus;CONSELHO REGIONAL DE MEDICINA DO ESTADO DA PARAIBA;CONSELHO REGIONAL DE MEDICINA EST. DA PARAIBA;Federal;João Pessoa;PB;Edital nº 32/2026;2026-10-22 10:00:00;2026-10-07 10:00:00;201764.62;159394.04;Pregão - Eletrônico;Não/não informado;Contratação de serviços de Firewall com fornecimento de equipamentos de TI e suporte de equipamentos;Pode envolver implantação, operação, hardware ou desenvolvimento. Não presumir fornecimento apenas de assinatura.;Cadastro de busca oficial PNCP;https://pncp.gov.br/app/editais/10764033000161/2026/32;https://cnetmobile.estaleiro.serpro.gov.br/comprasnet-web/public/compras/acompanhamento-compra?compra=38918405000322026;;;10764033000161-1-000032/2026;;2026-10-06 09:39:01.403215;Não informado
Prazo aberto no cadastro PNCP;Sistema especializado / serviços;;MUNICIPIO DE GOIANINHA;MUNICIPIO DE GOIANINHA;Municipal;Goianinha;RN;Edital nº 25/2026;2026-10-22 10:00:00;2026-10-07 10:00:00;76200.0;60198.0;Pregão - Eletrônico;Sim;Contratação de empresa especializada na prestação de serviços de locação de sistema de gestão tributária municipal, compreendendo a licença de uso, implantação, migração de dados, treinamento de servidores, suporte técnico e manutenção continuada, para atender às necessidades da Secretaria Municipal de Tributação.;Pode envolver implantação, operação, hardware ou desenvolvimento. Não presumir fornecimento apenas de assinatura.;Cadastro de busca oficial PNCP;https://pncp.gov.br/app/editais/08162687000173/2026/207;;;;08162687000173-1-000207/2026;;2026-10-05 17:24:45.846000;Não informado
Prazo aberto no cadastro PNCP;Sistema especializado / serviços;;CAIXA ECONOMICA FEDERAL;GECOT;Não se aplica;Brasília;DF;Edital nº CECOT 263/2026;2026-10-23 00:00:00;2026-09-25 10:00:00;7041656.92;5562908.96;Concorrência - Eletrônica;Não/não informado;PRESTAÇÃO DE SERVIÇOS DE SOLUÇÃO DE GERENCIAMENTO DE ACESSOS PRIVILEGIADOS (PRIVILEGED ACCESS MANAGEMENT - PAM), CONTEMPLANDO O FORNECIMENTO DE SUBSCRIÇÕES, SUPORTE TÉCNICO E ATUALIZAÇÃO TECNOLÓGICA), PARA ATENDIMENTO EM TODO O TERRITÓRIO NACIONAL.;Pode envolver implantação, operação, hardware ou desenvolvimento. Não presumir fornecimento apenas de assinatura.;API oficial PNCP de propostas abertas (varredura por UF) + itens oficiais + detalhe da contratação;https://pncp.gov.br/app/editais/00360305000104/2026/759;;https://pncp.gov.br/pncp-api/v1/orgaos/00360305000104/compras/2026/759/arquivos/1;;00360305000104-1-000759/2026;;2026-09-30 20:00:34;Não informado
Prazo aberto no cadastro PNCP;Hardware ou solução integrada;;MUNICIPIO DE HORTOLANDIA;Hortolândia;Municipal;Hortolândia;SP;Edital nº 135/2026/2026;2026-10-23 08:00:00;2026-10-08 08:00:00;264353.04;208838.9;Pregão - Eletrônico;Não/não informado;Contratação de empresa especializada para prestação de serviços continuados de monitoramento e rastreamento veicular via satélite, mediante utilização de tecnologia GPS, compreendendo o fornecimento dos equipamentos em regime de comodato, instalação, configuração, ativação, desinstalação, manutenção preventiva e corretiva dos dispositivos, disponibilização de plataforma informatizada de gerenciamento, transmissão de dados, conectividade, suporte técnico especializado e demais serviços necessários ao pleno funcionamento da solução, destinados à frota de veículos próprios do Poder Executivo do Município de Hortolândia, de acordo com as especificações contidas no ANEXO I – Termo de referência.;Pode envolver implantação, operação, hardware ou desenvolvimento. Não presumir fornecimento apenas de assinatura.;API oficial PNCP de propostas abertas (varredura por UF);https://pncp.gov.br/app/editais/67995027000132/2026/385;;;;67995027000132-1-000385/2026;;2026-10-05 08:57:59;Não informado
Prazo aberto no cadastro PNCP;Hardware ou solução integrada;;MUNICIPIO DE CASTRO;Fundo Municipal de Esporte;Municipal;Castro;PR;Edital nº PCE 140/2026;2026-10-23 08:30:00;2026-10-06 17:30:00;120000.0;94800.0;Pregão - Eletrônico;Não/não informado;Contratação de empresa especializada para criação, produção, instalação, operação e desmontagem de sistema de projeção mapeada (video mapping), destinado à realização de espetáculo audiovisual durante o 6º Fantástico Natal de Castro 2026, incluindo o fornecimento de equipamentos, softwares, estruturas, materiais, mão de obra especializada e demais recursos necessários à execução dos serviços, conforme condições e especificações estabelecidas no Termo de Referência (Anexo 2) - Secretaria Municipal de Cultura.;Pode envolver implantação, operação, hardware ou desenvolvimento. Não presumir fornecimento apenas de assinatura.;API oficial PNCP de propostas abertas (varredura por UF);https://pncp.gov.br/app/editais/77001311000108/2026/584;;;;77001311000108-1-000584/2026;;2026-10-06 09:16:54;Não informado
Prazo aberto no cadastro PNCP;Hardware ou solução integrada;;MUNICIPIO DE CASTRO;PREFEITURA MUNICIPAL DE CASTRO - PR;Municipal;Castro;PR;Edital nº 140/2026;2026-10-23 08:30:00;2026-10-06 17:00:00;120000.0;94800.0;Pregão - Eletrônico;Não/não informado;Contratação de empresa especializada para criação, produção, instalação, operação e desmontagem de sistema de projeção mapeada (video mapping), destinado à realização de espetáculo audiovisual durante o 6º Fantástico Natal de Castro 2026, incluindo o fornecimento de equipamentos, softwares, estruturas, materiais, mão de obra especializada e demais recursos necessários à execução dos serviços, conforme condições e especificações estabelecidas no Termo de Referência (Anexo 2) – Secretaria Municipa;Pode envolver implantação, operação, hardware ou desenvolvimento. Não presumir fornecimento apenas de assinatura.;API oficial PNCP de propostas abertas (varredura por UF);https://pncp.gov.br/app/editais/77001311000108/2026/586;https://bllcompras.com/Process/ProcessView?param1=[gkz]ty5cKVQCSkcwrMqOnYsM1Vokm00YEc095EBHF2ZYqeMWKUI5ug9rEchuMoVXAju1BDja5IAzf2H_FgJWIH1m0v5od_O_YPu7VYtELlTrbp0=;;;77001311000108-1-000586/2026;;2026-10-06 09:35:38;Não informado
Prazo aberto no cadastro PNCP;Sistema especializado / serviços;;MUNICIPIO DE MARIPA;PREFEITURA MUNICIPAL DE MARIPA - PR;Municipal;Maripá;PR;Edital nº 26/2026;2026-10-23 08:30:00;2026-10-07 08:00:00;683017.6;539583.9;Pregão - Eletrônico;Não/não informado;Serviços de licença de direito de uso de sistema web integrado de gestão em saúde, em plataforma 100% web, contemplando os serviços de migração da base de dados existente, implantação, parametrização, configuração, treinamento dos usuários, suporte técnico, manutenção, atualizações legais e tecnológicas, hospedagem em ambiente de nuvem, bem como todos os serviços necessários ao pleno funcionamento da solução, visando atender às necessidades da Secretaria Municipal de Saúde do Município de Maripá;Pode envolver implantação, operação, hardware ou desenvolvimento. Não presumir fornecimento apenas de assinatura.;API oficial PNCP de propostas abertas (varredura por UF) + itens oficiais + detalhe da contratação;https://pncp.gov.br/app/editais/95583571000102/2026/142;https://cnetmobile.estaleiro.serpro.gov.br/comprasnet-web/public/compras/acompanhamento-compra?compra=98548705000262026;https://pncp.gov.br/pncp-api/v1/orgaos/95583571000102/compras/2026/142/arquivos/1;;95583571000102-1-000142/2026;;2026-10-06 17:19:12;Não informado
Prazo aberto no cadastro PNCP;Sistema especializado / serviços;;MUNICIPIO DE DIAMANTINA;ADMINISTRAÇÃO DA SEPLOG;Municipal;Diamantina;MG;Edital nº PRE 37/2026;2026-10-23 08:59:28;2026-10-01 00:00:42;2453958.37;1938627.11;Pregão - Eletrônico;Sim;Registro de Preços para futura e eventual contratação de empresa especializada na prestação de serviços de tecnologia da informação, compreendendo suporte técnico, manutenção preventiva e corretiva de equipamentos e sistemas, gerenciamento de infraestrutura de rede, hospedagem e armazenamento de dados, desenvolvimento, implantação e manutenção de softwares, fornecimento de soluções tecnológicas e demais serviços correlatos, destinados ao atendimento das necessidades da Prefeitura Municipal de Diamantina sede e distritos.;Pode envolver implantação, operação, hardware ou desenvolvimento. Não presumir fornecimento apenas de assinatura.;API oficial PNCP de propostas abertas (varredura por UF);https://pncp.gov.br/app/editais/17754136000190/2026/207;;;;17754136000190-1-000207/2026;;2026-10-02 08:32:35;Não informado
Prazo aberto no cadastro PNCP;Sistema especializado / serviços;;MUNICIPIO DE POCOS DE CALDAS;Prefeitura Municipal de Poços de Caldas;Municipal;Poços de Caldas;MG;Edital nº 060/2026;2026-10-23 09:00:00;2026-10-06 18:00:00;6393736.14;5051051.55;Pregão - Eletrônico;Sim;[Portal de Compras Públicas] - FORNECIMENTO DE CONTROLADORES SEMAFÓRICOS COM CENTRAL DE CONTROLE DE TEMPOS FIXOS, ADAPTATIVO EM TEMPO REAL E COM SERVIÇOS DE IMPLANTAÇÃO, SUPORTE TÉCNICO, TREINAMENTO, HOSPEDAGEM E BACKUP - SECRETARIA MUNICIPAL DE SEGURANÇA PÚBLICA E MOBILIDADE URBANA.;Pode envolver implantação, operação, hardware ou desenvolvimento. Não presumir fornecimento apenas de assinatura.;API oficial PNCP de propostas abertas (varredura por UF);https://pncp.gov.br/app/editais/18629840000183/2026/159;https://www.portaldecompraspublicas.com.br/processos/MG/Prefeitura-Municipal-de-Pocos-de-Caldas-3181/RPE-060-2026-2026-516486;;;18629840000183-1-000159/2026;;2026-10-06 13:39:18;Não informado
Prazo aberto no cadastro PNCP;Sistema especializado / serviços;;MUNICIPIO DE PINHAL DO SAO BENTO;PREFEITURA MUNICIPAL DE PINHAL DE SÃO BENTO;Municipal;Pinhal de São Bento;PR;Edital nº 19/2026;2026-10-23 09:00:00;2026-10-07 08:00:00;103457.0;81731.03;Pregão - Eletrônico;Sim;Registro de Preços para futura e eventual contratação de empresa especializada na disponibilização de solução tecnológica integrada para gestão, monitoramento e controle da frota municipal, compreendendo plataforma em ambiente de computação em nuvem (SaaS), fornecimento, instalação e manutenção de dispositivos eletrônicos embarcados (IoT), rastreamento por GPS, suporte técnico, treinamento, manutenção corretiva, preventiva e evolutiva, conforme especificações constantes do Termo de Referência.;Pode envolver implantação, operação, hardware ou desenvolvimento. Não presumir fornecimento apenas de assinatura.;Cadastro de busca oficial PNCP + itens oficiais + detalhe da contratação;https://pncp.gov.br/app/editais/95590832000111/2026/123;https://cnetmobile.estaleiro.serpro.gov.br/comprasnet-web/public/compras/acompanhamento-compra?compra=98549505000192026;https://pncp.gov.br/pncp-api/v1/orgaos/95590832000111/compras/2026/123/arquivos/1;;95590832000111-1-000123/2026;;2026-10-06 14:52:24.494330;Não informado
Recebimento futuro anunciado;Sistema especializado / serviços;;SOCIEDADE DE ABASTECIMENTO DE AGUA E SANEAMENTO S/;SANASA;Não se aplica;Campinas;SP;Edital nº 300/2026/2026;2026-10-23 09:00:00;2026-10-20 08:00:00;71426.87;56427.22;Pregão - Eletrônico;Não/não informado;FORNECIMENTO DE LICENÇA PARA ATUALIZAÇÃO E SUPORTE TÉCNICO DO PROGRAMA KEPSERVEREX;Pode envolver implantação, operação, hardware ou desenvolvimento. Não presumir fornecimento apenas de assinatura.;Cadastro de busca oficial PNCP + itens oficiais + detalhe da contratação;https://pncp.gov.br/app/editais/46119855000137/2026/69;https://licitacoes-e2.bb.com.br/aop-inter-estatico/visualizar-processo-publico/1101595;https://pncp.gov.br/pncp-api/v1/orgaos/46119855000137/compras/2026/69/arquivos/1;;46119855000137-1-000069/2026;;2026-09-28 18:59:49.444310;Não informado
Prazo aberto no cadastro PNCP;Sistema especializado / serviços;;MUNICIPIO DE SANTO ANDRE;Prefeitura Municipal de Santo André;Municipal;Santo André;SP;Edital nº 434/2026/2026;2026-10-23 09:20:00;2026-10-07 09:00:00;3178500.0;2511015.0;Pregão - Eletrônico;Não/não informado;Contratação de empresa especializada para o licenciamento de uso de plataforma tecnológica integrada de inteligência fiscal (na modalidade SaaS - Software as a Service), operada integralmente em ambiente de computação em nuvem via internet, voltada ao gerenciamento, monitoramento, auditoria e implantação do programa de gestão tributária e modernização administrativa do Município.;Pode envolver implantação, operação, hardware ou desenvolvimento. Não presumir fornecimento apenas de assinatura.;Cadastro de busca oficial PNCP;https://pncp.gov.br/app/editais/46522942000130/2026/306;;;;46522942000130-1-000306/2026;;2026-10-06 12:41:35.645865;Não informado
Prazo aberto no cadastro PNCP;Hardware ou solução integrada;;MUNICIPIO DE ARMACAO DE BUZIOS;PREFEITURA MUNICIPAL DE ARMAÇÃO DOS BÚZIOS-RJ;Municipal;Armação dos Búzios;RJ;Edital nº 34/2026;2026-10-23 09:55:00;2026-10-08 08:00:00;9433800.0;7452702.0;Pregão - Eletrônico;Não/não informado;"Locação de veículos automotores elétricos, scooter elétrica, fornecimento e operação de carregadores veiculares, câmeras de monitoramento e internet dedicada, solução SaaS de gestão de recarga e frota com licenças de usuários,
";Pode envolver implantação, operação, hardware ou desenvolvimento. Não presumir fornecimento apenas de assinatura.;Cadastro de busca oficial PNCP;https://pncp.gov.br/app/editais/01616171000102/2026/83;https://cnetmobile.estaleiro.serpro.gov.br/comprasnet-web/public/compras/acompanhamento-compra?compra=98077005000342026;;;01616171000102-1-000083/2026;;2026-10-06 13:55:30.586481;Não informado
Prazo aberto no cadastro PNCP;Sistema especializado / serviços;;MUNICIPIO DE ARMACAO DE BUZIOS;PREFEITURA MUNICIPAL DE ARMAÇÃO DOS BÚZIOS-RJ;Municipal;Armação dos Búzios;RJ;Edital nº 37/2026;2026-10-23 09:55:00;2026-10-08 08:00:00;251993.97;199075.23;Pregão - Eletrônico;Não/não informado;Solução integrada de Tecnologia da Informação e Comunicação, em regime de Software como Serviço (SaaS), compreendendo licença de uso, implantação, parametrização, integrações com os sistemas do Poder Judiciário e com o Sistema de Dívida Ativa Municipal, treinamento, suporte técnico e manutenção corretiva, adaptativa e evolutiva, voltados à gestão de processos judiciais e das atividades finalísticas da Procuradoria-Geral do Município de Armação dos Búzios;Pode envolver implantação, operação, hardware ou desenvolvimento. Não presumir fornecimento apenas de assinatura.;API oficial PNCP de propostas abertas (varredura por UF);https://pncp.gov.br/app/editais/01616171000102/2026/86;https://cnetmobile.estaleiro.serpro.gov.br/comprasnet-web/public/compras/acompanhamento-compra?compra=98077005000372026;;;01616171000102-1-000086/2026;;2026-10-06 17:38:21;Não informado
Prazo aberto no cadastro PNCP;Sistema especializado / serviços;;COMPANHIA DOCAS DO ESTADO DA BAHIA;EBA - COMPANHIA DOCAS DO ESTADO DA BAHIA;Federal;Salvador;BA;Edital nº 2/2026;2026-10-23 10:00:00;2026-09-30 16:00:00;;;Pregão - Eletrônico;Não/não informado;Contratação de pessoa jurídica especializada no fornecimento de serviços integrados para implantação de sistema de radiocomunicação digital com tecnologia DMR troncalizado para os portos de Salvador, Aratu-Candeias e Ilhéus. O sistema deve contemplar os seguintes equipamentos, relacionados a seguir, bem como os serviços de instalação, conservação, treinamento de pessoal, infraestrutura, configuração, manutenção e suporte técnico, necessários à construção e preservação de funcionamento de toda a infraestrutura de radiocomunicação digital, conforme especificações estabelecidos no Termo de Referência.;Pode envolver implantação, operação, hardware ou desenvolvimento. Não presumir fornecimento apenas de assinatura.;API oficial PNCP de propostas abertas (varredura por UF);https://pncp.gov.br/app/editais/14372148000161/2026/12;https://cnetmobile.estaleiro.serpro.gov.br/comprasnet-web/public/compras/acompanhamento-compra?compra=39900905000022026;;;14372148000161-1-000012/2026;;2026-08-11 14:39:10;Não informado
Prazo aberto no cadastro PNCP;Sistema especializado / serviços;;CAMARA MUNICIPAL DE BOA ESPERANCA;Câmara Municipal de Boa Esperança;Municipal;Boa Esperança;MG;Edital nº 10/2026;2026-10-23 12:00:00;2026-10-06 12:00:00;108000.0;85320.0;Pregão - Eletrônico;Não/não informado;[Portal de Compras Públicas] - Contratação de solução integrada de tecnologia, sob o modelo SaaS (Software as a Service), destinada à modernização, suporte técnico e otimização dos fluxos de trabalho plenário, registro de atos e transmissões da Câmara Municipal de Boa Esperança - MG.;Pode envolver implantação, operação, hardware ou desenvolvimento. Não presumir fornecimento apenas de assinatura.;Cadastro de busca oficial PNCP;https://pncp.gov.br/app/editais/00997491000197/2026/36;https://www.portaldecompraspublicas.com.br/processos/MG/Camara-Municipal-de-Boa-Esperanca-5188/PE-10-2026-2026-516302;;;00997491000197-1-000036/2026;;2026-10-05 17:49:46.963627;Não informado
Prazo aberto no cadastro PNCP;Sistema especializado / serviços;;MINISTERIO DO TRABALHO E EMPREGO - MTE;CONSELHO REGIONAL DE MEDICINA VETERINARIA-SP;Federal;São Paulo;SP;Edital nº 60/2026;2026-10-23 14:00:00;2026-10-06 08:00:00;1423434.75;1124513.45;Pregão - Eletrônico;Não/não informado;Contratação de empresa especializada na prestação de serviços de gestão documental, compreendendo solução integrada para tratamento técnico, guarda e custódia física de documentos, digitalização com aplicação de tecnologias de reconhecimento de caracteres (OCR), indexação estruturada, classificação arquivística, transporte e movimentação de documentos, fornecimento de caixas arquivísticas e disponibilização de Sistema de Gestão Eletrônica de Documentos (GED) em modelo SaaS. ;Pode envolver implantação, operação, hardware ou desenvolvimento. Não presumir fornecimento apenas de assinatura.;Cadastro de busca oficial PNCP;https://pncp.gov.br/app/editais/37115367000160/2026/37;https://cnetmobile.estaleiro.serpro.gov.br/comprasnet-web/public/compras/acompanhamento-compra?compra=38918905000602026;;;37115367000160-1-000037/2026;;2026-10-05 15:29:36.191017;Não informado
Prazo aberto no cadastro PNCP;Sistema especializado / serviços;;SERVICO AUTONOMO DE AGUA E ESGOTO DO MUNICIPIO DE RIO DAS OSTRAS (SAAE-RO);SERVIÇO AUTÔN.ÁGUA ESGOTO DO RIO DAS OSTRAS;Municipal;Rio das Ostras;RJ;Edital nº 13/2026;2026-10-23 18:00:00;2026-10-08 08:00:00;114972.81;90828.51;Pregão - Eletrônico;Não/não informado;1.1.	Pregão Eletrônico para Contratação de solução tecnológica em modelo de Software as a Service – SaaS, destinada à implantação, disponibilização, manutenção, sustentação, suporte técnico especializado e evolução contínua de portal institucional, portal da transparência em conformidade com a Lei de Acesso à Informação – LAI, plataforma de governo digital e disponibilização de dados abertos relacionados aos serviços públicos de abastecimento de água e esgotamento sanitário do Serviço Autônomo de Água e Esgoto de Rio das Ostras – SAAE, conforme condições, quantidades e exigências estabelecidas no Termo de Referência.;Pode envolver implantação, operação, hardware ou desenvolvimento. Não presumir fornecimento apenas de assinatura.;Cadastro de busca oficial PNCP;https://pncp.gov.br/app/editais/29134183000110/2026/4;https://cnetmobile.estaleiro.serpro.gov.br/comprasnet-web/public/compras/acompanhamento-compra?compra=92947305000132026;;;29134183000110-1-000004/2026;;2026-10-01 11:46:58.392471;Não informado
Prazo aberto no cadastro PNCP;Sistema especializado / serviços;;MUNICIPIO DE MACAUBAS;MUNICIPIO DE MACAUBAS/BA;Municipal;Macaúbas;BA;Edital nº 024/2026;2026-10-26 08:30:00;2026-09-23 08:16:12;257805.24;203666.13;Pregão - Eletrônico;Não/não informado;[LICITANET] - CONTRATAÇÃO DE EMPRESA ESPECIALIZADA PARA PRESTAÇÃO DE SERVIÇOS DE PUBLICAÇÃO DE ATOS OFICIAIS DA ADMINISTRAÇÃO PÚBLICA MUNICIPAL NO DIÁRIO OFICIAL DO MUNICÍPIO (DOM), COMPREENDENDO O LICENCIAMENTO, DISPONIBILIZAÇÃO, HOSPEDAGEM, MANUTENÇÃO, SUPORTE TÉCNICO DA PLATAFORMA ELETRÔNICA DE PUBLICAÇÕES OFICIAIS E INTEGRAÇÃO AUTOMÁTICA AO PORTAL NACIONAL DE CONTRATAÇÕES PÚBLICAS (PNCP), BEM COMO A PRESTAÇÃO DE SERVIÇOS DE PUBLICAÇÃO DE ATOS OFICIAIS NO DIÁRIO OFICIAL DA UNIÃO (DOU) E EM JORNAL DE GRANDE CIRCULAÇÃO NO ESTADO DA BAHIA.;Pode envolver implantação, operação, hardware ou desenvolvimento. Não presumir fornecimento apenas de assinatura.;Cadastro de busca oficial PNCP;https://pncp.gov.br/app/editais/13782461000105/2026/37;https://licitanet.com.br/sessao/202331;;;13782461000105-1-000037/2026;;2026-09-23 08:56:53.727865;Não informado
Prazo aberto no cadastro PNCP;Sistema especializado / serviços;;MUNICIPIO DE NOVA ESPERANCA;Unidade administrativa;Municipal;Nova Esperança;PR;Edital nº 119/2026;2026-10-26 08:59:00;2026-10-06 10:00:00;8410.0;6643.9;Pregão - Eletrônico;Não/não informado;Contratação de empresa especializada para o fornecimento, licenciamento, implantação, conversão de dados, parametrização, treinamento e suporte técnico mensal de software de Controle Bibliotecário (sistema web integrado na Gestão Pública), destinado à biblioteca municipal do Município de Nova Esperança/PR;Pode envolver implantação, operação, hardware ou desenvolvimento. Não presumir fornecimento apenas de assinatura.;Cadastro de busca oficial PNCP;https://pncp.gov.br/app/editais/75730994000109/2026/362;;;;75730994000109-1-000362/2026;;2026-10-06 08:39:01.761243;Não informado
Prazo aberto no cadastro PNCP;Hardware ou solução integrada;;SECRETARIA MUNICIPAL DE SAUDE;SECRETARIA MUNICIPAL DE SAÚDE DE GOIANIA;Municipal;Goiânia;GO;Edital nº 100/2026;2026-10-26 09:00:00;2026-10-07 08:00:00;;;Pregão - Eletrônico;Não/não informado;Contratação de empresa especializada no fornecimento de equipamentos analisadores laboratoriais, em regime de comodato, compreendendo o fornecimento de reagentes, a execução de manutenção preventiva e corretiva, calibração, treinamentos operacionais, assistência técnico-científica, bem como transporte de amostras biológicas e disponibilização de sistema informatizado que possibilite o interfaceamento e a gestão dos resultados dos exames de hematologia, uranálise, bioquímica e gasometria, a fim de atender às necessidades da Secretaria Municipal de Saúde de Goiânia (SMS), conforme condições e exigências estabelecidas no edital.;Pode envolver implantação, operação, hardware ou desenvolvimento. Não presumir fornecimento apenas de assinatura.;API oficial PNCP de propostas abertas (varredura por UF);https://pncp.gov.br/app/editais/25141524000123/2026/104;https://cnetmobile.estaleiro.serpro.gov.br/comprasnet-web/public/compras/acompanhamento-compra?compra=92699505001002026;;;25141524000123-1-000104/2026;;2026-07-24 16:47:13;Não informado
Prazo aberto no cadastro PNCP;Sistema especializado / serviços;;ARAUCARIA CAMARA MUNICIPAL;CMA -  Câmara de Vereadores;Municipal;Araucária;PR;Edital nº PCE 8/2026;2026-10-26 09:00:00;2026-10-07 08:00:00;3338825.67;2637672.27;Pregão - Eletrônico;Não/não informado;Contratação de empresa para prestação de serviços de licenciamento de uso de software de gestão pública (ERP - Enterprise Resource Planning) nativo, em plataforma WEB e em nuvem (Solução Integrada de Gestão Pública), na modalidade SaaS (Software como serviço), com fornecimento de licenças sem limite de usuários, englobando serviços de implantação, migração de dados, treinamento, suporte técnico, manutenção preventiva e evolutiva, com atualização legal e funcional, visando a integração total das áreas administrativa, financeira, jurídicas, legislativa, tributária, previdenciária e de recursos humanos;Pode envolver implantação, operação, hardware ou desenvolvimento. Não presumir fornecimento apenas de assinatura.;Cadastro de busca oficial PNCP;https://pncp.gov.br/app/editais/78134012000104/2026/60;;;;78134012000104-1-000060/2026;;2026-10-06 16:23:50.573515;Não informado
Prazo aberto no cadastro PNCP;Sistema especializado / serviços;;ARAUCARIA CAMARA MUNICIPAL;CAMARA MUNICIPAL DE ARAUCÁRIA - PR;Municipal;Araucária;PR;Edital nº 18/2026;2026-10-26 09:00:00;2026-10-07 08:00:00;3338825.67;2637672.27;Pregão - Eletrônico;Não/não informado;Contratação de empresa para fornecimento, licenciamento, implantação, migração de dados, capacitação e sustentação de solução integrada de gestão pública (ERP), em nuvem, no modelo SaaS, para a Câmara Municipal de Araucária, incluindo infraestrutura, suporte, manutenção, integrações, segurança da informação, reversibilidade dos dados, horas técnicas especializadas e apoio técnico presencial, quando formalmente ativado, conforme Termo de Referência.;Pode envolver implantação, operação, hardware ou desenvolvimento. Não presumir fornecimento apenas de assinatura.;Cadastro de busca oficial PNCP;https://pncp.gov.br/app/editais/78134012000104/2026/59;https://cnetmobile.estaleiro.serpro.gov.br/comprasnet-web/public/compras/acompanhamento-compra?compra=92643405000182026;;;78134012000104-1-000059/2026;;2026-10-06 16:03:08.192892;Não informado
Prazo aberto no cadastro PNCP;Sistema especializado / serviços;;MUNICIPIO DE TUCUNDUVA;MUNICÍPIO DE TUCUNDUVA/RS;Municipal;Tucunduva;RS;Edital nº 23/2026;2026-10-26 09:00:00;2026-10-02 16:00:00;491530.18;388308.84;Pregão - Eletrônico;Não/não informado;PREGÃO ELETRÔNICO Nº 23/2026 - CONTRATAÇÃO DE EMPRESA ESPECIALIZADA NO FORNECIMENTO DE PLATAFORMA INTEGRADA DE GESTÃO PÚBLICA, DO TIPO ERP, NA MODALIDADE SAAS (SOFTWARE COMO SERVIÇO), CONFORME CONDIÇÕES DO EDITAL E ANEXOS.;Pode envolver implantação, operação, hardware ou desenvolvimento. Não presumir fornecimento apenas de assinatura.;Cadastro de busca oficial PNCP;https://pncp.gov.br/app/editais/87612792000133/2026/98;WWW.TUCUNDUVA.RS.GOV.BR;;;87612792000133-1-000098/2026;;2026-10-02 10:31:46.594424;Não informado
Prazo aberto no cadastro PNCP;Sistema especializado / serviços;;MUNICIPIO DE CRUCILANDIA;Unidade Única;Municipal;Crucilândia;MG;Edital nº 56/2026;2026-10-26 10:00:00;2026-10-02 00:00:00;;;Pregão - Eletrônico;Não/não informado;CONTRATAÇÃO DE EMPRESA ESPECIALIZADA PARA DISPONIBILIZAÇÃO DE SOLUÇÃO TECNOLÓGICA INTEGRALMENTE ACESSÍVEL EM AMBIENTE WEB, NO MODELO SOFTWARE COMO SERVIÇO – SAAS, DESTINADA AO ACOMPANHAMENTO, PROCESSAMENTO, CONFERÊNCIA, ANÁLISE E MONITORAMENTO DAS INFORMAÇÕES RELACIONADAS AO VALOR ADICIONADO FISCAL – VAF, AOS ELEMENTOS RELACIONADOS À COMPOSIÇÃO DO ÍNDICE DE PARTICIPAÇÃO DOS MUNICÍPIOS – IPM E AO CRITÉRIO EDUCAÇÃO UTILIZADO NA DISTRIBUIÇÃO DA RECEITA ESTADUAL;Pode envolver implantação, operação, hardware ou desenvolvimento. Não presumir fornecimento apenas de assinatura.;Cadastro de busca oficial PNCP + itens oficiais + detalhe da contratação;https://pncp.gov.br/app/editais/18313007000129/2026/89;https://app2.licitardigital.com.br/pesquisa/115493;https://pncp.gov.br/pncp-api/v1/orgaos/18313007000129/compras/2026/89/arquivos/1;;18313007000129-1-000089/2026;;2026-10-05 10:07:50.734407;Não informado
Prazo aberto no cadastro PNCP;Hardware ou solução integrada;;MUNICIPIO DE BARIRI;Prefeitura Municipal de Bariri;Municipal;Bariri;SP;Edital nº 61/2026;2026-10-27 08:30:00;2026-10-07 00:00:00;440400.0;347916.0;Pregão - Eletrônico;Sim;Registro de Preços para contratação de empresa especializada em solução integrada de sistema informatizado para gestão e controle administrativo, contemplando fornecimento de equipamentos, licenças de software, recursos tecnológicos, implantação, parametrização, customização, treinamento, suporte técnico e manutenção preventiva e corretiva, destinada aos órgãos e entidades do Poder Executivo do Município de Bariri-SP no período de 12 meses.;Pode envolver implantação, operação, hardware ou desenvolvimento. Não presumir fornecimento apenas de assinatura.;API oficial PNCP de propostas abertas (varredura por UF);https://pncp.gov.br/app/editais/46181376000140/2026/113;https://bllcompras.com/Process/ProcessView?param1=[gkz]XY4zaHds6X//YBguJ8enjpmI8Y4RB7urLycfVziC6KFpBGEZxMkJp32_bLAzLUzmKLC/OJ79TUo1zkKKZ6KqCn0aDgUwinNiIeoVe9bo00k=;;;46181376000140-1-000113/2026;;2026-10-06 16:57:00;Não informado
Prazo aberto no cadastro PNCP;Hardware ou solução integrada;;MUNICIPIO DE VARGEM ALTA;Prefeitura Municipal de Vargem Alta;Municipal;Vargem Alta;ES;Edital nº 000005/2026;2026-10-27 12:30:00;2026-10-08 08:00:00;774042.0;611493.18;Pregão - Eletrônico;Não/não informado;"Contratação de empresa especializada na prestação de serviços de impressão monocromática, colorida, reprodução de cópias de documentos, digitalização, com fornecimento de equipamentos e disponibilização de assistência técnica paramanutenção corretiva e preventiva, incluindo substituição de peças, insumos, suprimentos e materiais de consumo (toner, revelador, cilindro, entre outros), bem como software de gerenciamento; exceto papel A4 e mão de obra operacional.";Pode envolver implantação, operação, hardware ou desenvolvimento. Não presumir fornecimento apenas de assinatura.;Cadastro de busca oficial PNCP;https://pncp.gov.br/app/editais/31723570000133/2026/53;;;;31723570000133-1-000053/2026;;2026-05-07 16:34:12.477600;Não informado
Prazo aberto no cadastro PNCP;Hardware ou solução integrada;;EMPRESA PUBLICA DE TRANSPORTE E CIRCULACAO S.A;EPTC;Não se aplica;Porto Alegre;RS;Edital nº 26/2026;2026-10-29 09:59:00;2026-10-06 16:00:00;536090.88;423511.79;Pregão - Eletrônico;Não/não informado;[Portal de Compras Públicas] - Contratação de empresa especializada na prestação de serviços de outsourcing de impressão, cópia e digitalização, mediante disponibilização de 24 (vinte e quatro) equipamentos multifuncionais, software de gerenciamento, inventário e contabilização de impressões, manutenção preventiva e corretiva, suporte técnico e fornecimento de suprimentos, exceto papel.;Pode envolver implantação, operação, hardware ou desenvolvimento. Não presumir fornecimento apenas de assinatura.;Cadastro de busca oficial PNCP;https://pncp.gov.br/app/editais/02510700000151/2026/19;https://www.portaldecompraspublicas.com.br/processos/RS/Empresa-Publica-de-Transporte-e-Circulacao-SA-Eptc-370/PE-26-2026-2026-516370;;;02510700000151-1-000019/2026;;2026-10-06 13:40:10.639370;Não informado
Recebimento futuro anunciado;Sistema especializado / serviços;;CAMARA MUNICIPAL DE CASIMIRO DE ABREU;CAMARA MUNICIPAL DE CASIMIRO DE ABREU - RJ;Municipal;Casimiro de Abreu;RJ;Edital nº 11/2026;2026-10-30 09:29:00;2026-10-09 09:00:00;21190.44;16740.44;Pregão - Eletrônico;Não/não informado;Prestação de solução integrada de conectividade, compreendendo o fornecimento contínuo de acesso à internet dedicado em fibra óptica, com banda mínima garantida e simétrica de 400 Mbps, fornecimento de IP público fixo, solução de hotspot público interno, incluindo a disponibilização, em regime de comodato, dos equipamentos, softwares, acessórios e demais recursos necessários à execução, operação, monitoramento, manutenção e suporte técnico da solução.;Pode envolver implantação, operação, hardware ou desenvolvimento. Não presumir fornecimento apenas de assinatura.;API oficial PNCP de propostas abertas (varredura por UF);https://pncp.gov.br/app/editais/30407084000143/2026/14;https://cnetmobile.estaleiro.serpro.gov.br/comprasnet-web/public/compras/acompanhamento-compra?compra=92931705000112026;;;30407084000143-1-000014/2026;;2026-10-06 14:44:50;Não informado
Prazo aberto no cadastro PNCP;Sistema especializado / serviços;;MUNICIPIO DE AIMORES;Unidade Única;Municipal;Aimorés;MG;Edital de Chamamento Público nº 006/2026;2026-11-02 23:59:59;2026-09-02 00:00:00;36000.0;28440.0;Credenciamento;Não/não informado;Constitui objeto deste Edital o credenciamento de microempreendedores individuais, microempresas ou pessoas jurídicas interessadas na prestação de serviços de instrutor(a)/facilitador(a) de oficina de informática, para execução de oficinas de informática básica e intermediária, inclusão digital, apoio ao uso de computadores, internet, aplicativos, plataformas digitais e ferramentas de produtividade, bem como prestação de suporte técnico e manutenção preventiva e corretiva básica dos equipamentos de informática da Secretaria Municipal de Assistência Social - SEMAS.;Pode envolver implantação, operação, hardware ou desenvolvimento. Não presumir fornecimento apenas de assinatura.;API oficial PNCP de propostas abertas (varredura por UF);https://pncp.gov.br/app/editais/18348094000150/2026/94;https://app2.licitardigital.com.br/pesquisa/112283;;;18348094000150-1-000094/2026;;2026-09-02 12:55:05;Não informado
Prazo aberto no cadastro PNCP;Sistema especializado / serviços;;COMANDO DO EXERCITO;CENTRO DE EMBARCACOES DO COM.MIL.DA AMAZNONIA;Federal;Manaus;AM;Edital nº 9/2026;2026-11-03 09:00:00;2026-09-24 09:00:00;7012056.96;5539524.99;Concorrência - Eletrônica;Não/não informado;"Contratação de empresa especializada para execução de serviço especial de engenharia naval, não contínuo e por escopo, abrangendo elaboração de projeto executivo, construção/fabricação, integração de sistemas, testes, vistorias, certificação, regularização, treinamento e entrega de duas balsas fluviais novas de 30 m x 13 m ao Centro de Embarcações do Comando Militar da Amazônia – CECMA, sendo uma balsa sem casaria e uma balsa com casaria, integrantes do Grupo 1.
";Pode envolver implantação, operação, hardware ou desenvolvimento. Não presumir fornecimento apenas de assinatura.;API oficial PNCP de propostas abertas (varredura por UF);https://pncp.gov.br/app/editais/00394452000103/2026/20815;https://cnetmobile.estaleiro.serpro.gov.br/comprasnet-web/public/compras/acompanhamento-compra?compra=16000803000092026;;;00394452000103-1-020815/2026;;2026-09-24 04:07:54;Não informado
Prazo aberto no cadastro PNCP;Hardware ou solução integrada;;MUNICIPIO DE IOMERE;Prefeitura Municipal Iomerê;Municipal;Iomerê;SC;Edital nº 42/2026/2026;2026-11-04 08:00:00;2026-10-01 14:00:00;105272.64;83165.38;Pregão - Eletrônico;Não/não informado;"[Portal de Compras Públicas] - REPUBLICAÇÃO DO EDITAL APÓS RETIFICAÇÃO. 
Contratação de empresa especializada para prestação de serviços de outsourcing de impressão, mediante disponibilização de equipamentos de impressão multifuncionais em regime de comodato, incluindo instalação, configuração, manutenção preventiva e corretiva, fornecimento de peças, componentes, suprimentos, consumíveis, software de gerenciamento e monitoramento dos equipamentos, assistência técnica e suporte operacional, exceto fornecimento de papel, destinados ao atendimento das necessidades das unidades administrativas do Município de Iomerê/SC";Pode envolver implantação, operação, hardware ou desenvolvimento. Não presumir fornecimento apenas de assinatura.;Cadastro de busca oficial PNCP;https://pncp.gov.br/app/editais/01612744000120/2026/84;https://www.portaldecompraspublicas.com.br/processos/SC/Prefeitura-Municipal-Iomere-2086/PE-42-2026-2026-2026-512574;;;01612744000120-1-000084/2026;;2026-10-01 13:24:50.666704;Não informado
Prazo aberto no cadastro PNCP;Hardware ou solução integrada;;SAO PAULO SECRETARIA DA SEGURANCA PUBLICA;ESP-DEPTO POL.JUD.SP INTER-DEINTER9-PIRACICAB;Estadual;Piracicaba;SP;Edital nº 89/2026;2026-11-05 08:59:00;2026-09-18 09:00:00;431632.2;340989.43;Pregão - Eletrônico;Não/não informado;Solicitação de contratação da prestação dos serviços de impressão corporativa por meio de outsourcing, caracterizados por abrangerem a locação de equipamentos voltados para impressão e digitalização de documentos, com disponibilização de software de gerenciamento, inventário e contabilização, e a devida manutenção e fornecimento de suprimentos, além da respectiva manutenção e fornecimento de suprimentos, com exceção de papel.;Pode envolver implantação, operação, hardware ou desenvolvimento. Não presumir fornecimento apenas de assinatura.;Cadastro de busca oficial PNCP;https://pncp.gov.br/app/editais/46377800000127/2026/3999;https://cnetmobile.estaleiro.serpro.gov.br/comprasnet-web/public/compras/acompanhamento-compra?compra=18036705000892026;;;46377800000127-1-003999/2026;;2026-09-17 16:36:21.781899;Não informado
Prazo aberto no cadastro PNCP;Sistema especializado / serviços;;MUNICIPIO DE DRACENA;PREFEITURA MUNICIPAL DE DRACENA;Municipal;Dracena;SP;Edital nº 22/2026;2026-11-11 08:59:00;2026-09-16 07:00:00;116160.0;91766.4;Concorrência - Eletrônica;Não/não informado;Contratação de empresa especializada na prestação de serviços de apoio administrativo visando suporte técnico e profissional específicos nas áreas orçamentária, contabilidade, financeira e planejamento, com comparecimento em 02 (dois) dias na semana, na sede da Prefeitura Municipal, com duração mínima de 04 (quatro) horas e atendimento a consultas por telefone e e-mail, pelo período de 12 (doze) meses, por profissional devidamente capacitado e habilitado, com vistas ao aprimoramento e ao atingimento de melhorias nas atividades desenvolvidas, conforme detalhamento dos serviços no termo de referência, de acordo com processo administrativo interno nº 10.974/2026;Pode envolver implantação, operação, hardware ou desenvolvimento. Não presumir fornecimento apenas de assinatura.;API oficial PNCP de propostas abertas (varredura por UF);https://pncp.gov.br/app/editais/44880060000111/2026/196;;;;44880060000111-1-000196/2026;;2026-09-16 10:58:38;Não informado
Prazo aberto no cadastro PNCP;Sistema especializado / serviços;;MUNICIPIO DE SAO JOAO;Secretaria de Adm. e Financas;Municipal;São João;PR;Edital nº 90011/2026;2026-11-12 09:00:00;2026-10-05 08:00:00;80700.0;63753.0;Concorrência - Eletrônica;Não/não informado;Contratação de empresa especializada para prestação de serviços técnicos continuados de assessoramento em gestão de projetos públicos, compreendendo apoio integral à captação de recursos, elaboração, acompanhamento e gestão de propostas, suporte à operacionalização de sistemas de transferências interfederativas, orientação na execução e prestação de contas, bem como capacitação técnica de servidores municipais, para atendimento das demandas da Secretaria Municipal de Administração e Finanças do Município de São João/PR, conforme condições, quantidades e exigências estabelecidas no Edital, Termo de Referência e anexos.;Pode envolver implantação, operação, hardware ou desenvolvimento. Não presumir fornecimento apenas de assinatura.;API oficial PNCP de propostas abertas (varredura por UF);https://pncp.gov.br/app/editais/76995422000106/2026/129;https://cnetmobile.estaleiro.serpro.gov.br/comprasnet-web/public/compras/acompanhamento-compra?compra=98787103000192026;;;76995422000106-1-000129/2026;;2026-09-04 11:29:33;Não informado
Prazo aberto no cadastro PNCP;Sistema especializado / serviços;;MUNICIPIO DE CAMBORIU;SECRETARIA DE PLANEJAMENTO URBANO;Municipal;Camboriú;SC;Edital nº CCE 21/2026;2026-11-25 12:00:00;2026-09-30 12:00:00;;;Concorrência - Eletrônica;Não/não informado;CONTRATAÇÃO DE EMPRESA ESPECIALIZADA E DEVIDAMENTE CAPACITADA PARA A PRESTAÇÃO DE SERVIÇOS TÉCNICOS DE APOIO OPERACIONAL, ADMINISTRATIVO E GERENCIAL À UNIDADE EXECUTORA DO PROGRAMA (UEP), INCLUINDO A DISPONIBILIZAÇÃO DE METODOLOGIA, FERRAMENTAS E SISTEMA INFORMATIZADO DE CONTROLE FÍSICO E FINANCEIRO DE PROJETOS, CONTENDO FUNCIONALIDADES DE ACOMPANHAMENTO TÁTICO E OPERACIONAL, DESTINADAS AO GERENCIAMENTO, MONITORAMENTO E GOVERNANÇA DO PROGRAMA DE OTIMIZAÇÃO VIÁRIA E MOBILIDADE URBANA DE CAMBORIÚ - AVANÇA CAMBORIÚ, FINANCIADO POR MEIO DE OPERAÇÃO DE CRÉDITO JUNTO AO FONPLATA - FUNDO FINANCEIRO PARA O DESENVOLVIMENTO DA BACIA DO PRATA, CONFORME ESTUDO TÉCNICO PRELIMINAR E TERMO DE REFERÊNCIA.;Pode envolver implantação, operação, hardware ou desenvolvimento. Não presumir fornecimento apenas de assinatura.;API oficial PNCP de propostas abertas (varredura por UF);https://pncp.gov.br/app/editais/83102293000145/2026/377;;;;83102293000145-1-000377/2026;;2026-09-29 15:21:27;Não informado
Prazo aberto no cadastro PNCP;Sistema especializado / serviços;;ESTADO DE GOIAS;AGENCIA GOIANA DE INFRAEST.E TRANSPORTES/GO;Estadual;Goiânia;GO;Edital nº 121049/2026;2026-12-03 10:00:00;2026-10-06 08:00:00;3507491.64;2770918.39;Concorrência - Eletrônica;Não/não informado;Contratação de empresa especializada para a prestação de serviços técnicos de engenharia consultiva e tecnologia da informação, visando à evolução funcional, sustentação técnica, operação assistida e apoio analítico do Sistema de Gerência de Pavimentos (SGP) da GOINFRA.;Pode envolver implantação, operação, hardware ou desenvolvimento. Não presumir fornecimento apenas de assinatura.;API oficial PNCP de propostas abertas (varredura por UF);https://pncp.gov.br/app/editais/01409580000138/2026/1536;;;;01409580000138-1-001536/2026;;2026-10-05 15:49:31;Não informado
Prazo aberto no cadastro PNCP;Sistema especializado / serviços;;(UO) ESP-CIA.DO METROPOLIT DE SAO PAULO-METRO;ESP-CIA. METROPOLITANA DE SAO PAULO-METRO;Estadual;São Paulo;SP;Edital nº 355/2026;2026-12-09 10:00:00;2026-09-29 08:00:00;;;Concorrência - Eletrônica;Não/não informado;PRESTAÇÃO DE SERVIÇO PARA SUBSTITUIÇÃO DE LINHA DE BLOQUEIOS POR MÓDULOS TORNIQUETES, COM INTEGRAÇÃO DE SISTEMAS, SENSORES DE ABERTURA PARA PORTÕES DE ACESSIBILIDADE E EXECUÇÕES CIVIS NO ACESSO SUL DA ESTAÇÃO LUZ - LINHA 1 - AZUL DO METRÔ DE SÃO PAULO;Pode envolver implantação, operação, hardware ou desenvolvimento. Não presumir fornecimento apenas de assinatura.;API oficial PNCP de propostas abertas (varredura por UF);https://pncp.gov.br/app/editais/62070362000106/2026/595;https://cnetmobile.estaleiro.serpro.gov.br/comprasnet-web/public/compras/acompanhamento-compra?compra=37330103003552026;;;62070362000106-1-000595/2026;;2026-09-25 17:46:23;Não informado
Prazo aberto no cadastro PNCP;Sistema especializado / serviços;;FUNDACAO CENTRO INTEG DE APOIO AO PORT DE DEFICIENCIA;EPB-FUNDAÇÃO C I A AO PORTADOR DE DEFICIÊNCIA;Estadual;João Pessoa;PB;Edital de Chamamento Público nº 5/2026;2026-12-31 09:00:00;2026-07-16 09:00:00;2155070.0;1702505.3;Credenciamento;Não/não informado;Chamamento Público para o CREDENCIAMENTO DE EMPRESAS PARA FORNECIMENTO  DE APARELHOS DE AMPLIFICAÇÃO SONORA INDIVIDUAL AASI, incluindo entrega, adaptação, ajustes, suporte técnico, manutenção e reposição, conforme necessário, para dispensação ao usuario do Sistema Único de Saúde (SUS), através da Fundação Centro Integrado de Apoio à Pessoa com Deficiência – FUNAD/CER IV. em conformidade com a indicação técnica do seviço de reabilitação auditiva do CER IV FUNAD, que compôem a rede de Cuidado da Pessoa com Deficiência do Estado da Paraíba, conforme condições, quantidades e exigências estabelecidas neste Edital de Credenciamento e seus anexos. O preço referente ao fornecimento a esta Fundação, será aquele constante na Tabela SIGTAP/OPM/SIA/SUS do Ministério da Saúde (tabela 1), estando compreendidos neste, todos os custos e despesas que, direta e indiretamente decorram do cumprimento pleno e integral do objeto deste Edital.;Pode envolver implantação, operação, hardware ou desenvolvimento. Não presumir fornecimento apenas de assinatura.;API oficial PNCP de propostas abertas (varredura por UF);https://pncp.gov.br/app/editais/24507865000107/2026/9;;;;24507865000107-1-000009/2026;;2026-07-14 14:40:12;Não informado
Prazo aberto no cadastro PNCP;Sistema especializado / serviços;;FUNDACAO CENTRO INTEG DE APOIO AO PORT DE DEFICIENCIA;EPB-FUNDAÇÃO C I A AO PORTADOR DE DEFICIÊNCIA;Estadual;João Pessoa;PB;Edital de Chamamento Público nº 2/2026;2026-12-31 09:09:00;2026-09-24 09:00:00;1267584.97;1001392.12;Credenciamento;Não/não informado;CREDENCIAMENTO DE EMPRESAS PARA FORNECIMENTO DE ÓRTESES, PRÓTESES E MEIOS DE LOCOMOÇÃO - OPM FÍSICA (CADEIRAS DE RODAS, MANUAL, MOTORIZADA, DE BANHO, ANDADORES E MULETAS), além de materiais para suas adaptações, como assentos, encostos, apoios, almofadas e mesas de atividades, incluindo o suporte técnico para distribuição gratuita ao usuario do Sistema Único de Saúde (SUS), atraves da Fundação Centro Integrado de Apoio à Pessoa com Deficiência - FUNAD, em conformidade com a prescrição técnica do seviço de reabilitação física da FUNAD em parceria com a Oficina Ortopedica Leila Denise Moura Maia Rabelo, que compôem a rede de Cuidado da Pessoa com Deficiência do Estado da Paraíba, conforme condições, quantidades e exigências estabelecidas neste Edital de Credenciamento e seus anexos. O preço referente ao fornecimento a esta Fundação, será aquele constante na Tabela SIGTAP/OPM/SIA/SUS do Ministério da Saúde (tabela 1), mais (+) o menor acréscimo, estando compreendidos neste, todos os custos e despesas que, direta e indiretamente decorram do cumprimento pleno e integral do objeto deste Edital.;Pode envolver implantação, operação, hardware ou desenvolvimento. Não presumir fornecimento apenas de assinatura.;API oficial PNCP de propostas abertas (varredura por UF);https://pncp.gov.br/app/editais/24507865000107/2026/17;;;;24507865000107-1-000017/2026;;2026-09-23 11:24:20;Não informado
Prazo aberto no cadastro PNCP;Sistema especializado / serviços;;MUNICIPIO DE MARIPA;PREFEITURA MUNICIPAL DE MARIPA - PR;Municipal;Maripá;PR;Edital de Chamamento Público nº 1/2026;2027-02-04 15:55:00;2026-03-04 15:55:00;;;Credenciamento;Não/não informado;Credenciamento de empresas ou instituições para implantação e gestão de solução tecnológica de integração de sistemas tributários/arrecadação do município, possibilitando o pagamento de tributos e preços públicos municipais por meio do uso de cartões de crédito, de forma à vista ou parcelada, sem custos para o Município de Maripá/PR;Pode envolver implantação, operação, hardware ou desenvolvimento. Não presumir fornecimento apenas de assinatura.;API oficial PNCP de propostas abertas (varredura por UF);https://pncp.gov.br/app/editais/95583571000102/2026/9;;;;95583571000102-1-000009/2026;;2026-02-04 07:46:42;Não informado
Prazo aberto no cadastro PNCP;Sistema especializado / serviços;;CAMARA MUNICIPAL DE RAUL SOARES;Unidade Única;Municipal;Raul Soares;MG;Edital de Chamamento Público nº 001/2026;2027-02-20 23:59:59;2026-02-20 00:00:00;30360.0;23984.4;Credenciamento;Não/não informado;"Credenciamento de empresas especializada na implantação, operacionalização e gestão de sistema eletrônico de Cartão “Vale Alimentação”, com fornecimento de cartões físicos e/ou digitais com chip de segurança, senha individual, para aquisição de gêneros alimenticios, abrangendo plataforma tecnológica de gestão, sistema de crédicos e recargas, redes credenciada de estabelecimentos, relatórios gerenciais, suporte técnico e operacional, atendimento aos usuários bem como mecanismos de controle, segurança da informação e proteção de dados, destinados aos servidores e vereadores da Câmara Municipal de Raul Soares/MG, conforme relação contidas no Documento de Formalização de Demanda.
O objeto desta contratação não se enquadra como sendo bens de luxo, sendo caracterizados como comuns por sua natureza e materialidade.";Pode envolver implantação, operação, hardware ou desenvolvimento. Não presumir fornecimento apenas de assinatura.;API oficial PNCP de propostas abertas (varredura por UF);https://pncp.gov.br/app/editais/01617472000150/2026/4;https://app2.licitardigital.com.br/pesquisa/91719;;;01617472000150-1-000004/2026;;2026-02-20 11:08:54;Não informado
Prazo aberto no cadastro PNCP;Sistema especializado / serviços;;MUNICIPIO DE CARIRE;FUNDO MUNICIPAL DE EDUCAÇÃO;Municipal;Cariré;CE;Edital nº 03.PQ.SME/2026;2027-03-03 16:42:10;2026-03-03 16:42:10;468071.64;369776.59;Pré-qualificação;Não/não informado;PRÉ-QUALIFICAÇÃO PARA REGISTRO DE PREÇOS VISANDO À FUTURA E EVENTUAL DISPONIBILIZAÇÃO, POR MEIO DE LOCAÇÃO, DE PLATAFORMA WEB DE GESTÃO EDUCACIONAL À SECRETARIA MUNICIPAL DE EDUCAÇÃO DE CARIRÉ-CE, INCLUINDO MÓDULOS INTEGRADOS, SUPORTE TÉCNICO, TREINAMENTO DE USUÁRIOS, MANUTENÇÃO E ATUALIZAÇÕES CONTÍNUAS, VISANDO À MELHORIA E INTEGRAÇÃO DOS PROCESSOS DE GESTÃO DA REDE MUNICIPAL DE ENSINO;Pode envolver implantação, operação, hardware ou desenvolvimento. Não presumir fornecimento apenas de assinatura.;API oficial PNCP de propostas abertas (varredura por UF);https://pncp.gov.br/app/editais/07598600000142/2026/28;;;;07598600000142-1-000028/2026;;2026-03-04 11:02:52;Não informado
Prazo aberto no cadastro PNCP;Sistema especializado / serviços;;MUNICIPIO DE MARIPA;SECRETARIA DE FINANÇAS;Municipal;Maripá;PR;Edital de Chamamento Público nº PRI 8/2026;2027-03-04 00:00:00;2026-04-16 00:00:00;;;Credenciamento;Não/não informado;Contratação da empresa IPM FINTECH LTDA (CNPJ: 44.104.389/0001-90), para implantação e gestão de solução tecnológica de integração de sistemas tributários/arrecadação do município, possibilitando o pagamento de tributos e preços públicos municipais por meio do uso de cartões de crédito, de forma à vista ou parcelada, sem custos para o Município de Maripá/PR.;Pode envolver implantação, operação, hardware ou desenvolvimento. Não presumir fornecimento apenas de assinatura.;API oficial PNCP de propostas abertas (varredura por UF);https://pncp.gov.br/app/editais/95583571000102/2026/44;;;;95583571000102-1-000044/2026;;2026-04-16 15:28:19;Não informado
Prazo aberto no cadastro PNCP;Hardware ou solução integrada;;MUNICIPIO DE ALTO DO RODRIGUES;Prefeitura Municipal de Alto do Rodrigues;Municipal;Alto do Rodrigues;RN;Edital de Chamamento Público nº 009/2026;2027-03-23 23:59:00;2026-09-23 18:00:00;769791.64;608135.39;Credenciamento;Não/não informado;[Portal de Compras Públicas] - Contratação de empresa especializada para prestação de serviços de implantação, instalação, configuração, integração e manutenção de sistema de videomonitoramento urbano inteligente, incluindo equipamentos, materiais, infraestrutura de comunicação, sala de monitoramento, licenciamento de software e recursos de inteligência artificial, com reconhecimento facial e leitura de placas veiculares, bem como serviços de manutenção preventiva e corretiva, substituição de componentes e suporte técnico, destinados ao monitoramento de pontos estratégicos do Município de Alto do Rodrigues/RN, visando reforçar a segurança pública e ampliar a capacidade de prevenção, monitoramento e resposta a ocorrências.;Pode envolver implantação, operação, hardware ou desenvolvimento. Não presumir fornecimento apenas de assinatura.;Cadastro de busca oficial PNCP;https://pncp.gov.br/app/editais/08184111000107/2026/30;https://www.portaldecompraspublicas.com.br/processos/RN/Prefeitura-Municipal-de-Alto-do-Rodrigues-1573/CRED-009-2026-2026-513558;;;08184111000107-1-000030/2026;;2026-09-23 11:39:33.930122;Não informado
Prazo aberto no cadastro PNCP;Sistema especializado / serviços;;MUNICIPIO DE PARAZINHO;MUNICIPIO DE PARAZINHO;Municipal;Parazinho;RN;Edital de Chamamento Público nº 2/2026;2027-03-29 08:00:00;2026-03-30 08:00:00;351978.0;278062.62;Credenciamento;Não/não informado;"Contratação de empresa(s) especializada(s) para prestação de serviços de gerenciamento e 
realização de exames laboratoriais, incluindo o fornecimento de insumos para coletas a vácuo, transporte de 
amostras biológicas, execução dos exames e entrega de resultados via sistema informatizado, para atender a 
demanda da Secretaria Municipal de Saúde de Parazinho/RN.";Pode envolver implantação, operação, hardware ou desenvolvimento. Não presumir fornecimento apenas de assinatura.;API oficial PNCP de propostas abertas (varredura por UF) + itens oficiais + detalhe da contratação;https://pncp.gov.br/app/editais/08113631000129/2026/2;;https://pncp.gov.br/pncp-api/v1/orgaos/08113631000129/compras/2026/2/arquivos/1;;08113631000129-1-000002/2026;;2026-03-30 11:37:23;Não informado
Prazo aberto no cadastro PNCP;Sistema especializado / serviços;;CONSELHO REGIONAL DE MEDICINA DO PARANA;CONSELHO REGIONAL DE MEDICINA ESTADO PARANA;Federal;Curitiba;PR;Edital de Chamamento Público nº 119/2026;2027-04-07 18:00:00;2026-10-07 08:00:00;;;Credenciamento;Não/não informado;Credenciamento de empresas para disponibilização gratuita, aos médicos regularmente inscritos e ativos no Conselho Regional de Medicina do Estado do Paraná – CRM-PR, das funcionalidades essenciais de ecossistemas digitais de saúde, sem ônus financeiro para o CRM-PR, conforme condições e exigências estabelecidas no Termo de Referência e no Edital de Credenciamento.;Pode envolver implantação, operação, hardware ou desenvolvimento. Não presumir fornecimento apenas de assinatura.;Cadastro de busca oficial PNCP;https://pncp.gov.br/app/editais/75060129000194/2026/94;;;;75060129000194-1-000094/2026;;2026-10-02 17:17:58.159762;Não informado
Prazo aberto no cadastro PNCP;Sistema especializado / serviços;;CONSORCIO INTERMUN. DE SAUDE DA M DO VALE DO SUACUI;Unidade Única;Não se aplica;Santa Maria do Suaçuí;MG;Edital de Chamamento Público nº 002/2026;2027-04-07 23:59:59;2026-04-07 00:00:00;2383154.4;1882691.97;Credenciamento;Não/não informado;Credenciamento de pessoas jurídicas especializadas na prestação de serviços de teleconsulta em saúde, mediante disponibilização de profissionais habilitados e de plataforma tecnológica de telemedicina, incluindo implantação, operação, suporte técnico e gestão de agendas assistenciais, destinados ao atendimento das demandas assistenciais dos municípios consorciados ao CISVAS;Pode envolver implantação, operação, hardware ou desenvolvimento. Não presumir fornecimento apenas de assinatura.;API oficial PNCP de propostas abertas (varredura por UF);https://pncp.gov.br/app/editais/00794962000160/2026/6;https://app2.licitardigital.com.br/pesquisa/96537;;;00794962000160-1-000006/2026;;2026-04-07 10:01:11;Não informado
Prazo aberto no cadastro PNCP;Sistema especializado / serviços;;MUNICIPIO DE PRESIDENTE TANCREDO NEVES;PREFEITURA MUNICIPAL DE PRESIDENTE T NEVES;Municipal;Presidente Tancredo Neves;BA;Edital de Chamamento Público nº CR001/2026SEMIETS/2026;2027-04-15 00:00:00;2026-04-15 00:00:00;267862.75;211611.57;Credenciamento;Não/não informado;credenciamento de empresas especializadas para a prestacao de servicos tecnicos de operacao manutencao preventiva manutencao corretiva e suporte tecnico ao sistema de abastecimento de agua por meio de bombas e pocos artesianos essenciais ao atendimento continuo das demandas hidricas das unidades atendidas pela Administracao;Pode envolver implantação, operação, hardware ou desenvolvimento. Não presumir fornecimento apenas de assinatura.;API oficial PNCP de propostas abertas (varredura por UF);https://pncp.gov.br/app/editais/13071253000106/2026/32;;;;13071253000106-1-000032/2026;;2026-04-16 09:30:42;Não informado
Prazo aberto no cadastro PNCP;Sistema especializado / serviços;;INSTITUTO FEDERAL DE EDUCACAO, CIENCIA E TECNOLOGIA DE SAO PAULO;INST.FED.DE EDUC.,CIENC.E TEC.DE SÃO PAULO;Federal;São Paulo;SP;Edital de Chamamento Público nº 41/2026;2027-04-21 18:00:00;2026-04-22 08:00:00;1079991.81;853193.52;Credenciamento;Não/não informado;"Contratação, por meio de credenciamento, de empresas especializadas na prestação de serviços de intermediação de soluções de computação em nuvem (cloud broker), com agregação de valor, contemplando o fornecimento, gestão, suporte técnico, treinamento e serviços especializados associados ao uso de ambientes multinuvem (multicloud), conforme condições estabelecidas no Termo de Referência.
A solução compreende a disponibilização de serviços de computação em nuvem nativos e não nativos dos provedores (CSPs), incluindo recursos de infraestrutura, plataforma e software (IaaS, PaaS e SaaS), bem como serviços complementares de sustentação, operação assistida, governança, segurança da informação, otimização de custos (FinOps) e apoio técnico especializado.
O modelo de contratação prevê a atuação de intermediadores (brokers) responsáveis pela integração, gestão e suporte dos serviços contratados junto aos provedores de nuvem, possibilitando a utilização de múltiplos ambientes de forma integrada, com flexibilidade, escalabilidade e mitigação de riscos de dependência tecnológica (vendor lock-in).
A execução contratual observará dinâmica de contratação sob demanda, com base em tabelas públicas dos provedores e aplicação de descontos ofertados pelos credenciados, permitindo competição contínua entre fornecedores e garantindo economicidade, eficiência e aderência às necessidades institucionais.";Pode envolver implantação, operação, hardware ou desenvolvimento. Não presumir fornecimento apenas de assinatura.;Cadastro de busca oficial PNCP + itens oficiais + detalhe da contratação;https://pncp.gov.br/app/editais/10882594000165/2026/122;;https://pncp.gov.br/pncp-api/v1/orgaos/10882594000165/compras/2026/122/arquivos/21;https://pncp.gov.br/pncp-api/v1/orgaos/10882594000165/compras/2026/122/arquivos/9;10882594000165-1-000122/2026;;2026-04-17 10:57:54.229614;Não informado
Prazo aberto no cadastro PNCP;Sistema especializado / serviços;;FUNDO MUNICIPAL DE SAUDE DE FRAIBURGO;FUNDO MUNICIPAL DE SAÚDE;Municipal;Fraiburgo;SC;Edital de Chamamento Público nº PRI 2/2026;2027-04-22 17:30:00;2026-04-22 08:00:00;80282.88;63423.47;Credenciamento;Não/não informado;Chamamento público para fins de credenciamento de pessoa física ou jurídica, devidamente inscrita no Conselho Regional de Medicina (CRM), para a prestação de serviços médicos aos usuários do Sistema Único de Saúde - SUS, compreendendo a realização de pequenas cirurgias c/ coleta de material para biópsia quando necessário, a fim de atender às necessidades das Unidades Básicas de Saúde.;Pode envolver implantação, operação, hardware ou desenvolvimento. Não presumir fornecimento apenas de assinatura.;API oficial PNCP de propostas abertas (varredura por UF);https://pncp.gov.br/app/editais/10496741000169/2026/11;;;;10496741000169-1-000011/2026;;2026-04-08 16:14:21;Não informado
Prazo aberto no cadastro PNCP;Sistema especializado / serviços;;MUNICIPIO DE MONTE BELO;SECRETARIA MUNICIPAL DE ADMINISTRACAO;Municipal;Monte Belo;MG;Edital de Chamamento Público nº 17/2026;2027-04-24 17:00:00;2026-04-24 15:00:00;480288.0;379427.52;Credenciamento;Não/não informado;CREDENCIAMENTO DE PROFISSIONAL MÉDICO ESPECIALISTA EM PSIQUIATRIA, DEVIDAMENTE REGISTRADO NO CONSELHO REGIONAL DE MEDICINA (CRM) E PORTADOR DE REGISTRO DE QUALIFICAÇÃO DE ESPECIALISTA (RQE), PARA A PRESTAÇÃO DE SERVIÇOS MÉDICOS CONSISTENTES NA REALIZAÇÃO DE CONSULTAS ESPECIALIZADAS EM PSIQUIATRIA, VISANDO ATENDER À DEMANDA DA SECRETARIA MUNICIPAL DE SAÚDE DO MUNICÍPIO DE MONTE BELO/MG, NO ÂMBITO DO SISTEMA ÚNICO DE SAÚDE SUS;Pode envolver implantação, operação, hardware ou desenvolvimento. Não presumir fornecimento apenas de assinatura.;API oficial PNCP de propostas abertas (varredura por UF);https://pncp.gov.br/app/editais/18668376000134/2026/44;https://app2.ammlicita.org.br/pesquisa/98462;;;18668376000134-1-000044/2026;;2026-04-24 13:38:55;Não informado
Prazo aberto no cadastro PNCP;Sistema especializado / serviços;;CAMARA DE VEREADORES DO CAPAO DO LEAO;Câmara de Vereadores do Capão do Leão;Municipal;Capão do Leão;RS;Edital de Chamamento Público nº 1/2026;2027-05-04 08:00:00;2026-05-04 08:00:00;;;Credenciamento;Não/não informado;[Portal de Compras Públicas] - Credenciamento de empresas especializadas na prestação de serviços de intermediação, gestão e controle de margem consignávele averbação de empréstimos consignados em folha de pagamento, com a disponibilização de sistema informatizado via internet (Web), para atendimento aos servidores públicos ativos da Câmara Municipal de Capão do Leão/RS.;Pode envolver implantação, operação, hardware ou desenvolvimento. Não presumir fornecimento apenas de assinatura.;API oficial PNCP de propostas abertas (varredura por UF);https://pncp.gov.br/app/editais/23888377000124/2026/18;https://portaldecompraspublicas.com.br/processos/RS/Camara-Municipal-de-Capao-do-Leao-1050/CRED-1-2026-2026-476439;;;23888377000124-1-000018/2026;;2026-04-30 10:20:04;Não informado
Prazo aberto no cadastro PNCP;Sistema especializado / serviços;;MUNICIPIO DE RIO DAS ANTAS;ADM - Fundo Municipal de Proteção e Defesa do Consumidor - FMDC;Municipal;Rio das Antas;SC;Edital de Chamamento Público nº PRI 13/2026;2027-05-18 17:00:00;2026-05-19 17:00:00;1.0;0.79;Credenciamento;Não/não informado;CREDENCIAMENTO de empresas ou instituições para implantação e gestão de soluções tecnológicas de integração de sistemas tributários/arrecadação do Município, possibilitando o pagamento de guias de arrecadação municipal por meio do uso de CARTÕES DE CRÉDITO, em atendimento a demanda da Secretaria Municipal de Administração e Finanças, nos termos do Termo de referência e demais anexos, e ainda, conforme condições e exigências estabelecidas neste instrumento.;Pode envolver implantação, operação, hardware ou desenvolvimento. Não presumir fornecimento apenas de assinatura.;API oficial PNCP de propostas abertas (varredura por UF);https://pncp.gov.br/app/editais/83074294000123/2026/126;;;;83074294000123-1-000126/2026;;2026-06-11 15:58:50;Não informado
Prazo aberto no cadastro PNCP;Hardware ou solução integrada;;CAMARA MUNICIPAL DE BOM JESUS DA PENHA;Unidade Única;Municipal;Bom Jesus da Penha;MG;Edital de Chamamento Público nº 01/2026;2027-06-02 23:59:59;2026-06-02 00:00:00;34545.0;27290.55;Credenciamento;Não/não informado;Credenciamento de empresa especializada para a prestação de serviços de tecnologia da informação (TI), compreendendo, sob demanda, atividades de instalação, configuração, suporte técnico, manutenção preventiva e corretiva de equipamentos de informática em geral, bem como de sistemas de áudio, vídeo e multimídia, impressoras e infraestrutura de rede interna de dados, visando atender às necessidades da Câmara Municipal de Bom Jesus da Penha/MG. ;Pode envolver implantação, operação, hardware ou desenvolvimento. Não presumir fornecimento apenas de assinatura.;Cadastro de busca oficial PNCP;https://pncp.gov.br/app/editais/05679293000107/2026/10;https://app2.ammlicita.org.br/pesquisa/102653;;;05679293000107-1-000010/2026;;2026-06-02 14:27:27.550581;Não informado
Prazo aberto no cadastro PNCP;Hardware ou solução integrada;;SECRETARIA DE ESTADO DE EDUCACAO;SEDUC;Estadual;Belém;PA;Edital nº 020/2026;2027-06-08 11:00:00;2026-06-08 11:00:00;1.0;0.79;Pregão - Eletrônico;Não/não informado;Prestação de serviço de Solução Integrada de Reconhecimento Facial, que compreende serviço especializado de suporte técnico avançado (fixo mensal) e serviço especializado de customização de software visando o desenvolvimento contínuo dos sistemas (sob demanda), a serem executados nas condições estabelecidas no Termo de Referência e nos anexos deste Contrato.;Pode envolver implantação, operação, hardware ou desenvolvimento. Não presumir fornecimento apenas de assinatura.;Cadastro de busca oficial PNCP;https://pncp.gov.br/app/editais/05054937000163/2026/41;;;;05054937000163-1-000041/2026;;2026-06-08 18:00:08.769391;Não informado
Prazo aberto no cadastro PNCP;Sistema especializado / serviços;;CAMARA MUNICIPAL DE VERMELHO NOVO;Unidade Única ;Municipal;Vermelho Novo;MG;Edital de Chamamento Público nº 001/2026;2027-06-30 23:59:59;2026-06-30 00:00:00;180000.0;142200.0;Credenciamento;Não/não informado;Credenciamento de empresas especializada na implantação, operacionalização e gestão de sistema eletrônico de Cartão “Vale Alimentação”, com fornecimento de cartões físicos e/ou digitais com chip de segurança, senha individual, para aquisição de gêneros alimentícios, abrangendo plataforma tecnológica de gestão, sistema de créditos e recargas, redes credenciada de estabelecimentos, relatórios gerenciais, suporte técnico e operacional, atendimento aos usuários bem como mecanismos de controle, segurança da informação e proteção de dados, destinados aos servidores e vereadores da Câmara Municipal de Vermelho Novo/MG, vimos oferecer nossos serviços profissionais abaixo listados;Pode envolver implantação, operação, hardware ou desenvolvimento. Não presumir fornecimento apenas de assinatura.;API oficial PNCP de propostas abertas (varredura por UF);https://pncp.gov.br/app/editais/02274604000151/2026/9;https://app2.licitardigital.com.br/pesquisa/105558;;;02274604000151-1-000009/2026;;2026-07-01 13:27:52;Não informado
Prazo aberto no cadastro PNCP;Sistema especializado / serviços;;MUNICIPIO DE PERDOES;FUNDO MUNICIPAL DE SAÚDE;Municipal;Perdões;MG;Edital de Chamamento Público nº 48/2026;2027-07-10 08:00:00;2026-07-10 08:00:00;205000.0;161950.0;Credenciamento;Não/não informado;CREDENCIAMENTO DE PESSOA JURÍDICA PARA PRESTAÇÃO DE CONSULTAS MÉDICAS AMBULATORIAIS ESPECIALIZADAS EM ORTOPEDIA E TRAUMATOLOGIA, POR MÉDICO DETENTOR DE TÍTULO DE ESPECIALISTA EM ORTOPEDIA E TRAUMATOLOGIA E REGISTRO DE QUALIFICAÇÃO DE ESPECIALISTA (RQE) EMITIDO PELO CONSELHO REGIONAL DE MEDICINA DE MINAS GERAIS (CRM-MG), DESTINADAS AOS USUÁRIOS DO SISTEMA ÚNICO DE SAÚDE (SUS) DO MUNICÍPIO DE PERDÕES/MG.;Pode envolver implantação, operação, hardware ou desenvolvimento. Não presumir fornecimento apenas de assinatura.;API oficial PNCP de propostas abertas (varredura por UF);https://pncp.gov.br/app/editais/18244343000167/2026/110;;;;18244343000167-1-000110/2026;;2026-07-22 13:41:58;Não informado
Prazo aberto no cadastro PNCP;Hardware ou solução integrada;;MUNICIPIO DE AQUIRAZ;PREFEITURA MUNICIPAL DE AQUIRAZ - CE;Municipal;Aquiraz;CE;Edital de Chamamento Público nº 4/2027;2027-07-15 09:00:00;2026-07-15 16:00:00;20269167.78;16012642.54;Credenciamento;Não/não informado;CONTRATAÇÃO DE EMPRESA ESPECIALIZADA PARA A PRESTAÇÃO DE SERVIÇOS CONTINUADOS DE GERENCIAMENTO, OPERACIONALIZAÇÃO E EXECUÇÃO DE AÇÕES E SERVIÇOS MÉDICOS E MULTIPROFISSIONAIS, ENGLOBANDO A DISPONIBILIZAÇÃO DE PROFISSIONAIS (COBERTURA DE ESCALAS), COORDENAÇÃO TÉCNICA E ADMINISTRATIVA, COM FORNECIMENTO DE SOLUÇÃO TECNOLÓGICA (SAAS) PARA GESTÃO DE ESCALAS, PRODUTIVIDADE E PONTO ELETRÔNICO, VISANDO ATENDER ÀS NECESSIDADES DA SECRETARIA DE SAÚDE E DO HOSPITAL GERAL MANOEL ASSUNÇÃO PIRES.;Pode envolver implantação, operação, hardware ou desenvolvimento. Não presumir fornecimento apenas de assinatura.;Cadastro de busca oficial PNCP;https://pncp.gov.br/app/editais/07911696000157/2027/4;;;;07911696000157-1-000004/2027;;2026-07-15 14:26:33.112119;Não informado
Prazo aberto no cadastro PNCP;Hardware ou solução integrada;;MUNICIPIO DE SAO GABRIEL DA PALHA;PREFEITURA MUNICIPAL DE SÃO GABRIEL DA PALHA;Municipal;São Gabriel da Palha;ES;Edital nº 000016/2026;2027-07-22 12:59:00;2026-07-03 08:00:00;6901883.52;5452487.98;Pregão - Eletrônico;Sim;Constituição de Ata de Registro de Preços, para futura e eventual Contratação de empresa especializada no fornecimento, locação, instalação, configuração, integração, manutenção preventiva e corretiva, suporte técnico e operação assistida de equipamentos, softwares e infraestrutura destinados à operação do sistema de videomonitoramento e da infraestrutura de telecomunicações do Município de São Gabriel da Palha, contemplando equipamentos softwares, serviço de instalação, manutenção e suporte técnico, conforme condições e exigências estabelecidas no ETP e no Termo de Referência.;Pode envolver implantação, operação, hardware ou desenvolvimento. Não presumir fornecimento apenas de assinatura.;Cadastro de busca oficial PNCP;https://pncp.gov.br/app/editais/27174143000176/2026/70;;;;27174143000176-1-000070/2026;;2026-07-02 14:55:14.294743;Não informado
Prazo aberto no cadastro PNCP;Sistema especializado / serviços;;MUNICIPIO DE SANTAREM;FUNDO MUNICIPAL DE SAUDE - FMS;Municipal;Santarém;PA;Edital de Chamamento Público nº 004/2026;2027-08-20 14:30:00;2026-08-21 14:30:00;1008000.0;796320.0;Credenciamento;Não/não informado;[Portal de Compras Públicas] - CREDENCIAMENTO DE EMPRESA ESPECIALIZADA NA PRESTAÇÃO DE SERVIÇOS DE EXAMES DE ULTRASSONOGRAFIA, A SEREM REALIZADOS NAS UNIDADES DE SAÚDE DO MUNICÍPIO DE SANTARÉM/PA, EM PACIENTES PREVIAMENTE REGULADOS PELO SISTEMA ERP DA SECRETARIA MUNICIPAL DE SAÚDE – SEMSA.;Pode envolver implantação, operação, hardware ou desenvolvimento. Não presumir fornecimento apenas de assinatura.;API oficial PNCP de propostas abertas (varredura por UF);https://pncp.gov.br/app/editais/05182233000176/2026/171;https://www.portaldecompraspublicas.com.br/processos/PA/Prefeitura-Municipal-de-Santarem-2160/CRED-004-2026-2026-505381;;;05182233000176-1-000171/2026;;2026-08-20 14:25:07;Não informado
Prazo aberto no cadastro PNCP;Hardware ou solução integrada;;MUNICIPIO DE COREAU;Secretaria Municipal de Gestão e Finanças;Municipal;Coreaú;CE;Edital nº 0911.01DIV/2026;2027-09-18 08:05:45;2026-09-18 08:05:45;;;Pré-qualificação;Não/não informado;PRÉ-QUALIFICAÇÃO PARA CONTRATAÇÃO DE EMPRESA ESPECIALIZADA PARA LOCAÇÃO DE EQUIPAMENTOS DE INFORMÁTICA NOVOS, INCLUSO SUPORTE TÉCNICO ON-LINE E PRESENCIAL, INSTALAÇÃO, CONFIGURAÇÃO, DISPONIBILIZAÇÃO DE SISTEMA OPERACIONAL, REPARAÇÃO E MANUTENÇÃO PREVENTIVA E CORRETIVA, BEM COMO CONFIGURAÇÃO E COMPARTILHAMENTO EM REDE, JUNTO AS DIVERSAS SECRETARIAS DO MUNICÍPIO DE COREAU-CE.;Pode envolver implantação, operação, hardware ou desenvolvimento. Não presumir fornecimento apenas de assinatura.;Cadastro de busca oficial PNCP;https://pncp.gov.br/app/editais/07598618000144/2026/102;;;;07598618000144-1-000102/2026;;2026-09-18 08:11:02.842845;Não informado
Prazo aberto no cadastro PNCP;Sistema especializado / serviços;;MUNICIPIO DE SAO FRANCISCO DO CONDE;PREFEITURA MUNICIPAL DE SÃO FRANCISCO DO CONDE - BA;Municipal;São Francisco do Conde;BA;Edital nº 002/2026;2027-12-31 14:00:00;2026-07-28 08:00:00;224030.0;176983.7;Credenciamento;Não/não informado;Chamamento Público para fins de credenciamento de instituições financeiras para a prestação de serviços especializados de arrecadação das receitas municipais da Prefeitura de São Francisco do Conde, incluindo emissão de Documento de Arrecadação Municipal no padrão FEBRABAN, recolhimento eletrônico via PIX, inclusive com emissão de documentos com QR Code, prestação de contas magnética e/ou eletrônica, bem como suporte técnico e operacional contínuo aos sistemas de arrecadação. ;Pode envolver implantação, operação, hardware ou desenvolvimento. Não presumir fornecimento apenas de assinatura.;API oficial PNCP de propostas abertas (varredura por UF);https://pncp.gov.br/app/editais/13830823000196/2026/67;;;;13830823000196-1-000067/2026;;2026-10-02 17:55:20;Não informado
