Situação apurada;Enquadramento;Produtos/marcas;Órgão;Unidade compradora;Esfera;Cidade;UF;Edital / aviso;Prazo de propostas / fim vigência;Início propostas / vigência;Valor estimado TOTAL (R$);Teto de custo TOTAL p/ margem 15% (R$);Modalidade;Registro de preços;Objeto integral;Pontos a conferir;Verificação realizada;Link PNCP;Portal de disputa / origem;Edital ou aviso (arquivo);Termo de referência (arquivo);Controle PNCP;Duplicidade provável de;Publicação PNCP;Adesão da ata (cadastro)
Recebimento futuro anunciado;Sistema especializado / serviços;;MUNICIPIO DE COROMANDEL;MEDIA E ALTA COMPLEXIDADE;Municipal;Coromandel;MG;Edital nº 28/2026;2026-10-07 08:00:00;2026-10-07 07:59:00;194100.0;153339.0;Pregão - Eletrônico;Não/não informado;[Publicenter] - CONTRATAÇÃO DE EMPRESA ESPECIALIZADA NA PRESTAÇÃO DE SERVIÇOS DE LICENCIAMENTO DE DIREITO DE USO DE SOFTWARE INTEGRADO PARA GESTÃO DE SAÚDE PÚBLICA, PARA ATENDER AS DEMANDAS E NECESSIDADE DA SECRETÁRIA MUNICIPAL DE SAÚDE DO MUNICÍPIO DE COROMANDEL, INCLUINDO SERVIÇOS DE IMPLANTAÇÃO, CONVERSÃO, MIGRAÇÃO DE DADOS, SUPORTE TÉCNICO (HELP DESK) IN LOCO E REMOTO, TREINAMENTO DE USUÁRIOS, MANUTENÇÃO EVOLUTIVA, LEGAL, CORRETIVA E SOB DEMANDA E A DISPONIBILIZAÇÃO DE DATACENTER.                           ;Pode envolver implantação, operação, hardware ou desenvolvimento. Não presumir fornecimento apenas de assinatura.;Cadastro de busca oficial PNCP;https://pncp.gov.br/app/editais/18591149000158/2026/73;                                                                                                    ;;;18591149000158-1-000073/2026;;2026-07-08 10:52:24.651947;Não informado
Prazo aberto no cadastro PNCP;Sistema especializado / serviços;;MUNICIPIO DE SANTA MARIANA;Departamento de Obras;Municipal;Santa Mariana;PR;Edital nº PCE 47/2026;2026-10-07 08:00:00;2026-09-21 17:00:00;20134.92;15906.58;Pregão - Eletrônico;Não/não informado;Contratação de empresa especializada para disponibilização e locação de software de gestão de cemitérios, munido de geolocalização, mapeamento virtual, registro fotográfico de covas, plataforma web e aplicativos para sistemas iOS e Android destinados à população.;Pode envolver implantação, operação, hardware ou desenvolvimento. Não presumir fornecimento apenas de assinatura.;Cadastro de busca oficial PNCP;https://pncp.gov.br/app/editais/75392019000120/2026/65;;;;75392019000120-1-000065/2026;;2026-09-21 14:32:37.146236;Não informado
Prazo aberto no cadastro PNCP;Hardware ou solução integrada;;MUNICIPIO DE SENADOR CANEDO;SECRETARIA MUNICIPAL DE INFRAESTRUTURA, SERVIÇOS E MOBILIDADE URBANA;Municipal;Senador Canedo;GO;Edital nº 110/2026;2026-10-07 08:30:00;2026-09-21 17:00:00;0.2;0.15;Pregão - Eletrônico;Sim;[Portal de Compras Públicas] - REGISTRO DE PREÇOS PARA FUTURA E EVENTUAL CONTRATAÇÃO DE EMPRESA ESPECIALIZADA PARA PRESTAÇÃO DE SERVIÇOS DE IMPLANTAÇÃO, INTERMEDIAÇÃO E ADMINISTRAÇÃO DE UM SISTEMA INFORMATIZADO E INTEGRADO VIA WEB, ON-LINE E REAL TIME, DE GERENCIAMENTO DE INSUMOS DE CONSTRUÇÃO CIVIL, INCLUINDO AQUISIÇÃO DE MATERIAIS DE CONSTRUÇÃO CIVIL, ELÉTRICO, HIDRÁULICO, UTENSÍLIOS, EPIS, ARTEFATOS DE FERRO E CONCRETO E AQUISIÇÃO OU LOCAÇÃO DE FERRAMENTAS E EQUIPAMENTOS PARA ATENDER AS NECESSIDADES DOS FUNDOS, AUTARQUIAS E SECRETARIAS DO MUNICÍPIO DE SENADOR CANEDO.;Pode envolver implantação, operação, hardware ou desenvolvimento. Não presumir fornecimento apenas de assinatura.;Cadastro de busca oficial PNCP;https://pncp.gov.br/app/editais/25107525000151/2026/420;https://www.portaldecompraspublicas.com.br/processos/GO/Prefeitura-Municipal-de-Senador-Canedo-992/RPE-110-2026-2026-512860;;;25107525000151-1-000420/2026;;2026-09-21 14:17:16.493435;Não informado
Prazo aberto no cadastro PNCP;Sistema especializado / serviços;;MUNICIPIO DE OURO VERDE DO OESTE;DEPARTAMENTO DE LICITAÇÃO E PATRIMÔNIO;Municipal;Ouro Verde do Oeste;PR;Edital nº PCE 54/2026;2026-10-07 08:30:00;2026-09-22 08:40:00;688859.67;544199.13;Pregão - Eletrônico;Não/não informado;Contratação de empresa para locação de sistema web integrado de gestão pública municipal, em nuvem, incluindo serviços complementares, implantação, manutenção (corretiva, adaptativa e evolutiva), suporte técnico e treinamento de servidores públicos municipais, armazenamento e segurança da informação, para atendimento das necessidades do município de Ouro Verde do Oeste.;Pode envolver implantação, operação, hardware ou desenvolvimento. Não presumir fornecimento apenas de assinatura.;Cadastro de busca oficial PNCP;https://pncp.gov.br/app/editais/80880107000100/2026/97;;;;80880107000100-1-000097/2026;;2026-09-22 08:32:43.663267;Não informado
Prazo aberto no cadastro PNCP;Hardware ou solução integrada;;MUNICIPIO DE PATO BRANCO;PREFEITURA MUNICIPAL DE PATO BRANCO - PR;Municipal;Pato Branco;PR;Edital nº 59/2026;2026-10-07 08:59:00;2026-09-23 13:30:00;277620.58;219320.25;Pregão - Eletrônico;Não/não informado;Contratação de pessoa jurídica para o fornecimento de equipamentos audiovisuais e multimídia, equipamentos e materiais destinados ao Espaço Maker e à experimentação tecnológica, materiais de identificação e credenciamento, equipamentos de automação e apoio à infraestrutura dos ambientes, licenças de software e equipamentos de infraestrutura de rede, destinados à implantação e ao funcionamento do Coworking Municipal de Pato Branco, em atendimento às necessidades da Secretaria Municipal de Ciência, Tecnologia e Inovação..;Pode envolver implantação, operação, hardware ou desenvolvimento. Não presumir fornecimento apenas de assinatura.;Cadastro de busca oficial PNCP;https://pncp.gov.br/app/editais/76995448000154/2026/155;;;;76995448000154-1-000155/2026;;2026-09-23 13:31:59.449015;Não informado
Prazo aberto no cadastro PNCP;Sistema especializado / serviços;;MUNICIPIO DE ANDORINHA;LICITACOES;Municipal;Andorinha;BA;Edital nº 016/2026;2026-10-07 09:00:00;2026-09-23 09:00:00;260736.04;205981.47;Pregão - Eletrônico;Não/não informado;CONTRATAÇÃO DE EMPRESA ESPECIALIZADA PARA LOCAÇÃO DE SISTEMA DE GERENCIAMENTO DO ACESSO À INFORMAÇÃO, INTEGRADO AO PORTAL NACIONAL DE CONTRATAÇÕES PÚBLICAS, DIÁRIO OFICIAL E PUBLICAÇÕES AVULSAS, EM ATENDIMENTO ÀS LEIS Nº 12.527/2011 E 14.133/2021, VISANDO ASSEGURAR A TRANSPARÊNCIA, A PUBLICIDADE E O ACESSO À INFORMAÇÃO PÚBLICA, COM EFICIÊNCIA E SEGURANÇA.;Pode envolver implantação, operação, hardware ou desenvolvimento. Não presumir fornecimento apenas de assinatura.;Cadastro de busca oficial PNCP + itens oficiais;https://pncp.gov.br/app/editais/16448870000168/2026/106;https://bnccompras.com/Process/ProcessView?param1=[gkz]r4QZReavsDKtbk8Qsr/HvHIE7RP7JD4bFR7TzA3l3z9lmGJgvPHUaf1P3Z0nltMUulbtAIqCMZcC6lcMDDSrNHo8BTDt080o3oKB60/tOqg=;https://pncp.gov.br/pncp-api/v1/orgaos/16448870000168/compras/2026/106/arquivos/1;;16448870000168-1-000106/2026;;2026-09-22 13:37:39.128680;Não informado
Prazo aberto no cadastro PNCP;Sistema especializado / serviços;;CONSELHO REGIONAL DOS TECNICOS INDUSTRIAIS DA BAHIA - CRT-BA;CONSELHO REG. DOS TÉC. IND. DO EST. DA BAHIA;Federal;Salvador;BA;Aviso de Contratação Direta nº 3/2026;2026-10-07 09:00:00;2026-10-02 09:00:00;29276.01;23128.04;Dispensa;Não/não informado;Contratação de empresa especializada no fornecimento de solução integrada de software para Gestão de Folha de Pagamento e Administração de Pessoal.;Pode envolver implantação, operação, hardware ou desenvolvimento. Não presumir fornecimento apenas de assinatura.;Cadastro de busca oficial PNCP;https://pncp.gov.br/app/editais/32784905000196/2026/14;https://cnetmobile.estaleiro.serpro.gov.br/comprasnet-web/public/compras/acompanhamento-compra?compra=92743506000032026;;;32784905000196-1-000014/2026;;2026-10-01 10:08:12.622371;Não informado
Prazo aberto no cadastro PNCP;Sistema especializado / serviços;;MUNICIPIO DE BODO;Prefeitura Municipal de Bodó;Municipal;Bodó;RN;Edital nº 021/2026;2026-10-07 09:00:00;2026-09-22 09:40:00;73443.0;58019.97;Pregão - Eletrônico;Não/não informado;[Portal de Compras Públicas] - Contratação de solução informatizada de gestão tributária municipal;Pode envolver implantação, operação, hardware ou desenvolvimento. Não presumir fornecimento apenas de assinatura.;Cadastro de busca oficial PNCP;https://pncp.gov.br/app/editais/01612374000120/2026/124;https://www.portaldecompraspublicas.com.br/processos/RN/Prefeitura-Municipal-de-Bodo-1316/PE-021-2026-2026-512949;;;01612374000120-1-000124/2026;;2026-09-22 09:39:07.931963;Não informado
Prazo aberto no cadastro PNCP;Hardware ou solução integrada;;MUNICIPIO DE CAPELA DO ALTO;Capela do Alto;Municipal;Capela do Alto;SP;Edital nº 044/2026/2026;2026-10-07 09:00:00;2026-09-22 13:00:00;5996824.29;4737491.18;Pregão - Eletrônico;Sim;Eventual e Futura “locação de sistema de som, palco, tendas/fechamentos, banheiros químicos, grades de contensão, arquibancada backdrop e pórtico”, com fornecimento de mão de obra para operação, montagem e desmontagem em eventos a serem realizados no município.;Pode envolver implantação, operação, hardware ou desenvolvimento. Não presumir fornecimento apenas de assinatura.;Cadastro de busca oficial PNCP + itens oficiais;https://pncp.gov.br/app/editais/46634077000114/2026/112;;https://pncp.gov.br/pncp-api/v1/orgaos/46634077000114/compras/2026/112/arquivos/1;https://pncp.gov.br/pncp-api/v1/orgaos/46634077000114/compras/2026/112/arquivos/3;46634077000114-1-000112/2026;;2026-09-22 10:34:57.137908;Não informado
Prazo aberto no cadastro PNCP;Sistema especializado / serviços;;MUNICIPIO DE PINDORAMA;PREFEITURA MUNICIPAL;Municipal;Pindorama;SP;Edital nº 102 | Processo 2603/2026;2026-10-07 09:00:00;2026-09-22 08:00:00;898770.01;710028.3;Pregão - Eletrônico;Não/não informado;CONTRATACAO DE EMPRESA ESPECIALIZADA NA PRESTACAO DE SERVICO DE TECNOLOGIA DA INFORMACAO PARA DISPONIBILIZACAO DE PLATAFORMA DE GESTAO MUNICIPAL  COMPREENDENDO O LICENCIAMENTO DE USO DE SOFTWARES DE GESTAO PUBLICA  EM AMBIENTE NUVEM  POR PRAZO DETERMINADO  LOCACAO   COM ATUALIZACAO MENSAL  QUE GARANTA AS ALTERACOES LEGAIS  CORRETIVAS E EVOLUTIVAS  INCLUINDO  CONVERSAO  IMPLANTACAO  TREINAMENTO  SUPORTE E ATENDIMENTO TECNICO VISANDO O ATENDIMENTO DAS NECESSIDADES DA PREFEITURA MUNICIPAL DE PIND;Pode envolver implantação, operação, hardware ou desenvolvimento. Não presumir fornecimento apenas de assinatura.;Cadastro de busca oficial PNCP;https://pncp.gov.br/app/editais/45122942000180/2026/986; ;;;45122942000180-1-000986/2026;;2026-09-23 09:57:02.071223;Não informado
Prazo aberto no cadastro PNCP;Hardware ou solução integrada;;CONSELHO REGIONAL DE ENGENHARIA E AGRONOMIA DO ESTADO DE ALAGOAS;CONSELHO REGIONAL DE ENG. E AGRONOMIA DE AL;Federal;Maceió;AL;Aviso de Contratação Direta nº 46/2026;2026-10-07 10:00:00;2026-10-02 08:00:00;4398.8;3475.05;Dispensa;Não/não informado;"CONTRATAÇÃO DE EMPRESA ESPECIALIZADA PARA FORNECIMENTO DE LICENÇA DE USO DE SOFTWARE INFORMATIZADO DE
GESTÃO E CONTROLE DE PONTO ELETRÔNICO.";Pode envolver implantação, operação, hardware ou desenvolvimento. Não presumir fornecimento apenas de assinatura.;Cadastro de busca oficial PNCP;https://pncp.gov.br/app/editais/12156592000114/2026/11;https://cnetmobile.estaleiro.serpro.gov.br/comprasnet-web/public/compras/acompanhamento-compra?compra=38941906000462026;;;12156592000114-1-000011/2026;;2026-10-01 09:02:51.256756;Não informado
Prazo aberto no cadastro PNCP;Hardware ou solução integrada;;CONDRI - CONSORCIO PARA DESENVOLVIMENTO DA REGIAO DO IPANEMA;EAL-CONSORCIO PARA DESENVOLV. DA REG.IPANEMA;Não se aplica;Santana do Ipanema;AL;Edital nº 10/2026;2026-10-07 10:00:00;2026-09-23 08:00:00;13080000.0;10333200.0;Pregão - Eletrônico;Sim;Registro de Preços para futura e eventual contratação de solução tecnológica integrada de comunicação institucional, compreendendo licença de uso de software, implantação, configuração, treinamento, suporte técnico, operação e manutenção de sistema de TV Institucional, com fornecimento de equipamentos em regime de comodato, incluindo televisões, mini processadores e periféricos, bem como sistema de gerenciamento de atendimento com emissão de senhas, chamada por voz, integração com rádio indoor e geração de relatórios gerenciais, destinados ao atendimento das demandas dos municípios consorciados ao CONISA;Pode envolver implantação, operação, hardware ou desenvolvimento. Não presumir fornecimento apenas de assinatura.;Cadastro de busca oficial PNCP;https://pncp.gov.br/app/editais/08080287000119/2026/25;https://cnetmobile.estaleiro.serpro.gov.br/comprasnet-web/public/compras/acompanhamento-compra?compra=92846905000102026;;;08080287000119-1-000025/2026;;2026-09-22 09:51:06.907042;Não informado
Prazo aberto no cadastro PNCP;Sistema especializado / serviços;;MUNICIPIO DE JARAGUARI;PREFEITURA MUNICIPAL DE JARAGUARI - MS;Municipal;Jaraguari;MS;Edital nº 018/2026;2026-10-07 10:00:00;2026-09-21 09:00:00;318502.58;251617.03;Pregão - Eletrônico;Não/não informado;CONTRATAÇÃO DE SERVIÇOS DE EMPRESA ESPECIALIZADA PARA LOCAÇÃO E LICENCIAMENTO TEMPORÁRIO DE USO DE SISTEMA INFORMATIZADO DE GESTÃO PÚBLICA, INCLUINDO IMPLANTAÇÃO, CONVERSÃO/MIGRAÇÃO DE DADOS, TREINAMENTO, MANUTENÇÃO, ATUALIZAÇÃO E SUPORTE TÉCNICO, ABRANGENDO OS MÓDULOS ADMINISTRATIVOS, CONTÁBEIS, FINANCEIROS, TRIBUTÁRIOS, RECURSOS HUMANOS, COMPRAS E LICITAÇÕES, PATRIMÔNIO, ALMOXARIFADO, PROTOCOLO, TRANSPARÊNCIA PÚBLICA, EDUCAÇÃO E SAÚDE, CONFORME CONDIÇÕES, QUANTIDADES E EXIGÊNCIAS ESTABELECIDAS;Pode envolver implantação, operação, hardware ou desenvolvimento. Não presumir fornecimento apenas de assinatura.;Cadastro de busca oficial PNCP;https://pncp.gov.br/app/editais/03501533000145/2026/45;https://bllcompras.com/Process/ProcessView?param1=[gkz]wJUv50H4kRkfMrv1pWpYAog09filhsKapgTQp5uKOIOFhWEkeNd8z0ZEbZSYzrVm24xhvfrzNGGOcGr4L0iEK2vXOnnPVI8vLa2sRzgmuCY=;;;03501533000145-1-000045/2026;;2026-09-18 13:29:49.412564;Não informado
Prazo aberto no cadastro PNCP;Hardware ou solução integrada;Adobe;SECRETARIA DA FAZENDA E PLANEJAMENTO;ESP-FUND.SISTEMA ESTADUAL ANAL.DADOS-SEADE;Estadual;São Paulo;SP;Edital nº 74/2026;2026-10-07 10:00:00;2026-09-22 08:00:00;;;Pregão - Eletrônico;Não/não informado;Aquisição do Pacote Adobe Criative Suite;Pode envolver implantação, operação, hardware ou desenvolvimento. Não presumir fornecimento apenas de assinatura.;Cadastro de busca oficial PNCP + itens oficiais + detalhe da contratação;https://pncp.gov.br/app/editais/46377222000129/2026/339;https://cnetmobile.estaleiro.serpro.gov.br/comprasnet-web/public/compras/acompanhamento-compra?compra=20120105000742026;https://pncp.gov.br/pncp-api/v1/orgaos/46377222000129/compras/2026/339/arquivos/1;;46377222000129-1-000339/2026;;2026-09-21 15:26:19.394292;Não informado
Prazo aberto no cadastro PNCP;Sistema especializado / serviços;;MUNICIPIO DE PORTO VITORIA;PREFEITURA MUNICIPAL DE PORTO VITÓRIA - PR;Municipal;Porto Vitória;PR;Edital nº PE 59/2026;2026-10-07 13:00:00;2026-09-22 17:00:00;74400.0;58776.0;Pregão - Eletrônico;Não/não informado;Contratação de empresa especializada para prestação de serviços de telefonia digital e comunicação integrada, contemplando o fornecimento, disponibilização, instalação, configuração, implantação, integração, licenciamento, suporte técnico e manutenção dos equipamentos, sistemas e soluções de hardware e software necessários ao funcionamento da estrutura de comunicação do Município.;Pode envolver implantação, operação, hardware ou desenvolvimento. Não presumir fornecimento apenas de assinatura.;Cadastro de busca oficial PNCP + itens oficiais;https://pncp.gov.br/app/editais/75688366000102/2026/83;;https://pncp.gov.br/pncp-api/v1/orgaos/75688366000102/compras/2026/83/arquivos/1;;75688366000102-1-000083/2026;;2026-09-22 13:57:36.809950;Não informado
Prazo aberto no cadastro PNCP;Hardware ou solução integrada;;MUNICIPIO DE LUZERNA;Prefeitura Municipal de Luzerna;Municipal;Luzerna;SC;Edital nº PE44/2026;2026-10-07 13:25:00;2026-09-22 13:00:00;269441.28;212858.61;Pregão - Eletrônico;Não/não informado;"[Portal de Compras Públicas] - A presente Licitação tem por objeto a contratação de empresa especializada para locação de sistema de videomonitoramento, contemplando a instalação, manutenção e fornecimento de materiais e equipamentos em regime de comodato, nos imóveis e vias públicas urbanas e rurais do Município de Luzerna/SC, de acordo com as condições e especificações do Edital e anexos que o integram.

O presente processo é autuado e tramitado de forma digital, o qual encontra-se disponível na íntegra pelo endereço: https://luzerna-e2.ciga.sc.gov.br/#/processo/744d6744-e457-442b-b43f-5eb4aeb94417";Pode envolver implantação, operação, hardware ou desenvolvimento. Não presumir fornecimento apenas de assinatura.;Cadastro de busca oficial PNCP;https://pncp.gov.br/app/editais/01613428000172/2026/298;https://www.portaldecompraspublicas.com.br/processos/SC/Prefeitura-Municipal-de-Luzerna-2749/PE-PE44-2026-2026-512664;;;01613428000172-1-000298/2026;;2026-09-22 14:41:38.395242;Não informado
Prazo aberto no cadastro PNCP;Hardware ou solução integrada;Segurança/antivírus;MUNICIPIO DE AMERICANA;Americana;Municipal;Americana;SP;Edital nº 084/2026/2026;2026-10-08 07:30:00;2026-09-23 15:30:00;;;Pregão - Eletrônico;Não/não informado;"CONTRATAÇÃO DE EMPRESA ESPECIALIZADA PARA PRESTAÇÃO DE SERVIÇOS DE SUPORTE TÉCNICO AVANÇADO, ACOMPANHAMENTO ESTRATÉGICO, SEGURANÇA CIBERNÉTICA, REDES E CONECTIVIDADE E LICENCIAMENTO FORTICARE PREMIUM PARA EQUIPAMENTOS FORTINET

OBS: PODE HAVER DIVERGÊNCIA ENTRE O VALOR DO EDITAL DIVULGADO EM VIRTUDE DE ARREDONDAMENTO DE CASAS DECIMAIS";Pode envolver implantação, operação, hardware ou desenvolvimento. Não presumir fornecimento apenas de assinatura.;Cadastro de busca oficial PNCP + itens oficiais;https://pncp.gov.br/app/editais/45781176000166/2026/838;;https://pncp.gov.br/pncp-api/v1/orgaos/45781176000166/compras/2026/838/arquivos/1;;45781176000166-1-000838/2026;;2026-09-23 15:20:28.284691;Não informado
Prazo aberto no cadastro PNCP;Hardware ou solução integrada;Segurança/antivírus;MUNICIPIO DE AMERICANA;PREFEITURA MUNICIPAL DE AMERICANA;Municipal;Americana;SP;Edital nº 084/2026;2026-10-08 07:30:00;2026-09-23 14:00:00;440473.27;347973.88;Pregão - Eletrônico;Não/não informado;CONTRATAÇÃO DE EMPRESA ESPECIALIZADA PARA PRESTAÇÃO DE SERVIÇOS DE SUPORTE TÉCNICO AVANÇADO, ACOMPANHAMENTO ESTRATÉGICO, SEGURANÇA CIBERNÉTICA, REDES E CONECTIVIDADE E LICENCIAMENTO FORTICARE PREMIUM PARA EQUIPAMENTOS FORTINET OBS: PODE HAVER DIVERGÊNCIA ENTRE O VALOR DO EDITAL DIVULGADO EM VIRTUDE DE ARREDONDAMENTO DE CASAS DECIMAIS;Pode envolver implantação, operação, hardware ou desenvolvimento. Não presumir fornecimento apenas de assinatura.;Cadastro de busca oficial PNCP + itens oficiais;https://pncp.gov.br/app/editais/45781176000166/2026/835;;https://pncp.gov.br/pncp-api/v1/orgaos/45781176000166/compras/2026/835/arquivos/3;;45781176000166-1-000835/2026;;2026-09-23 14:18:36.629501;Não informado
Prazo aberto no cadastro PNCP;Hardware ou solução integrada;;MUNICIPIO DE CASA NOVA;MUNICIPIO DE CASA NOVA;Municipal;Casa Nova;BA;Edital nº PE030/2026;2026-10-08 08:00:00;2026-09-24 08:00:00;190000.8;150100.63;Pregão - Eletrônico;Não/não informado;"CONTRATAÇÃO DE EMPRESA ESPECIALIZADA PARA A PRESTAÇÃO DE SERVIÇOS DE LOCAÇÃO DE
EQUIPAMENTOS DE CONTROLE DE PONTO ELETRÔNICO, INCLUINDO O FORNECIMENTO DE
TERMINAIS/RELÓGIOS DE PONTO EM REGIME DE COMODATO/LOCAÇÃO, SISTEMA DE SOFTWARE PARA
GESTÃO, REGISTRO E APURAÇÃO DA FREQUÊNCIA, BEM COMO MANUTEN";Pode envolver implantação, operação, hardware ou desenvolvimento. Não presumir fornecimento apenas de assinatura.;Cadastro de busca oficial PNCP;https://pncp.gov.br/app/editais/13691811000128/2026/106;https://bllcompras.com/Process/ProcessView?param1=[gkz]o169d2vKMjBchsLFquDosK39Cfl5f7FZrU7paBIm93gWlH6laafypL_B6tDVxxYSbCHeP0pveZZ7nznbjpnIge5OVOo0mIjzJKbK5k5oc9w=;;;13691811000128-1-000106/2026;;2026-09-23 12:11:44.276845;Não informado
Prazo aberto no cadastro PNCP;Hardware ou solução integrada;Microsoft;CONSELHO REGIONAL DE MEDICINA DO EST DE SANTA CATARINA;CONSELHO REGIONAL DE MEDICINA - SC;Federal;Florianópolis;SC;Aviso de Contratação Direta nº 66/2026;2026-10-08 08:00:00;2026-10-05 17:30:00;35978.36;28422.9;Dispensa;Não/não informado;Aquisição de notebook de alto desempenho destinado à execução de softwares de engenharia e arquitetura, visando atender às necessidades de obras, manutenções e melhorias do Conselho Regional de Medicina do Estado de Santa Catarina;Pode envolver implantação, operação, hardware ou desenvolvimento. Não presumir fornecimento apenas de assinatura.;Cadastro de busca oficial PNCP + itens oficiais;https://pncp.gov.br/app/editais/79831566000115/2026/32;https://cnetmobile.estaleiro.serpro.gov.br/comprasnet-web/public/compras/acompanhamento-compra?compra=38918006000662026;https://pncp.gov.br/pncp-api/v1/orgaos/79831566000115/compras/2026/32/arquivos/1;;79831566000115-1-000032/2026;;2026-10-05 16:35:44.333496;Não informado
Prazo aberto no cadastro PNCP;Hardware ou solução integrada;;MUNICIPIO DE SUL BRASIL;Departamento de Educação;Municipal;Sul Brasil;SC;Edital nº PCE 47/2026;2026-10-08 08:00:00;2026-09-25 08:00:00;26323.65;20795.68;Pregão - Eletrônico;Não/não informado;CONTRATAÇÃO DE EMPRESA ESPECIALIZADA PARA O FORNECIMENTO, INSTALAÇÃO, CONFIGURAÇÃO, TESTES, TREINAMENTO OPERACIONAL E COLOCAÇÃO EM FUNCIONAMENTO DE SISTEMA DE VIDEOMONITORAMENTO, INCLUINDO O FORNECIMENTO DE EQUIPAMENTOS, MATERIAIS, ACESSÓRIOS, INFRAESTRUTURA NECESSÁRIA, MÃO DE OBRA ESPECIALIZADA E GARANTIA, DESTINADO À ESCOLA MUNICIPAL E AO GINÁSIO MUNICIPAL DE SUL BRASIL/SC.;Pode envolver implantação, operação, hardware ou desenvolvimento. Não presumir fornecimento apenas de assinatura.;Cadastro de busca oficial PNCP;https://pncp.gov.br/app/editais/95990107000130/2026/163;;;;95990107000130-1-000163/2026;;2026-09-24 10:56:40.926173;Não informado
Prazo aberto no cadastro PNCP;Sistema especializado / serviços;;MUNICIPIO DE PARANAVAI;COORDENAÇÃO DA SECRETARIA DE ADMINISTRAÇÃO;Municipal;Paranavaí;PR;Edital nº PCE 53/2026;2026-10-08 08:29:00;2026-09-23 08:30:00;14990592.09;11842567.75;Pregão - Eletrônico;Não/não informado;Contratação de Empresa especializada para FORNECIMENTO DE LICENÇA DE USO (LOCAÇÃO) DE SISTEMA INFORMATIZADO EM GESTÃO PÚBLICA MUNICIPAL EM AMBIENTE WEB,  que permita a gestão integrada das atividades administrativas e operacionais, com unificação de dados entre os entes, acesso simultâneo por diferentes setores e controle eficiente das informações em tempo real, com acesso multiusuários em banco de dados único,  incluindo  instalação, configuração, implantação, conversão e migração de dados legados, customização, testes, treinamento e serviços de manutenção mensal, documentação, alterações legais, corretivas e evolutivas no sistema, atendimento e suporte técnico, a fim de atender às exigências legais e possibilitar o acompanhamento, a execução e o controle das áreas financeira, contábil, orçamentária, patrimonial, recursos humanos, compras, gestão educacional, vigilância sanitária, contratos, licitações, previdência e demais áreas da gestão pública da Prefeitura Municipal de Paranavaí, da Câmara Municipal e do Paranavaí Previdência.;Pode envolver implantação, operação, hardware ou desenvolvimento. Não presumir fornecimento apenas de assinatura.;Cadastro de busca oficial PNCP;https://pncp.gov.br/app/editais/76977768000181/2026/186;;;;76977768000181-1-000186/2026;;2026-09-22 15:38:56.521022;Não informado
Prazo aberto no cadastro PNCP;Sistema especializado / serviços;;MUNICIPIO DE AGRONOMICA;Prefeitura Municipal de Agronômica - SC;Municipal;Agronômica;SC;Edital nº PR 02 FMS /2026;2026-10-08 08:29:00;2026-09-24 13:00:00;82581.62;65239.47;Pregão - Eletrônico;Não/não informado;CONTRATAÇÃO DE EMPRESA PARA IMPLANTAÇÃO E LOCAÇÃO DE SISTEMA DE SOFTWARE INTEGRADO DA SECRETARIA MUNICIPAL DE SAÚDE DE AGRONÔMICA, ABRANGENDO TODAS AS SUAS UNIDADES E SERVIÇOS VINCULADOS COMO MIGRAÇÃO DE DADOS, HOSPEDAGEM BANCO DE DADOS, TREINAMENTO E MANUTENÇÃO DO SISTEMA DE GESTÃO DESTINADO A ATENDER ÀS NECESSIDADES OPERACIONAIS, ASSISTENCIAIS E ADMINISTRATIVAS DA SECRETARIA MUNICIPAL DE SAÚDE DO MUNICÍPIO DE AGRONÔMICA/SC ;Pode envolver implantação, operação, hardware ou desenvolvimento. Não presumir fornecimento apenas de assinatura.;Cadastro de busca oficial PNCP + itens oficiais;https://pncp.gov.br/app/editais/83102590000190/2026/67;https://comprasbr.com.br/pregao-eletronico-detalhe/?idlicitacao=48560;https://pncp.gov.br/pncp-api/v1/orgaos/83102590000190/compras/2026/67/arquivos/1;;83102590000190-1-000067/2026;;2026-09-24 12:12:39.361029;Não informado
Prazo aberto no cadastro PNCP;Sistema especializado / serviços;;MUNICIPIO DE TAVARES;Prefeitura Municipal de Tavares;Municipal;Tavares;PB;Edital nº 022/2026;2026-10-08 08:30:00;2026-09-24 08:30:00;79260.0;62615.4;Pregão - Eletrônico;Não/não informado;[Portal de Compras Públicas] - CONTRATAÇÃO DE EMPRESA ESPECIALIZADA PARA A PRESTAÇÃO DE SERVIÇOS DE LOCAÇÃO DE SISTEMAS DE GESTÃO PÚBLICA VISANDO ATENDER AS NECESSIDADES DA PREFEITURA MUNICIPAL DE TAVARES – PB.;Pode envolver implantação, operação, hardware ou desenvolvimento. Não presumir fornecimento apenas de assinatura.;Cadastro de busca oficial PNCP;https://pncp.gov.br/app/editais/08944092000170/2026/28;https://www.portaldecompraspublicas.com.br/processos/PB/Prefeitura-Municipal-de-Tavares-1864/PE-022-2026-2026-512995;;;08944092000170-1-000028/2026;;2026-09-24 07:18:45.588132;Não informado
Prazo aberto no cadastro PNCP;Sistema especializado / serviços;;CONSORCIO PUBLICO INTERMUNICIPAL DE SAUDE DO NORTE PIONEIRO;Unidade administrativa;Não se aplica;Jacarezinho;PR;Edital nº 36/2026;2026-10-08 08:30:00;2026-09-22 13:00:00;5725964.0;4523511.56;Pregão - Eletrônico;Sim;Registro de Preços de empresa especializada para o fornecimento de licença de uso de sistema informatizado de Gestão Educacional e Plataforma Educacional, compreendendo a disponibilização da solução tecnológica, os serviços de instalação, implantação, treinamento, manutenção e suporte técnico continuado, a serem executados por equipe qualificada na área educacional, destinados ao atendimento das demandas administrativas, operacionais e pedagógicas da Secretaria Municipal de Educação, em atendimento as necessidades dos 22 municípios consorciados ao CISNORPI.;Pode envolver implantação, operação, hardware ou desenvolvimento. Não presumir fornecimento apenas de assinatura.;Cadastro de busca oficial PNCP;https://pncp.gov.br/app/editais/00476612000155/2026/172;;;;00476612000155-1-000172/2026;;2026-09-08 11:38:10.542401;Não informado
Prazo aberto no cadastro PNCP;Sistema especializado / serviços;;MUNICIPIO DE PARANAVAI;PREFEITURA MUNICIPAL DE PARANAVAÍ - PR;Municipal;Paranavaí;PR;Edital nº 18/2026;2026-10-08 08:30:00;2026-09-23 08:00:00;14990592.09;11842567.75;Pregão - Eletrônico;Não/não informado;Contratação de Empresa especializada para FORNECIMENTO DE LICENÇA DE USO (LOCAÇÃO) DE SISTEMA INFORMATIZADO EM GESTÃO PÚBLICA MUNICIPAL EM AMBIENTE WEB,  que permita a gestão integrada das atividades administrativas e operacionais, com unificação de dados entre os entes, acesso simultâneo por diferentes setores e controle eficiente das informações em tempo real, com acesso multiusuários em banco de dados único,  incluindo  instalação, configuração, implantação, conversão e migração de dados legados, customização, testes, treinamento e serviços de manutenção mensal, documentação, alterações legais, corretivas e evolutivas no sistema, atendimento e suporte técnico, a fim de atender às exigências legais e possibilitar o acompanhamento, a execução e o controle das áreas financeira, contábil, orçamentária, patrimonial, recursos humanos, compras, contratos, licitações, previdência, demais áreas da gestão pública, educação e vigilância sanitária da Prefeitura Municipal de Paranavaí, da Câmara Municipal e do Paranavaí Previdência.;Pode envolver implantação, operação, hardware ou desenvolvimento. Não presumir fornecimento apenas de assinatura.;Cadastro de busca oficial PNCP;https://pncp.gov.br/app/editais/76977768000181/2026/185;https://cnetmobile.estaleiro.serpro.gov.br/comprasnet-web/public/compras/acompanhamento-compra?compra=98774905000182026;;;76977768000181-1-000185/2026;;2026-09-22 11:15:13.017394;Não informado
Prazo aberto no cadastro PNCP;Hardware ou solução integrada;Segurança/antivírus;MUNICIPIO DE GARIBALDI;PREFEITURA MUNICIPAL DE GARIBALDI;Municipal;Garibaldi;RS;Edital nº 0098/2026;2026-10-08 08:30:00;2026-09-25 08:30:00;110195.39;87054.35;Pregão - Eletrônico;Não/não informado;CONTRATAÇÃO DE EMPRESA PARA A PRESTAÇÃO DE SERVIÇO DE LOCAÇÃO DE “APPLIANCE DE FIREWALL NEXT GENERATION” - NGFW;Pode envolver implantação, operação, hardware ou desenvolvimento. Não presumir fornecimento apenas de assinatura.;Cadastro de busca oficial PNCP + itens oficiais;https://pncp.gov.br/app/editais/88594999000195/2026/1454;https://pregaobanrisul.com.br/editais/0098_2026/357237;https://pncp.gov.br/pncp-api/v1/orgaos/88594999000195/compras/2026/1454/arquivos/1;;88594999000195-1-001454/2026;;2026-09-24 09:11:07.975235;Não informado
Prazo aberto no cadastro PNCP;Sistema especializado / serviços;;CONSORCIO INTERMUNICIPAL DE GESTAO E SAUDE DA MICROREGIAO DO MEDIO MUCURI;Unidade Única;Não se aplica;Águas Formosas;MG;Edital nº 005/2026;2026-10-08 08:53:00;2026-09-28 10:00:00;67107.57;53014.98;Pregão - Eletrônico;Não/não informado;CONTRATAÇÃO DE EMPRESA ESPECIALIZADA EM LICENCIAMENTO DE USO, INSTALAÇÃO, IMPLANTAÇÃO E LOCAÇÃO DE SISTEMAS INFORMATIZADOS E INTEGRADOS DE TECNOLOGIA DA INFORMAÇÃO, EM AMBIENTE DE COMPUTAÇÃO EM NUVEM (DATA CENTER), VOLTADOS À GESTÃO PÚBLICA, PARA ATENDER ÀS DEMANDAS DO CONSÓRCIO INTERMUNICIPAL DE GESTÃO E SAÚDE DA MICRORREGIÃO DO MÉDIO MUCURI - CISMEM;Pode envolver implantação, operação, hardware ou desenvolvimento. Não presumir fornecimento apenas de assinatura.;Cadastro de busca oficial PNCP;https://pncp.gov.br/app/editais/00688535000105/2026/10;https://app2.licitardigital.com.br/pesquisa/114805;;;00688535000105-1-000010/2026;;2026-09-28 09:21:30.983675;Não informado
Prazo aberto no cadastro PNCP;Sistema especializado / serviços;;MUNICIPIO DE PALMA SOLA;FUNDO MUNICIPAL DA SAUDE;Municipal;Palma Sola;SC;Edital nº 12/2026;2026-10-08 08:59:00;2026-09-23 00:00:00;51930.28;41024.92;Pregão - Eletrônico;Não/não informado;[Portal de Compras Públicas] - CONTRATAÇÃO DE EMPRESA PARA LOCAÇÃO DE LICENÇA DE USO DE SOFTWARE DE GESTÃO DE SAÚDE PÚBLICA EM PLATAFORMA WEB SINCRONIZADO/INTEGRADO AO E-SUS PARA AUXILIAR NA OPERAÇÃO DOS SISTEMAS DO MINISTÉRIO DA SAÚDE DE INFORMAÇÃO DE PRODUÇÃO, INCLUINDO MIGRAÇÃO, INSTALAÇÃO, MANUTENÇÃO E ATUALIZAÇÕES DO SISTEMA E TREINAMENTO AOS PROFISSIONAIS.;Pode envolver implantação, operação, hardware ou desenvolvimento. Não presumir fornecimento apenas de assinatura.;Cadastro de busca oficial PNCP;https://pncp.gov.br/app/editais/83028639000102/2026/155;https://www.portaldecompraspublicas.com.br/processos/SC/Prefeitura-Municipal-de-Palma-Sola-1694/PEP-12-2026-2026-512855;;;83028639000102-1-000155/2026;;2026-09-21 15:12:04.395700;Não informado
Prazo aberto no cadastro PNCP;Sistema especializado / serviços;;FUNDO MUNICIPAL DE SAUDE;FUNDO MUNICIPAL DE SAUDE PALMA SOLA ;Municipal;Palma Sola;SC;Edital nº PCE 3/2026;2026-10-08 08:59:00;2026-09-23 00:00:00;51930.28;41024.92;Pregão - Eletrônico;Não/não informado;CONTRATAÇÃO DE EMPRESA PARA LOCAÇÃO DE LICENÇA DE USO DE SOFTWARE DE GESTÃO DE SAÚDE PÚBLICA EM PLATAFORMA WEB SINCRONIZADO/INTEGRADO AO E-SUS PARA AUXILIAR NA OPERAÇÃO DOS SISTEMAS DO MINISTÉRIO DA SAÚDE DE INFORMAÇÃO DE PRODUÇÃO, INCLUINDO MIGRAÇÃO, INSTALAÇÃO, MANUTENÇÃO E ATUALIZAÇÕES DO SISTEMA E TREINAMENTO AOS PROFISSIONAIS.;Pode envolver implantação, operação, hardware ou desenvolvimento. Não presumir fornecimento apenas de assinatura.;Cadastro de busca oficial PNCP;https://pncp.gov.br/app/editais/11312770000196/2026/11;;;;11312770000196-1-000011/2026;;2026-09-21 11:04:04.973613;Não informado
Prazo aberto no cadastro PNCP;Hardware ou solução integrada;;MUNICIPIO DE PRESIDENTE ALVES;MUNICIPIO DE PRESIDENTE ALVES;Municipal;Presidente Alves;SP;Edital nº 18/2026;2026-10-08 09:00:00;2026-09-18 08:00:00;423673.34;334701.93;Pregão - Presencial;Sim;Registro de Preços de contratação de empresa(s) especializada(s) na prestação de eventuais serviços de locação de equipamentos de som, sistema de iluminação, painéis de led, geradores e entre outros, para eventos a serem realizados pelo departamento de cultura, esporte e lazer e demais departamentos municipais;Pode envolver implantação, operação, hardware ou desenvolvimento. Não presumir fornecimento apenas de assinatura.;Cadastro de busca oficial PNCP;https://pncp.gov.br/app/editais/44555688000141/2026/31;https://diariooficial.presidentealves.sp.gov.br/uploads/editions/Edicao_1451_18092026_1920.pdf;;;44555688000141-1-000031/2026;;2026-09-18 16:33:09.915908;Não informado
Prazo aberto no cadastro PNCP;Sistema especializado / serviços;;CONSORCIO INTERMUNICIPAL DE GESTAO E DESENVOLVIMENTO AMBIENTAL SUSTENTAVEL DAS VERTENTES;Unidade Única;Não se aplica;São João del Rei;MG;Edital nº 007/2026;2026-10-08 09:15:00;2026-09-25 09:00:00;;;Pregão - Eletrônico;Sim;Serviço de manutenção preventiva e corretiva do Sistema de Iluminação Pública nas vias e áreas Públicas dentro dos perímetros urbano e rural dos municípios Consorciados ao CIGEDAS Vertentes, conforme demanda para manutenção plena dos parques luminotécnicos, incluindo os serviços de Call Center, locação de software para gestão do Sistema de Iluminação Pública e georreferenciamento dos pontos de iluminação pública.;Pode envolver implantação, operação, hardware ou desenvolvimento. Não presumir fornecimento apenas de assinatura.;Cadastro de busca oficial PNCP;https://pncp.gov.br/app/editais/18773785000109/2026/55;https://app2.ammlicita.org.br/pesquisa/114421;;;18773785000109-1-000055/2026;;2026-09-24 16:13:33.091687;Não informado
Prazo aberto no cadastro PNCP;Hardware ou solução integrada;;MUNICIPIO DE PORTO REAL;Prefeitura Municipal de Porto Real - RJ;Municipal;Porto Real;RJ;Edital nº 040/2026;2026-10-08 09:59:00;2026-09-17 09:59:00;503186.88;397517.63;Pregão - Eletrônico;Não/não informado;Locação de sistema completo de mamografia digital direta, incluindo mamógrafo digital, impressora radiológica a seco (dry) sistema PACS e fornecimento de laudos radiológicos;Pode envolver implantação, operação, hardware ou desenvolvimento. Não presumir fornecimento apenas de assinatura.;Cadastro de busca oficial PNCP + itens oficiais;https://pncp.gov.br/app/editais/01612355000102/2026/57;https://comprasbr.com.br/pregao-eletronico-detalhe/?idlicitacao=48374;https://pncp.gov.br/pncp-api/v1/orgaos/01612355000102/compras/2026/57/arquivos/1;;01612355000102-1-000057/2026;;2026-09-16 14:25:35.946862;Não informado
Prazo aberto no cadastro PNCP;Sistema especializado / serviços;;MUNICIPIO DE SANTANA DO PARAISO;Unidade Única;Municipal;Santana do Paraíso;MG;Edital nº 042/2026;2026-10-08 13:00:00;2026-09-24 11:00:00;299037.5;236239.62;Pregão - Eletrônico;Não/não informado;Aquisição de Sistema de Ultrassonografia Diagnóstica com Aplicação Transesofágica, em lote único (solução integrada turnkey), incluindo conjunto de transdutores, periféricos de energia e impressão, licenças de software, entrega, montagem, instalação, integração de rede, treinamento de equipe e garantia integral com suporte técnico on-site. ;Pode envolver implantação, operação, hardware ou desenvolvimento. Não presumir fornecimento apenas de assinatura.;Cadastro de busca oficial PNCP;https://pncp.gov.br/app/editais/38515573000120/2026/144;https://app2.ammlicita.org.br/pesquisa/114522;;;38515573000120-1-000144/2026;;2026-09-24 10:17:12.310700;Não informado
Prazo aberto no cadastro PNCP;Sistema especializado / serviços;;MUNICIPIO DE CAMPOS DO JORDAO;Prefeitura Municipal da Est. Turística de Campos do Jordão;Municipal;Campos do Jordão;SP;Edital de Chamamento Público nº 005 - CONACIN/2026;2026-10-08 23:59:00;2026-09-16 08:00:00;;;Manifestação de Interesse;Não/não informado;O CONACIN – CONSÓRCIO PÚBLICO INTERMUNICIPAL DE CIDADES INTELIGENTES, pessoa jurídica de direito público, devidamente inscrito no CNPJ sob o número 63.161.279/0001-05, na qualidade de órgão gerenciador, torna pública, para conhecimento dos interessados, a abertura de Intenção de Registro de Preços n.º 005/2026, visando a abertura de futuro procedimento licitatório, pelo Sistema de Registro de Preços, destinado à CONTRATAÇÃO DE EMPRESA ESPECIALIZADA NA EXECUÇÃO DO CADASTRO TERRITORIAL MULTIFINALITÁRIO (CTM), COMPREENDENDO O LEVANTAMENTO AEROFOTOGRAMÉTRICO DIGITAL E ORBITAL, A ATUALIZAÇÃO DA BASE CADASTRAL E DO MAPA DIGITAL URBANO, A REVISÃO DA PLANTA GENÉRICA DE VALORES (PGV) E O FORNECIMENTO, NA MODALIDADE SOFTWARE COMO SERVIÇO (SAAS), DE SOLUÇÕES TECNOLÓGICAS DE GESTÃO TERRITORIAL, TRIBUTÁRIA, AMBIENTAL E DE MONITORAMENTO DE EVENTOS CLIMÁTICOS.;Pode envolver implantação, operação, hardware ou desenvolvimento. Não presumir fornecimento apenas de assinatura.;Cadastro de busca oficial PNCP;https://pncp.gov.br/app/editais/45699626000176/2026/465;http://www.licitacaocamposdojordao.com.br;;;45699626000176-1-000465/2026;;2026-09-15 16:20:36.410408;Não informado
Prazo aberto no cadastro PNCP;Sistema especializado / serviços;;TIMBO CAMARA DE VEREADORES;Atividades Legislativas;Municipal;Timbó;SC;Edital nº PCE 1/2026;2026-10-09 00:00:00;2026-09-18 00:00:00;39406.5;31131.13;Pregão - Eletrônico;Não/não informado;Contratação de empresa especializada em desenvolvimento e fornecimento de sistemas de informática, para locação de sistema de Processo Legislativo Eletrônico em nuvem: A solução objeto deste pregão deverá ser fornecida na modalidade de locação de sistema em nuvem (SaaS - Software as a Service), modular, abrangendo todos os módulos do Processo Legislativo Eletrônico, além de serviço de treinamento, capacitação e serviços técnicos, migração, conversão, customização.;Pode envolver implantação, operação, hardware ou desenvolvimento. Não presumir fornecimento apenas de assinatura.;Cadastro de busca oficial PNCP;https://pncp.gov.br/app/editais/83497594000115/2026/38;;;;83497594000115-1-000038/2026;;2026-09-18 16:09:29.988277;Não informado
Prazo aberto no cadastro PNCP;Hardware ou solução integrada;;CONSELHO REGIONAL DE CONTABILIDADE DO ESTADO DO AMAZONAS;CONSELHO REG. DE CONTABILIDADE DO AMAZONAS;Federal;Manaus;AM;Aviso de Contratação Direta nº 24/2026;2026-10-09 08:00:00;2026-10-05 15:30:00;54530.01;43078.7;Dispensa;Não/não informado;"Aquisição de 03 (três) estações de trabalho completas, compostas por computadores, monitores, nobreaks, periféricos, licenças e demais acessórios necessários ao pleno funcionamento, destinadas à estruturação dos postos de trabalho dos novos servidores concursados do Conselho Regional de Contabilidade do Amazonas – CRCAM.

A solução deverá contemplar, no mínimo:

03 (três) computadores completos, em formato compacto ou equivalente;

06 (seis) monitores, sendo 02 (dois) por estação de trabalho;

03 (três) nobreaks, sendo 01 (um) por estação;

03 (três) conjuntos de teclado e mouse com fio;

03 (três) licenças de sistema operacional profissional, original e devidamente licenciada;

licenças de aplicativos de escritório compatíveis com as atividades institucionais;

cabos, conectores, adaptadores e demais acessórios necessários à instalação e ao pleno funcionamento dos equipamentos.";Pode envolver implantação, operação, hardware ou desenvolvimento. Não presumir fornecimento apenas de assinatura.;Cadastro de busca oficial PNCP;https://pncp.gov.br/app/editais/04165775000178/2026/39;https://cnetmobile.estaleiro.serpro.gov.br/comprasnet-web/public/compras/acompanhamento-compra?compra=92665006000242026;;;04165775000178-1-000039/2026;;2026-10-05 14:45:09.971455;Não informado
Prazo aberto no cadastro PNCP;Sistema especializado / serviços;;MUNICIPIO DE PACAJUS;Pacajus;Municipal;Pacajus;CE;Edital nº 050/2026-PE/2026;2026-10-09 08:00:00;2026-09-25 00:01:00;116843.04;92306.0;Pregão - Eletrônico;Não/não informado;CONTRATAÇÃO DE EMPRESA ESPECIALIZADA PARA PRESTAÇÃO DE SERVIÇOS DE LICENÇAS DE USO DE SISTEMA INFORMATIZADO PARA USO DOS SETORES DE CONTABILIDADE, LICITAÇÃO, ALMOXARIFADO, PATRIMÔNIO, LOCAÇÃO DE SISTEMA INFORMATIZADO PARA PUBLICAÇÃO DE DADOS PARA ATENDER AS EXIGENCIAS DA LEI N°12.527/2011 E COMPLEMENTAR N°131/2009(LEI DA TRANSFERENCIA PUBLICA), SOB RESPONSABILIDADE DA SECRETARIA DE ADMINISTRAÇÃO E FINANÇAS DE PACAJUS/CE;Pode envolver implantação, operação, hardware ou desenvolvimento. Não presumir fornecimento apenas de assinatura.;Cadastro de busca oficial PNCP;https://pncp.gov.br/app/editais/07384407000109/2026/149;;;;07384407000109-1-000149/2026;;2026-09-24 08:20:06.345645;Não informado
Prazo aberto no cadastro PNCP;Hardware ou solução integrada;;MUNICIPIO DE ALTO DO RODRIGUES;Prefeitura Municipal de Alto do Rodrigues;Municipal;Alto do Rodrigues;RN;Edital nº 022/2026;2026-10-09 08:00:00;2026-09-11 18:00:00;1923498.36;1519563.7;Pregão - Eletrônico;Sim;"[Portal de Compras Públicas] - registro de preço para contratação de empresa especializada na prestação de serviços de locação de equipamentos de informática, do tipo impressoras, computadores desktop, notebooks, monitores, servidores, incluindo fornecimento de equipamentos novos para primeiro uso e em linha de produção; com serviços de instalação e configuração, licenças de software e suporte hardware/software, com suas respectivas garantias; manutenção preventiva e corretiva com fornecimento de peças e suprimentos necessários (exceto papel); suporte técnico remoto e presencial; e solução para monitoramento e gerenciamento de todo o parque e dos serviços executados para atender demanda dos órgãos participantes e do município de Alto do Rodrigues/RN";Pode envolver implantação, operação, hardware ou desenvolvimento. Não presumir fornecimento apenas de assinatura.;Cadastro de busca oficial PNCP;https://pncp.gov.br/app/editais/08184111000107/2026/28;https://www.portaldecompraspublicas.com.br/processos/RN/Prefeitura-Municipal-de-Alto-do-Rodrigues-1573/RPE-022-2026-2026-510854;;;08184111000107-1-000028/2026;;2026-09-11 16:05:50.081610;Não informado
Prazo aberto no cadastro PNCP;Sistema especializado / serviços;;CAMARA MUNICIPAL DE GUANHAES;Unidade Única;Municipal;Guanhães;MG;Aviso de Contratação Direta nº 4/2026;2026-10-09 08:30:00;2026-09-25 08:30:00;28924.76;22850.56;Dispensa;Não/não informado;CONTRATAÇÃO DE EMPRESA ESPECIALIZADA EM PRESTAÇÃO DE SERVIÇOS DE SOLUÇÃO INTEGRADA DE TELEFONIA EM NUVEM (CLOUD PBX/IP), COMPREENDENDO O LICENCIAMENTO DA PLATAFORMA, FORNECIMENTO DE APARELHOS TELEFÔNICOS IP, SERVIÇO DE VOZ ILIMITADO COM CANAIS E DDR, UNIDADE DE RESPOSTA AUDÍVEL (URA), SOFTWARE DE TARIFAÇÃO, GRAVAÇÃO DE CHAMADAS, MESA DE TELEFONISTA, SERVIÇO DE INFORMAÇÃO TELEFÔNICA, INSTALAÇÃO, CONFIGURAÇÃO, SUPORTE TÉCNICO E MANUTENÇÃO PREVENTIVA E CORRETIVA, VISANDO ATENDER ÀS NECESSIDADES DA CÂMARA MUNICIPAL DE GUANHÃES/MG.;Pode envolver implantação, operação, hardware ou desenvolvimento. Não presumir fornecimento apenas de assinatura.;Cadastro de busca oficial PNCP;https://pncp.gov.br/app/editais/01710897000100/2026/29;https://app2.licitardigital.com.br/pesquisa/111189;;;01710897000100-1-000029/2026;;2026-09-25 10:29:20.523750;Não informado
Prazo aberto no cadastro PNCP;Sistema especializado / serviços;;MUNICIPIO DE IACANGA;PREFEITURA MUNICIPAL DE IACANGA;Municipal;Iacanga;SP;Edital nº 52/2026;2026-10-09 08:30:00;2026-09-25 08:00:00;83333.33;65833.33;Pregão - Eletrônico;Não/não informado;“contratação de empresa especializada para cessão de Sistema de Informações geográficas (SIG) e sua respectiva de Licença de Uso, para gestão e automação de solução de engenharia integrada ao cadastro imobiliário municipal, ao CIB – cadastro imobiliário Brasileiro e ao SINTER – Sistema Nacional de Gestão de Informações Territoriais, em conformidade com a legislação Vigente, de forma a possibilitar a emissão do Cadastro Imobiliário Brasileiro (CIB), individualmente por imóvel, incluindo serviços de Implantação e Treinamento, para empregados públicos da administração tributária do Município de Iacanga/SP, pelo prazo de 12 meses, e ainda de acordo com as especificações e condições constantes do Anexo I”.;Pode envolver implantação, operação, hardware ou desenvolvimento. Não presumir fornecimento apenas de assinatura.;Cadastro de busca oficial PNCP;https://pncp.gov.br/app/editais/46137477000114/2026/70;;;;46137477000114-1-000070/2026;;2026-09-24 10:41:51.634412;Não informado
Prazo aberto no cadastro PNCP;Sistema especializado / serviços;;MUNICIPIO DE ANTONIO JOAO;Prefeitura Municipal de Antônio João - MS;Municipal;Antônio João;MS;Edital nº 018/2026;2026-10-09 08:50:00;2026-09-28 09:00:00;104776.92;82773.76;Pregão - Eletrônico;Não/não informado;Contratação de empresa especializada em tecnologia da informação para prestação de serviços de cessão de uso de softwares, com licença ilimitada, compreendendo os sistemas de Gestão Escolar, Cestas de Preços e Gestão de Diárias, incluindo os serviços de implantação, migração de dados, parametrização, treinamento de usuários, suporte técnico e manutenção, atualizações tecnológicas e garantia de disponibilidade, para atender às necessidades da Secretaria Municipal de Administração e Planejamento.;Pode envolver implantação, operação, hardware ou desenvolvimento. Não presumir fornecimento apenas de assinatura.;Cadastro de busca oficial PNCP;https://pncp.gov.br/app/editais/03567930000110/2026/23;https://comprasbr.com.br/pregao-eletronico-detalhe/?idlicitacao=48618;;;03567930000110-1-000023/2026;;2026-09-28 08:41:40.920656;Não informado
Prazo aberto no cadastro PNCP;Sistema especializado / serviços;;MUNICIPIO DE RIO NEGRINHO;PREFEITURA MUNICIPAL DE RIO NEGRINHO - SC;Municipal;Rio Negrinho;SC;Edital nº 122/2026;2026-10-09 09:00:00;2026-09-25 09:00:00;16141.8;12752.02;Pregão - Eletrônico;Não/não informado;CONTRATAÇÃO DE EMPRESA ESPECIALIZADA PARA FORNECIMENTO E IMPLANTAÇÃO DE SOLUÇÃO INTEGRADA DE GERENCIAMENTO ELETRÔNICO DE FILAS E ATENDIMENTO AO PÚBLICO, COM SOFTWARE DE GESTÃO DE SENHAS, 2 TOTENS EM COMODATO, INSTALAÇÃO, SUPORTE, MANUTENÇÃO, ATUALIZAÇÃO E INTEGRAÇÃO COM TELEVISOR DA ADMINISTRAÇÃO.;Pode envolver implantação, operação, hardware ou desenvolvimento. Não presumir fornecimento apenas de assinatura.;Cadastro de busca oficial PNCP;https://pncp.gov.br/app/editais/83102756000179/2026/158;https://comprasbr.com.br/pregao-eletronico-detalhe/?idlicitacao=48581;;;83102756000179-1-000158/2026;;2026-09-25 08:19:37.572198;Não informado
Prazo aberto no cadastro PNCP;Hardware ou solução integrada;;MUNICIPIO DE RIO GRANDE DA SERRA;Municipio De Rio Grande Da Serra;Municipal;Rio Grande da Serra;SP;Edital nº 51/2026;2026-10-09 09:00:00;2026-09-24 18:00:00;172533.48;136301.44;Pregão - Eletrônico;Não/não informado;Contratação de empresa especializada para aquisição de solução integrada para gerenciamento de frequencia e assiduidade dos servidores da Prefeitura de Rio Grande da Serra, incluindo fornecimento e manutenção de equipamentos de registro eletrônico de ponto, implantação, configuração, treinamento e suporte técnico, bem como licenciamento de software especializado para gestão das informações de jornada, com atualizações, manutenção e suporte necessários ao pleno funcionamento da solução.  Processo Administrativo 948/2026.;Pode envolver implantação, operação, hardware ou desenvolvimento. Não presumir fornecimento apenas de assinatura.;Cadastro de busca oficial PNCP;https://pncp.gov.br/app/editais/46522975000180/2026/85;;;;46522975000180-1-000085/2026;;2026-09-24 17:08:06.167763;Não informado
Prazo aberto no cadastro PNCP;Sistema especializado / serviços;;SERVICO AUTONOMO DE AGUA E ESGOTO DE BANDEIRANTES;SAAE de Bandeirantes - MS;Municipal;Bandeirantes;MS;Edital nº 002/2026;2026-10-09 09:15:00;2026-09-23 00:00:00;75800.0;59882.0;Pregão - Eletrônico;Não/não informado;Contratação de empresa de tecnologia da informação para fornecimento de licença de direito de uso (locação) de software integrado de gestão pública, com suporte técnico e manutenção, incluindo implantação, conversão e migração de dados pré-existentes, parametrização, customização e treinamento de usuários, para atender às necessidades administrativas, financeiras, patrimoniais e de pessoal do Serviço Autônomo de Água e Esgoto – SAAE do Município de Bandeirantes/MS.;Pode envolver implantação, operação, hardware ou desenvolvimento. Não presumir fornecimento apenas de assinatura.;Cadastro de busca oficial PNCP;https://pncp.gov.br/app/editais/15435910000174/2026/3;https://comprasbr.com.br/pregao-eletronico-detalhe/?idlicitacao=48544;;;15435910000174-1-000003/2026;;2026-09-23 16:44:52.405743;Não informado
Prazo aberto no cadastro PNCP;Sistema especializado / serviços;;MUNICIPIO DE JI-PARANA;PREFEITURA MUNICIPAL DE JI-PARANÁ;Municipal;Ji-Paraná;RO;Edital nº 135/2026;2026-10-09 09:30:00;2026-09-21 08:30:00;1650807.92;1304138.25;Pregão - Eletrônico;Não/não informado; Contratação de empresa especializada para a prestação de serviços contínuos de fornecimento de solução integrada de software de gestão de saúde pública municipal, contemplando o licenciamento de uso em nuvem, implantação, migração de dados, treinamento, suporte técnico ininterrupto (SLA 99%) e assessoria especializada em gestão, visando atender às necessidades exclusivas do Departamento de Média e Alta Complexidade (MAC/Hospital/UPA), a Divisão de Vigilância em Saúde (DVS) e a Gerência de Assistência Farmacêutica (GAF), conforme condições, quantidades e exigências estabelecidas no Edital e seus anexos. ;Pode envolver implantação, operação, hardware ou desenvolvimento. Não presumir fornecimento apenas de assinatura.;Cadastro de busca oficial PNCP;https://pncp.gov.br/app/editais/04092672000125/2026/535;https://cnetmobile.estaleiro.serpro.gov.br/comprasnet-web/public/compras/acompanhamento-compra?compra=98000505001352026;;;04092672000125-1-000535/2026;;2026-09-18 12:56:24.580053;Não informado
Prazo aberto no cadastro PNCP;Sistema especializado / serviços;;FUNDO MUNICIPAL DE SAUDE;FUNDO MUNICIPAL DE SAÚDE DE AQUIDABÃ;Municipal;Aquidabã;SE;Edital nº 10/2026;2026-10-09 09:30:00;2026-09-25 08:00:00;1539100.95;1215889.75;Pregão - Eletrônico;Não/não informado;CONTRATAÇÃO DE EMPRESA ESPECIALIZADA EM TECNOLOGIA DA INFORMAÇÃO PARA PRESTAÇÃO DE SERVIÇOS DE FORNECIMENTO DE LICENÇA DE USO DE SOFTWARE DE GESTÃO DE SAÚDE, INCLUINDO EQUIPAMENTOS PARA OPERACIONALIZAÇÃO DA SOLUÇÃO EM REGIME DE USO, PARA ATENDER AS NECESSIDADES DA SECRETARIA MUNICIPAL DE SAÚDE DE AQUIDABÃ/SE.;Pode envolver implantação, operação, hardware ou desenvolvimento. Não presumir fornecimento apenas de assinatura.;Cadastro de busca oficial PNCP;https://pncp.gov.br/app/editais/11546530000156/2026/27;;;;11546530000156-1-000027/2026;;2026-09-24 14:04:14.372950;Não informado
Prazo aberto no cadastro PNCP;Sistema especializado / serviços;;MUNICIPIO DE CONCEICAO DE MACABU;Fundo Municipal de Saude;Municipal;Conceição de Macabu;RJ;Edital nº 056/2026;2026-10-09 10:00:00;2026-09-25 10:00:00;226666.7;179066.69;Pregão - Eletrônico;Não/não informado;[Portal de Compras Públicas] - Contratação de empresa especializada para fornecimento de solução tecnológica integrada para gestão da saúde pública municipal, compreendendo licenciamento de uso de software em ambiente cloud (SaaS), implantação, migração de dados, treinamento de usuários, suporte técnico e manutenção corretiva e evolutiva, para atender as necessidades da Secretaria Municipal de Saúde de Conceição de Macabu.;Pode envolver implantação, operação, hardware ou desenvolvimento. Não presumir fornecimento apenas de assinatura.;Cadastro de busca oficial PNCP + itens oficiais;https://pncp.gov.br/app/editais/29115466000114/2026/146;https://www.portaldecompraspublicas.com.br/processos/RJ/Prefeitura-Municipal-de-Conceicao-de-Macabu-2900/PE-056-2026-2026-513924;https://pncp.gov.br/pncp-api/v1/orgaos/29115466000114/compras/2026/146/arquivos/1;https://pncp.gov.br/pncp-api/v1/orgaos/29115466000114/compras/2026/146/arquivos/2;29115466000114-1-000146/2026;;2026-09-24 13:51:50.769892;Não informado
Prazo aberto no cadastro PNCP;Hardware ou solução integrada;;CONVALES - CONSORCIO DE SAUDE E DESENVOLVIMENTO DOS VALES DO NOROESTE DE MINAS;Unidade Única;Não se aplica;Arinos;MG;Edital nº 035/2026;2026-10-09 12:00:00;2026-09-28 15:30:00;49869090.12;39396581.19;Pregão - Eletrônico;Sim;"Registro de preços para futura e eventual contratação de empresa especializada na prestação de Serviços Técnicos Especializados para implantação e fornecimento de Plataforma de Gestão e Fiscalização de Trânsito na modalidade de licenciamento SaaS (Software as a Service), com serviços de consultoria, instalação, provisionamento, implementação, treinamento, capacitação e suporte técnico, contemplando: gestão e registro de autuações de trânsito; checklist de remoção de veículos; boletim de ocorrênc";Pode envolver implantação, operação, hardware ou desenvolvimento. Não presumir fornecimento apenas de assinatura.;Cadastro de busca oficial PNCP + itens oficiais;https://pncp.gov.br/app/editais/06070075000125/2026/48;https://bnccompras.com/Process/ProcessView?param1=[gkz]UKanYwzMgyx05eGPUB0GC/dINIBOxc9Z0iUd1rx3AjlTFLJ9AsLgLPzdKL9i8AvS38/mZNh8c1U2DiZ/rSq3PMuQlqPILs4bq/VT1iqOpmM=;https://pncp.gov.br/pncp-api/v1/orgaos/06070075000125/compras/2026/48/arquivos/1;;06070075000125-1-000048/2026;;2026-09-28 15:28:16.093867;Não informado
Prazo aberto no cadastro PNCP;Sistema especializado / serviços;;MUNICIPIO DE RIBEIRAO VERMELHO;PREFEITURA DE RIBEIRÃO VERMELHO - MG;Municipal;Ribeirão Vermelho;MG;Edital nº 053/2026;2026-10-09 13:30:00;2026-09-29 16:30:00;871147.5;688206.52;Pregão - Eletrônico;Não/não informado;Contratação de serviços técnicos, mediante a utilização de recursos de Imagens Aéreas e Frontais, coleta de dados em campo e no cadastro municipal, para fins de atualização cadastral imobiliária e atualização cartográfica, com fornecimento de software na modalidade on premise, e ainda os serviços técnicos de atualização dos Códigos Tributário, Posturas e de Obras, do Município de Ribeirão Vermelho/MG.;Pode envolver implantação, operação, hardware ou desenvolvimento. Não presumir fornecimento apenas de assinatura.;Cadastro de busca oficial PNCP;https://pncp.gov.br/app/editais/18244087000108/2026/15;https://bllcompras.com/Process/ProcessView?param1=[gkz]nNfxYEZFB1k2ENuCMrqrUbV2klMoS4xgp_5/tDVG50_II/LQMGJ95fghLIhasXJOd_FX10LuhUik8uX0aSJC69mfiS8exuR35/XV2XvPlmI=;;;18244087000108-1-000015/2026;;2026-09-29 16:30:52.882932;Não informado
Prazo aberto no cadastro PNCP;Hardware ou solução integrada;Segurança/antivírus;TRIBUNAL SUPERIOR ELEITORAL;TRIBUNAL REGIONAL ELEITORAL DO RIO G.DO SUL;Federal;Porto Alegre;RS;Edital nº 151/2026;2026-10-09 14:00:00;2026-09-24 08:00:00;1532171.01;1210415.09;Pregão - Eletrônico;Não/não informado;Aquisição de solução de firewall para interligação segura dos cartórios eleitorais, depósito de urnas e de atendimento da Justiça Eleitoral Presente, através de VPN (Virtual Private Network, rede privada virtual criptografada) à rede corporativa do TRE-RS;Pode envolver implantação, operação, hardware ou desenvolvimento. Não presumir fornecimento apenas de assinatura.;Cadastro de busca oficial PNCP + itens oficiais;https://pncp.gov.br/app/editais/00509018000113/2026/2235;https://cnetmobile.estaleiro.serpro.gov.br/comprasnet-web/public/compras/acompanhamento-compra?compra=07002105001512026;https://pncp.gov.br/pncp-api/v1/orgaos/00509018000113/compras/2026/2235/arquivos/1;;00509018000113-1-002235/2026;;2026-09-24 04:08:57.038430;Não informado
Prazo aberto no cadastro PNCP;Sistema especializado / serviços;;MUNICIPIO DE XANXERE;PREFEITURA MUNICIPAL DE XANXERÊ - SC;Municipal;Xanxerê;SC;Edital nº 38/2026;2026-10-09 14:00:00;2026-09-24 08:00:00;581146.32;459105.59;Pregão - Eletrônico;Não/não informado;Contratação de Empresa Especializada em TELEFONIA MÓVEL (Dispositivo Móvel com chip e chip de celular) e Empresa Especializada em Telecomunicações para Locação, Implantação de SOLUÇÃO INTEGRADA DE COMUNICAÇÃO DE VOZ SOBRE IP (INTERNET PROTOCOL) – VOIP e Gerenciamento do sistema de telefonia digital IP (IP PABX) baseado em servidor/central IP, contendo software para gerenciamento da plataforma IP, comunicação e gateways de voz sobre IP para compor a solução, observadas as condições estabelecidas no edital e seus anexos.;Pode envolver implantação, operação, hardware ou desenvolvimento. Não presumir fornecimento apenas de assinatura.;Cadastro de busca oficial PNCP;https://pncp.gov.br/app/editais/83009860000113/2026/230;https://cnetmobile.estaleiro.serpro.gov.br/comprasnet-web/public/compras/acompanhamento-compra?compra=98838305000382026;;;83009860000113-1-000230/2026;;2026-08-10 11:00:34.760099;Não informado
Recebimento futuro anunciado;Hardware ou solução integrada;;MUNICIPIO DE CAUCAIA;Secretaria Municipal de Finanças, Planejamento e Orçamento – SEFIN;Municipal;Caucaia;CE;Aviso de Contratação Direta nº DL2026091501/2026;2026-10-09 23:59:00;2026-10-07 00:01:00;46472.0;36712.88;Dispensa;Não/não informado;CONTRATAÇÃO DE EMPRESA PARA A PRESTAÇÃO DE SERVIÇOS CONTÍNUOS, COMPREENDENDO A LOCAÇÃO, INSTALAÇÃO, CONFIGURAÇÃO, MONITORAMENTO REMOTO 24 (VINTE E QUATRO) HORAS, MANUTENÇÃO PREVENTIVA E CORRETIVA DE SISTEMA INTEGRADO DE SEGURANÇA ELETRÔNICA (CIRCUITO FECHADO DE TELEVISÃO – CFTV E SISTEMA DE ALARME), INCLUINDO O FORNECIMENTO, EM REGIME DE LOCAÇÃO, DE TODOS OS EQUIPAMENTOS, MATERIAIS, INSUMOS, INFRAESTRUTURA, SOFTWARES, MÃO DE OBRA NECESSÁRIA À EXECUÇÃO DOS SERVIÇOS, SUPORTE TÉCNICO E DEMAIS ACESSÓRIOS NECESSÁRIOS AO PERFEITO FUNCIONAMENTO DA SOLUÇÃO, DESTINADOS AO ATENDIMENTO DAS NECESSIDADES DA SECRETARIA MUNICIPAL DE FINANÇAS, PLANEJAMENTO E ORÇAMENTO – SEFIN, PELO PERÍODO DE  12 (DOZE) MESES.;Pode envolver implantação, operação, hardware ou desenvolvimento. Não presumir fornecimento apenas de assinatura.;Cadastro de busca oficial PNCP;https://pncp.gov.br/app/editais/07616162000106/2026/179;https://licitamaisbrasil.com.br/detalhes-do-edital/dp-4Ir-S4svr-djj;;;07616162000106-1-000179/2026;;2026-10-05 15:09:04.935149;Não informado
Prazo aberto no cadastro PNCP;Hardware ou solução integrada;;MUNICIPIO DE ITABERA;PREFEITURA MUNICIPAL DE ITABERA - SP;Municipal;Itaberá;SP;Aviso de Contratação Direta nº 56/2026;2026-10-12 09:00:00;2026-10-06 09:00:00;;;Dispensa;Não/não informado;Contratação de empresa para prestações de serviços contínuos de Licença de uso de sistema de gerenciamento de ponto eletrônico dos servidores públicos municipais.;Pode envolver implantação, operação, hardware ou desenvolvimento. Não presumir fornecimento apenas de assinatura.;Cadastro de busca oficial PNCP;https://pncp.gov.br/app/editais/46634374000160/2026/136;https://www.itabera.sp.gov.br/portal/editais/0/1/2806;;;46634374000160-1-000136/2026;;2026-10-05 09:35:32.791430;Não informado
Prazo aberto no cadastro PNCP;Sistema especializado / serviços;;MUNICIPIO DE ARAIOSES;Prefeitura Municipal de Araioses - MA;Municipal;Araioses;MA;Edital nº PE SRP 020/2026;2026-10-12 10:59:00;2026-09-30 11:00:00;;;Pregão - Eletrônico;Sim;Registro de preços para futura e eventual contratação de empresa especializada para Contratação de empresa de tecnologia da informação para fornecimento de licença de uso de software de gestão escolar para atender todas as Unidades de Ensino do Município do Municipio de Araioses/MA;Pode envolver implantação, operação, hardware ou desenvolvimento. Não presumir fornecimento apenas de assinatura.;Cadastro de busca oficial PNCP;https://pncp.gov.br/app/editais/06450191000170/2026/71;https://comprasbr.com.br/pregao-eletronico-detalhe/?idlicitacao=48693;;;06450191000170-1-000071/2026;;2026-09-30 20:56:09.592560;Não informado
Prazo aberto no cadastro PNCP;Sistema especializado / serviços;;MUNICIPIO DE ITUMBIARA;PREFEITURA MUNICIPAL DE ITUMBIARA;Municipal;Itumbiara;GO;Edital nº 21/2026;2026-10-13 07:30:00;2026-07-15 10:54:21;1028980.29;812894.42;Pregão - Eletrônico;Não/não informado;CONTRATAÇÃO DE EMPRESA ESPECIALIZADA EM TECNOLOGIA DA INFORMAÇÃO PARA PRESTAÇÃO DE SERVIÇOS DE LOCAÇÃO DE LICENÇA DE USO DE SISTEMA INFORMATIZADO DE GESTÃO PÚBLICA MUNICIPAL, DESENVOLVIDO DE FORMA INTEGRADA, SISTÊMICA E MODULAR, EM AMBIENTE 100% WEB, COM HOSPEDAGEM EM INTERNET DATA CENTER (IDC), INCLUINDO IMPLANTAÇÃO, MIGRAÇÃO E CONVERSÃO DE DADOS, SUPORTE TÉCNICO, MANUTENÇÃO CORRETIVA, EVOLUTIVA E LEGAL, ATUALIZAÇÕES AUTOMÁTICAS, TREINAMENTO DE USUÁRIOS E SERVIÇOS CORRELATOS.;Pode envolver implantação, operação, hardware ou desenvolvimento. Não presumir fornecimento apenas de assinatura.;Cadastro de busca oficial PNCP;https://pncp.gov.br/app/editais/02204196000161/2026/329;https://go.centi.com.br/itumbiara/portalfornecedor;;;02204196000161-1-000329/2026;;2026-07-15 11:05:40.060313;Não informado
Prazo aberto no cadastro PNCP;Sistema especializado / serviços;;INSTITUTO DE PREV DOS SERVID PUBLICOS MUNIC DE NANUQUE;Unidade Única;Municipal;Nanuque;MG;Edital nº 004/2026;2026-10-13 08:00:00;2026-09-21 08:00:00;162139.92;128090.53;Pregão - Eletrônico;Não/não informado;Contratação de empresa especializada para o fornecimento de licença de uso de software web modularizado e integrado para atender as necessidades do Regime Próprio de Previdência do municípío de Nanuque/MG.;Pode envolver implantação, operação, hardware ou desenvolvimento. Não presumir fornecimento apenas de assinatura.;Cadastro de busca oficial PNCP + itens oficiais;https://pncp.gov.br/app/editais/00460195000152/2026/7;https://app2.licitardigital.com.br/pesquisa/113514;https://pncp.gov.br/pncp-api/v1/orgaos/00460195000152/compras/2026/7/arquivos/1;;00460195000152-1-000007/2026;;2026-09-18 09:20:26.410982;Não informado
Recebimento futuro anunciado;Sistema especializado / serviços;;MUNICIPIO DE ALTAMIRA DO PARANA;Municipio de Altamira do Paraná;Municipal;Altamira do Paraná;PR;Aviso de Contratação Direta nº 37/2026;2026-10-13 08:00:00;2026-10-08 08:00:00;22289.16;17608.43;Dispensa;Não/não informado;"CONTRATAÇÃO DE EMPRESA ESPECIALIZADA PARA PRESTAÇÃO DE SERVIÇOS TECNOLÓGICOS, POR MEIO DE SOLUÇÃO INTEGRADA EM NUVEM (SaaS), COM CESSÃO DE USO DE SOFTWARE PARA PESQUISA, FORMAÇÃO, TRATAMENTO, ANÁLISE E ELABORAÇÃO DE CESTAS DE PREÇOS NAS COMPRAS PÚBLICAS, INCLUINDO IMPLANTAÇÃO, CONFIGURAÇÃO, TREINAMENTO, SUPORTE TÉCNICO CONTÍNUO, MANUTENÇÃO CORRETIVA, ADAPTATIVA E EVOLUTIVA, PELO PERÍODO DE 12 (DOZE) MESES, PARA ATENDER À SECRETARIA MUNICIPAL DE FINANÇAS, À SECRETARIA
MUNICIPAL DE ADMINISTRAÇÃO E ÀS DEMAIS UNIDADES AUTORIZADAS DO MUNICÍPIO DE ALTAMIRA DO PARANÁ.";Pode envolver implantação, operação, hardware ou desenvolvimento. Não presumir fornecimento apenas de assinatura.;Cadastro de busca oficial PNCP;https://pncp.gov.br/app/editais/78069143000147/2026/107;;;;78069143000147-1-000107/2026;;2026-10-06 10:28:30.092375;Não informado
Prazo aberto no cadastro PNCP;Hardware ou solução integrada;;MUNICIPIO DE BOTUCATU;MSP-PREFEITURA MUNICIPAL DE BOTUCATU;Municipal;Botucatu;SP;Edital nº 91/2026;2026-10-13 08:30:00;2026-09-25 08:00:00;7258671.0;5734350.09;Pregão - Eletrônico;Não/não informado;CONTRATAÇÃO DE EMPRESA ESPECIALIZADA PARA A PRESTAÇÃO DE SERVIÇOS DE OUTSOURCING DE IMPRESSÃO COM FORNECIMENTO DE SUPRIMENTOS E SOFTWARES DE APOIO LICENCIADOS;Pode envolver implantação, operação, hardware ou desenvolvimento. Não presumir fornecimento apenas de assinatura.;Cadastro de busca oficial PNCP;https://pncp.gov.br/app/editais/46634101000115/2026/435;https://cnetmobile.estaleiro.serpro.gov.br/comprasnet-web/public/compras/acompanhamento-compra?compra=98624905000912026;;;46634101000115-1-000435/2026;;2026-09-22 15:54:52.929234;Não informado
Prazo aberto no cadastro PNCP;Hardware ou solução integrada;;COMANDO DO EXERCITO;BASE DE ADMINISTRAÇÃO E APOIO 8ª REG MILITAR;Federal;Belém;PA;Edital nº 41/2026;2026-10-13 09:00:00;2026-09-30 09:00:00;275180.31;217392.44;Pregão - Eletrônico;Sim;registro de preços para aquisição e instalação de solução integrada de projeção e sonorização para implantação sala de imersão audiovisual 360°, compreendendo o fornecimento de equipamentos, softwares, licenças, acessórios, infraestrutura, instalação, configuração, integração, calibração, testes, treinamento e garantia;Pode envolver implantação, operação, hardware ou desenvolvimento. Não presumir fornecimento apenas de assinatura.;Cadastro de busca oficial PNCP;https://pncp.gov.br/app/editais/00394452000103/2026/21222;https://cnetmobile.estaleiro.serpro.gov.br/comprasnet-web/public/compras/acompanhamento-compra?compra=16019605000412026;;;00394452000103-1-021222/2026;;2026-09-30 04:00:10.420644;Não informado
Prazo aberto no cadastro PNCP;Sistema especializado / serviços;;MUNICIPIO DE THEOBROMA;MUNICÍPIO DE THEOBROMA/RO;Municipal;Theobroma;RO;Edital nº 030/2026;2026-10-13 09:28:00;2026-09-28 10:31:30;121666.62;96116.62;Pregão - Eletrônico;Não/não informado;"[LICITANET] - CONTRATAÇÃO DE EMPRESA ESPECIALIZADA PARA IMPLANTAÇÃO, 
CAPACITAÇÃO E LOCAÇÃO DE SOFTWARE INTEGRADO DE GESTÃO EDUCACIONAL NA 
SECRETARIA MUNICIPAL DE EDUCAÇÃO E UNIDADES ESCOLARES NA MODALIDADE 
LICENÇA DE USO. ";Pode envolver implantação, operação, hardware ou desenvolvimento. Não presumir fornecimento apenas de assinatura.;Cadastro de busca oficial PNCP;https://pncp.gov.br/app/editais/84727601000190/2026/63;https://licitanet.com.br/sessao/196993;;;84727601000190-1-000063/2026;;2026-08-10 09:07:20.721457;Não informado
Prazo aberto no cadastro PNCP;Sistema especializado / serviços;;MUNICIPIO DE EUCLIDES DA CUNHA PAULISTA;PREFEITURA MUNICIPAL;Municipal;Euclides da Cunha Paulista;SP;Edital nº 42 | Processo 327/2026;2026-10-13 09:30:00;2026-09-25 08:00:00;388878.55;307214.05;Pregão - Presencial;Não/não informado;CONTRATACAO DE EMPRESA ESPECIALIZADA PARA PRESTACAO DE SERVICOS DE TECNOLOGIA DA INFORMACAO PARA DISPONIBILIZACAO DE PLATAFORMA DE GESTAO MUNICIPAL  COMPREENDENDO O LICENCIAMENTO DE USO DE SOFTWARES DE GESTAO PUBLICA  EM AMBIENTE NUVEM  POR PRAZO DETERMINADO  LOCACAO   COM ATUALIZACAO MENSAL  QUE GARANTA AS ALTERACOES LEGAIS  CORRETIVAS E EVOLUTIVAS  INCLUINDO  CONVERSAO  IMPLANTACAO  TREINAMENTO  SUPORTE E ATENDIMENTO TECNICO VISANDO O ATENDIMENTO DAS NECESSIDADES DA PREFEITURA MUNICIPAL DE EUCLIDES DA CUNHA PAULISTA   SP;Pode envolver implantação, operação, hardware ou desenvolvimento. Não presumir fornecimento apenas de assinatura.;Cadastro de busca oficial PNCP;https://pncp.gov.br/app/editais/67662437000161/2026/57; ;;;67662437000161-1-000057/2026;;2026-09-25 10:41:10.497488;Não informado
Prazo aberto no cadastro PNCP;Hardware ou solução integrada;;MUNICIPIO DE CANDEIAS DO JAMARI;MUNICÍPIO DE CANDEIAS DO JAMARI/RO;Municipal;Candeias do Jamari;RO;Edital nº 024/2026;2026-10-13 10:00:00;2026-09-22 13:26:06;1814506.16;1433459.86;Pregão - Eletrônico;Não/não informado;[LICITANET] - Contratação de empresa para prestação de serviços de locação de software em modelo Software as a Service (SaaS), compreendendo cessão/licenciamento, hospedagem em nuvem e demais serviços correlatos, visando atender às necessidades da Prefeitura Municipal de Candeias do Jamari – PMCJ/RO e da Câmara Municipal de Candeias do Jamari – CMCJ/RO, conforme condições, quantidades e exigências estabelecidas no Termo de Referência;Pode envolver implantação, operação, hardware ou desenvolvimento. Não presumir fornecimento apenas de assinatura.;Cadastro de busca oficial PNCP + itens oficiais;https://pncp.gov.br/app/editais/63761902000160/2026/129;https://licitanet.com.br/sessao/202362;https://pncp.gov.br/pncp-api/v1/orgaos/63761902000160/compras/2026/129/arquivos/1;;63761902000160-1-000129/2026;;2026-09-22 13:27:07.799214;Não informado
Prazo aberto no cadastro PNCP;Sistema especializado / serviços;;MUNICIPIO DE RIO GRANDE DA SERRA;Municipio De Rio Grande Da Serra;Municipal;Rio Grande da Serra;SP;Edital nº 52/2026;2026-10-13 10:00:00;2026-09-28 09:00:00;2350798.64;1857130.92;Pregão - Eletrônico;Não/não informado;Contratação de empresa especializada para o fornecimento de solução de sistemas de gestão pública municipal, na modalidade Software como Serviço (SaaS), incluindo licenciamento, hospedagem em nuvem, implantação, migração de dados, treinamentos, manutenção, suporte técnico e atualizações legais e tecnológicas.;Pode envolver implantação, operação, hardware ou desenvolvimento. Não presumir fornecimento apenas de assinatura.;Cadastro de busca oficial PNCP;https://pncp.gov.br/app/editais/46522975000180/2026/87;;;;46522975000180-1-000087/2026;;2026-09-28 10:20:03.785503;Não informado
Prazo aberto no cadastro PNCP;Sistema especializado / serviços;;CONSELHO REGIONAL DE QUIMICA DA 21 REGIAO - CRQ XXI;CONSELHO REGIONAL DE QUIMICA 21A - ES;Federal;Vitória;ES;Edital nº 1/2026;2026-10-13 11:00:00;2026-09-23 18:00:00;177900.0;140541.0;Pregão - Eletrônico;Não/não informado; contratação de empresa especializada para a prestação de serviços de disponibilização, implantação, parametrização, migração de dados legados, treinamento, suporte técnico especializado, sustentação e manutenção continuada de Solução Integrada de Gestão Finalística e Administrativa em Solução Integrada de Gestão Finalística e Corporativa 100% web (Software as a Service – SaaS / Computação em Nuvem);Pode envolver implantação, operação, hardware ou desenvolvimento. Não presumir fornecimento apenas de assinatura.;Cadastro de busca oficial PNCP;https://pncp.gov.br/app/editais/13614347000176/2026/1;https://cnetmobile.estaleiro.serpro.gov.br/comprasnet-web/public/compras/acompanhamento-compra?compra=92855205000012026;;;13614347000176-1-000001/2026;;2026-09-18 17:26:14.990508;Não informado
Prazo aberto no cadastro PNCP;Hardware ou solução integrada;;MUNICIPIO DE PEDRO LEOPOLDO;PREFEITURA MUNICIPAL;Municipal;Pedro Leopoldo;MG;Edital nº PL-59/2026;2026-10-13 13:30:00;2026-09-25 18:00:00;;;Pregão - Eletrônico;Não/não informado;Contratação de empresa especializada para a prestação de serviços de acesso dedicado à Internet, por meio de infraestrutura em fibra óptica, com velocidade de 1 Gbps (um gigabit por segundo), simétrica(full duplex), compreendendo o fornecimento, instalação, ativação, configuração, operação, monitoramento, suporte técnico especializado, manutenção preventiva e corretiva, bem como o fornecimento, emregimedecomodato, de todos os equipamentos, materiais, softwares, licenças e demais recursos necessários àperfeitaexecução da solução, destinados ao atendimento da sede da Prefeitura Municipal de Pedro Leopoldo.;Pode envolver implantação, operação, hardware ou desenvolvimento. Não presumir fornecimento apenas de assinatura.;Cadastro de busca oficial PNCP;https://pncp.gov.br/app/editais/23456650000141/2026/63;;;;23456650000141-1-000063/2026;;2026-09-23 11:23:12.586961;Não informado
Recebimento futuro anunciado;Sistema especializado / serviços;;MUNICIPIO DE BRASILANDIA;MUNICÍPIO DE BRASILANDIA;Municipal;Brasilândia;MS;Edital nº 28/2026;2026-10-13 23:59:00;2026-10-13 00:01:00;;;Pregão - Presencial;Não/não informado;Contratação de empresa especializada de tecnologia da informação para o fornecimento de Sistema de Gestão Escolar em Nuvem (SaaS), incluindo Licenciamento do Software, Implantação e Migração dos dados antigos, Treinamento para Servidores, Suporte Técnico e Manutenção de Sistema, para atender as Unidades Escolares e Secretaria Municipal de Educação e Cultura bem como seus respectivos Núcleos/Departamentos.;Pode envolver implantação, operação, hardware ou desenvolvimento. Não presumir fornecimento apenas de assinatura.;Cadastro de busca oficial PNCP;https://pncp.gov.br/app/editais/03184058000120/2026/104;http://portal.brasilandia.ms.gov.br:8079/transparenciacm/?fbclid=IwZXh0bgNhZW0CMTAAAR19ZyVhdP3KwS7sfopswuAXjQ2bSQHzIPeZUFGTylmsOB0fiMhpSZ6TFsk_aem_AdxlNojlEFka9gQ2SWbQeONKuyu0ashVZZZ-DFa1hsI7fryqKu5vSbABUCKpOIfqwRzZFI-Jb_IZ1TISiScCS04m;;;03184058000120-1-000104/2026;;2026-09-23 08:15:09.402907;Não informado
Prazo aberto no cadastro PNCP;Hardware ou solução integrada;;CAMARA MUNICIPAL DE BATATAIS;CAMARA MUNICIPAL DE BATATAIS;Municipal;Batatais;SP;Edital nº 6/2026/2026;2026-10-13 23:59:00;2026-09-30 00:00:00;116003.32;91642.62;Pregão - Eletrônico;Não/não informado;Aquisição de materiais, equipamentos e softwares de informática e produção audiovisual para a Câmara Municipal de Batatais.;Pode envolver implantação, operação, hardware ou desenvolvimento. Não presumir fornecimento apenas de assinatura.;Cadastro de busca oficial PNCP;https://pncp.gov.br/app/editais/60257169000153/2026/31;https://licitamaisbrasil.com.br/detalhes-do-edital/iqGAio3PYVVlBSQn;;;60257169000153-1-000031/2026;;2026-09-29 14:15:35.629528;Não informado
Prazo aberto no cadastro PNCP;Sistema especializado / serviços;;MUNICIPIO DE NOVA ANDRADINA;PREFEITURA MUNICIPAL DE NOVA ANDRADINA-MS;Municipal;Nova Andradina;MS;Edital nº PE 41/2026;2026-10-14 08:30:00;2026-09-25 08:00:00;475829.49;375905.29;Pregão - Eletrônico;Não/não informado;Contratação empresa especializada para prestação de serviços de implantação, treinamento, conversão de dados e licenciamento de uso mensal de solução de software, em ambiente web (cloud) para equipar a secretaria solicitante e demais departamentos.;Pode envolver implantação, operação, hardware ou desenvolvimento. Não presumir fornecimento apenas de assinatura.;Cadastro de busca oficial PNCP + itens oficiais;https://pncp.gov.br/app/editais/03173317000118/2026/105;;https://pncp.gov.br/pncp-api/v1/orgaos/03173317000118/compras/2026/105/arquivos/3;https://pncp.gov.br/pncp-api/v1/orgaos/03173317000118/compras/2026/105/arquivos/1;03173317000118-1-000105/2026;;2026-09-23 09:52:24.356189;Não informado
Prazo aberto no cadastro PNCP;Sistema especializado / serviços;;MUNICIPIO DE PESCARIA BRAVA;Prefeitura Municipal de Pescaria Brava - SC;Municipal;Pescaria Brava;SC;Edital nº 155-1/2026;2026-10-14 08:45:00;2026-09-29 08:00:00;345925.88;273281.44;Pregão - Eletrônico;Não/não informado;Contratação de empresa responsável por informatizar o setor de arrecadação do município de Pescaria Brava, através da locação dos sistemas em ambiente web abaixo relacionados, específico para gestão pública municipal, com instalação, implantação e treinamento dos funcionários, já inclusas alterações legais e manutenções corretivas se houverem, incluindo a migração de todos os dados dos sistemas ora em uso.;Pode envolver implantação, operação, hardware ou desenvolvimento. Não presumir fornecimento apenas de assinatura.;Cadastro de busca oficial PNCP;https://pncp.gov.br/app/editais/16780795000138/2026/51;;;;16780795000138-1-000051/2026;;2026-09-28 10:42:36.188637;Não informado
Prazo aberto no cadastro PNCP;Sistema especializado / serviços;;MUNICIPIO DE MORRINHOS;ASSESSORIA DE PLANEJAMENTO E COORDENAÇÃO;Municipal;Morrinhos;GO;Edital nº 0000046/2026;2026-10-14 08:59:00;2026-09-23 08:00:00;482410.02;381103.91;Pregão - Eletrônico;Sim;CONTRATAÇÃO DE EMPRESA ESPECIALIZADA NO RAMO DE TECNOLOGIA DA INFORMAÇÃO PARA PRESTAÇÃO DE SERVIÇOS DE CESSÃO/LICENÇA DE USO DE SOFTWARES DE GERENCIAMENTO DE LICITAÇÕES/COMPRAS, GESTÃO DE CONTRATOS, GESTÃO DE FROTA, GESTÃO DE CONCESSÃO DE DIÁRIA, GESTÃO CONTÁBIL, RH E ARRECADAÇÃO, GESTÃO ESCOLAR, PORTAL TRANSPARÊNCIA E GESTÃO DE ISS/IBS COM GESTÃO DE NOTA FISCAL ELETRÔNICA, E POR FIM, APLICATIVOS DE GESTÃO.;Pode envolver implantação, operação, hardware ou desenvolvimento. Não presumir fornecimento apenas de assinatura.;Cadastro de busca oficial PNCP;https://pncp.gov.br/app/editais/01789551000149/2026/529;https://bnccompras.com/Process/ProcessView?param1=[gkz]gJE4awTXdfB3obiDVJiNuzBxsX8K0botIkdkj1z6PghTSsk_KeE8Sm5/SFBa8v43oYtZ36OpGkPX2sH5_qqezdJsfDY5pinxXQxo0cKM9dM=;;;01789551000149-1-000529/2026;;2026-09-22 10:29:35.775704;Não informado
Prazo aberto no cadastro PNCP;Sistema especializado / serviços;;TIMBO CAMARA DE VEREADORES;Câmara de Vereadores de Timbó - SC;Municipal;Timbó;SC;Edital nº 01/2026;2026-10-14 08:59:00;2026-09-21 09:00:00;39406.5;31131.13;Pregão - Eletrônico;Não/não informado;"Contratação de empresa especializada para disponibilização de Sistema de Processo
Legislativo e Administrativo Eletrônico em nuvem, na modalidade Software como Serviço
(SaaS), abrangendo a gestão do processo legislativo, sessões plenárias com votação eletrônica,
portal web e parlamento jovem, incluindo os serviços de implantação, parametrização,
migração de dados, treinamento, suporte técnico e manutenção, compreendendo os módulos
integrados, serviços, requisitos técnicos e níveis de desempenho ";Pode envolver implantação, operação, hardware ou desenvolvimento. Não presumir fornecimento apenas de assinatura.;Cadastro de busca oficial PNCP + itens oficiais;https://pncp.gov.br/app/editais/83497594000115/2026/41;https://comprasbr.com.br/pregao-eletronico-detalhe/?idlicitacao=48460;https://pncp.gov.br/pncp-api/v1/orgaos/83497594000115/compras/2026/41/arquivos/1;https://pncp.gov.br/pncp-api/v1/orgaos/83497594000115/compras/2026/41/arquivos/4;83497594000115-1-000041/2026;;2026-09-21 15:38:34.471141;Não informado
Prazo aberto no cadastro PNCP;Hardware ou solução integrada;;MUNICIPIO DE BOM JESUS DO AMPARO;Unidade Única;Municipal;Bom Jesus do Amparo;MG;Edital nº 42/2026;2026-10-14 09:30:00;2026-09-30 17:00:00;557907.28;440746.75;Pregão - Eletrônico;Sim;Registro de Preços para futura e eventual aquisição de eletrônicos, equipamentos de informática, periféricos e softwares de informática, para atendimento às Secretarias Municipais.;Pode envolver implantação, operação, hardware ou desenvolvimento. Não presumir fornecimento apenas de assinatura.;Cadastro de busca oficial PNCP;https://pncp.gov.br/app/editais/18317693000106/2026/85;https://app2.licitardigital.com.br/pesquisa/114975;;;18317693000106-1-000085/2026;;2026-09-30 08:15:55.686253;Não informado
Prazo aberto no cadastro PNCP;Sistema especializado / serviços;;MUNICIPIO DE CATENDE;Fundo Municipal de Educacao;Municipal;Catende;PE;Edital nº 06-014/2026;2026-10-14 09:30:00;2026-09-30 00:00:00;268202.7;211880.13;Pregão - Eletrônico;Não/não informado;Contratação de empresa especializada para fornecimento de solução informatizada e integrada de gestão escolar e monitoramento pedagógico, em ambiente digital, compreendendo licenciamento de uso, implantação, migração de base de dados, capacitação de usuários, suporte técnico contínuo e manutenção evolutiva e corretiva, destinada a atender a Secretaria Municipal de Educação de Catende/PE no acompanhamento pedagógico, administrativo e de desempenho dos estudantes da rede pública municipal de ensino.;Pode envolver implantação, operação, hardware ou desenvolvimento. Não presumir fornecimento apenas de assinatura.;Cadastro de busca oficial PNCP;https://pncp.gov.br/app/editais/10186138000180/2026/67;https://bnccompras.com/;;;10186138000180-1-000067/2026;;2026-09-30 12:07:13.759522;Não informado
Prazo aberto no cadastro PNCP;Sistema especializado / serviços;;MUNICIPIO DE CASIMIRO DE ABREU;Prefeitura municipal de Casimiro de Abreu;Municipal;Casimiro de Abreu;RJ;Edital nº 326/2027;2026-10-14 09:59:00;2026-09-25 17:00:00;946430.18;747679.84;Pregão - Eletrônico;Não/não informado;Prestação do serviço de desenvolvimento, suporte técnico e locação de software de gestão tributária para prestar o serviço de locação de software com migração, treinamento e tratamento de dados para atender as demandas da Secretaria Municípal de Fazenda.;Pode envolver implantação, operação, hardware ou desenvolvimento. Não presumir fornecimento apenas de assinatura.;Cadastro de busca oficial PNCP;https://pncp.gov.br/app/editais/29115458000178/2027/2;https://cnetmobile.estaleiro.serpro.gov.br/comprasnet-web/public/compras/acompanhamento-compra?compra=98582505003262027;;;29115458000178-1-000002/2027;;2026-09-25 15:38:25.263191;Não informado
Prazo aberto no cadastro PNCP;Hardware ou solução integrada;;UNIVERSIDADE FEDERAL FLUMINENSE;PRÓ-REITORIA DE ADMINISTRAÇÃO;Federal;Niterói;RJ;Edital nº 90010/2026;2026-10-14 10:00:00;2026-10-01 10:00:00;2661486.01;2102573.94;Pregão - Eletrônico;Sim;Aquisição de Softwares ;Pode envolver implantação, operação, hardware ou desenvolvimento. Não presumir fornecimento apenas de assinatura.;Cadastro de busca oficial PNCP + itens oficiais;https://pncp.gov.br/app/editais/28523215000106/2026/20;https://cnetmobile.estaleiro.serpro.gov.br/comprasnet-web/public/landing?destino=acompanhamento-compra&compra=15018205900102026;https://pncp.gov.br/pncp-api/v1/orgaos/28523215000106/compras/2026/20/arquivos/3;;28523215000106-1-000020/2026;;2026-03-04 07:06:22.625901;Não informado
Prazo aberto no cadastro PNCP;Sistema especializado / serviços;;MUNICIPIO DE MARCELINO VIEIRA;Marcelino Vieira;Municipal;Marcelino Vieira;RN;Edital nº 17-PE/2026/2026;2026-10-14 10:00:00;2026-09-28 08:00:00;210142.2;166012.33;Pregão - Eletrônico;Não/não informado;Contratação de Empresa para Locação de Software em Forma de Licença de Uso para administração e gerenciamento das informações da Frota Veicular e Máquinas relacionadas ao abastecimento de combustível, as manutenções preventivas/corretiva e a localização através de georreferenciamento em tempo real, preciso e ininterrupto para a frota veicular administrativa de Marcelino Vieira-RN;Pode envolver implantação, operação, hardware ou desenvolvimento. Não presumir fornecimento apenas de assinatura.;Cadastro de busca oficial PNCP;https://pncp.gov.br/app/editais/08357618000115/2026/45;;;;08357618000115-1-000045/2026;;2026-09-25 13:51:18.374482;Não informado
Prazo aberto no cadastro PNCP;Sistema especializado / serviços;;MUNICIPIO DE CANTA;PREFEITURA MUNICIPAL DE CANTA - RR;Municipal;Cantá;RR;Edital nº 36/2026;2026-10-14 10:00:00;2026-09-25 08:00:00;61311.96;48436.44;Pregão - Presencial;Não/não informado;CONTRATAÇÃO DE EMPRESA ESPECIALIZADA PARA PRESTAÇÃO DE SERVIÇOS DE LOCAÇÃO, IMPLANTAÇÃO, MANUTENÇÃO, SUPORTE TÉCNICO, TREINAMENTO, ATUALIZAÇÃO E CESSÃO DE LICENÇA DE USO DE SISTEMA INTEGRADO DE TRIBUTAÇÃO MUNICIPAL, VISANDO ATENDER AS NECESSIDADES DA SECRETARIA MUNICIPAL DE PLANEJAMENTO, ADMINISTRAÇÃO E FINANÇAS – SEMPLAF, DA PREFEITURA MUNICIPAL DE CANTÁ/RR.;Pode envolver implantação, operação, hardware ou desenvolvimento. Não presumir fornecimento apenas de assinatura.;Cadastro de busca oficial PNCP;https://pncp.gov.br/app/editais/01612682000156/2026/31;;;;01612682000156-1-000031/2026;;2026-09-24 15:17:25.588631;Não informado
Prazo aberto no cadastro PNCP;Sistema especializado / serviços;;PROCURADORIA GERAL DE JUSTICA DE MINAS GERAIS;DGCL;Estadual;Belo Horizonte;MG;Edital nº 140/2026;2026-10-14 10:59:38;2026-10-06 10:02:31;361077.77;285251.43;Pregão - Eletrônico;Não/não informado;Solução informatizada para Prontuário Eletrônico do Paciente (PEP) com certificação pela Sociedade Brasileira de Informática em Saúde (SBIS), nível de segurança NGS2 e estágio 3 de maturidade digital.;Pode envolver implantação, operação, hardware ou desenvolvimento. Não presumir fornecimento apenas de assinatura.;Cadastro de busca oficial PNCP;https://pncp.gov.br/app/editais/20971057000145/2026/137;https://www1.compras.mg.gov.br/n/procedimentolei14133/consulta/eletronico/visualizar/2026/140/1091012;;;20971057000145-1-000137/2026;;2026-09-14 09:20:59.063571;Não informado
Prazo aberto no cadastro PNCP;Hardware ou solução integrada;;MUNICIPIO DE ARCOS;PREFEITURA MUNICIPAL;Municipal;Arcos;MG;Edital nº 56 | Processo 136/2026;2026-10-14 13:30:00;2026-09-28 07:00:00;32400.0;25596.0;Pregão - Eletrônico;Não/não informado;Locacao de equipamentos  prestacao de servicos e instalacao e manutencao mensal inclusa licenca do software  contendo suporte tecnico  para monitoramento de Calha Parshall e ainda  disponibilizar opcoes presentes como  armazenamento de dados  graficos e impressoes de relatorios. Ambos para afericao da vazao de entrada de efluente e criacao de banco de dados digitalizado das informacoes oriundas desse objeto ;Pode envolver implantação, operação, hardware ou desenvolvimento. Não presumir fornecimento apenas de assinatura.;Cadastro de busca oficial PNCP;https://pncp.gov.br/app/editais/18306662000150/2026/129; ;;;18306662000150-1-000129/2026;;2026-09-25 11:01:02.111077;Não informado
Prazo aberto no cadastro PNCP;Hardware ou solução integrada;;MUNICIPIO DE SANTA MARGARIDA;UNIDADE UNICA;Municipal;Santa Margarida;MG;Edital nº 029/2026;2026-10-15 07:30:00;2026-09-23 08:00:00;337747.0;266820.13;Pregão - Eletrônico;Não/não informado;Contratação de solução destinada à implantação de sala multissensorial para atendimento educacional especializado, no distrito de Ribeirão de São Domingos, compreendendo o fornecimento de equipamentos, mobiliários, materiais pedagógicos, recursos tecnológicos, softwares, serviços de instalação, montagem, ambientação e capacitação, destinada ao atendimento de alunos com necessidades educacionais especiais, visando o cumprimento da demanda da Secretaria Municipal de Educação;Pode envolver implantação, operação, hardware ou desenvolvimento. Não presumir fornecimento apenas de assinatura.;Cadastro de busca oficial PNCP;https://pncp.gov.br/app/editais/18385112000173/2026/60;https://app2.licitardigital.com.br/pesquisa/114642;;;18385112000173-1-000060/2026;;2026-09-29 09:10:26.061148;Não informado
Prazo aberto no cadastro PNCP;Sistema especializado / serviços;;MUNICIPIO DE CHARQUEADA;PREFEITURA MUNICIPAL;Municipal;Charqueada;SP;Edital nº 52 | Processo 1328/2026;2026-10-15 08:00:00;2026-10-01 08:00:00;265993.33;210134.73;Pregão - Eletrônico;Não/não informado;AQUISICAO DE SOLUCAO INTEGRADA DE PESAGEM RODOVIARIA PARA GERENCIAMENTO DE RESIDUOS SOLIDOS URBANOS  INCLUINDO EQUIPAMENTO  COMPONENTES  SOFTWARE  INSTALACAO  CONFIGURACAO  TESTES  COMISSIONAMENTO E TREINAMENTO;Pode envolver implantação, operação, hardware ou desenvolvimento. Não presumir fornecimento apenas de assinatura.;Cadastro de busca oficial PNCP;https://pncp.gov.br/app/editais/45732013000193/2026/177; ;;;45732013000193-1-000177/2026;;2026-09-30 14:15:15.776762;Não informado
Prazo aberto no cadastro PNCP;Hardware ou solução integrada;;HOSPITAL BENEFICIENTE DR CESAR SANTOS;Autarquia Municipal de Saúde;Municipal;Passo Fundo;RS;Edital nº 43/2026;2026-10-15 08:30:00;2026-09-29 11:00:00;508296.72;401554.4;Pregão - Eletrônico;Não/não informado;[Portal de Compras Públicas] - Constitui objeto da presente licitação a aquisição de equipamentos médico-hospitalares destinados à ampliação da Sala Vermelha do Hospital Beneficente Dr. César Santos (HBCS), compreendendo o fornecimento de central de monitorização, monitores multiparamétricos, monitores multiparamétricos de triagem, ventiladores pulmonares mecânicos e bombas de infusão volumétricas, incluindo todos os acessórios, cabos, sensores, baterias, suportes,módulos, softwares, licenças, consumíveis de instalação, manuais, dispositivos e demais componentes necessários ao pleno funcionamento dos equipamentos, bem como transporte, seguro, entrega, montagem, instalação, configuração, calibração inicial quando aplicável, realização de testes operacionais, treinamento dos profissionais indicados pela Administração, garantia e assistência técnica, conforme condições, quantidades e exigências estabelecidas neste Termo de Referência e seus anexos.;Pode envolver implantação, operação, hardware ou desenvolvimento. Não presumir fornecimento apenas de assinatura.;Cadastro de busca oficial PNCP;https://pncp.gov.br/app/editais/92032226000192/2026/94;https://www.portaldecompraspublicas.com.br/processos/RS/Hospital-Beneficente-Dr-Cesar-Santos-985/PE-43-2026-2026-514800;;;92032226000192-1-000094/2026;;2026-09-29 11:44:10.594569;Não informado
Prazo aberto no cadastro PNCP;Hardware ou solução integrada;;FUNDACAO MUNICIPAL IRENE SIQUEIRA ALVES VOVO MOCINHA, A MATERNIDADE GOTA DE LEITE DE ARARAQUARA (FUNGOTA ARARAQUARA);Fundação Gota de Leite;Municipal;Araraquara;SP;Edital nº 10 | Processo 121/2026;2026-10-15 08:30:00;2026-10-01 16:00:00;76904.8;60754.79;Pregão - Eletrônico;Sim;Contratacao de empresa especializada na prestacao de servicos de videomonitoramento por Circuito Fechado de Televisao  CFTV  IP  abrange a locacao  fornecimento  implantacao  configuracao e manutencao de todos os equipamentos  softwares e infraestrutura necessarios para a cobertura de seguranca da Fundacao Municipal Irene Siqueira Alves  Vovo Mocinha  Maternidade Gota de Leite de Araraquara  FUNGOTA   periodo de 12 meses.  e Aquisicao e Implantacao completa de sistema de controle de acesso com reconhecimento biometrico facial e videoporteiro residencial  incluindo toda infraestrutura  materiais  insumos  equipamentos  servicos  software de gerenciamento e licenciamento do sistema devera possuir vigencia inicial minima de 12  doze  meses  renovavel por iguais ou maiores periodos  conforme necessidade e interesse da contratante  mao de obra necessarios e suporte tecnico sob responsabilidade integral da contratada  necessarios para a cobertura de seguranca da Fundacao Municipal Irene Siqueira Alves  Vovo Mocinha    Maternidade Gota de Leite de Araraquara  FUNGOTA ;Pode envolver implantação, operação, hardware ou desenvolvimento. Não presumir fornecimento apenas de assinatura.;Cadastro de busca oficial PNCP;https://pncp.gov.br/app/editais/14986862000140/2026/177; ;;;14986862000140-1-000177/2026;;2026-10-01 11:57:41.767957;Não informado
Prazo aberto no cadastro PNCP;Hardware ou solução integrada;;FUNDACAO MUNICIPAL IRENE SIQUEIRA ALVES VOVO MOCINHA, A MATERNIDADE GOTA DE LEITE DE ARARAQUARA (FUNGOTA ARARAQUARA);FUNGOTA;Municipal;Araraquara;SP;Edital nº 010/2026/2026;2026-10-15 08:30:00;2026-10-01 16:00:00;76904.8;60754.79;Pregão - Eletrônico;Não/não informado;"Contratação de empresa especializada na prestação de serviços de videomonitoramento por Circuito Fechado de Televisão (CFTV) IP, abrange a locação, fornecimento, implantação, configuração e manutenção de todos os equipamentos, softwares e infraestrutura necessários para a cobertura de segurança e; 
- Aquisição e implantação completa de sistema de controle de acesso com reconhecimento biométrico facial e videoporteiro residencial, incluindo toda infraestrutura, materiais, insumos, equipamentos, serviços, software de gerenciamento e licenciamento do sistema deverá possuir vigência inicial mínima de 12 (doze) meses para atender a Fundação Municipal Irene Siqueira Alves Vovó Mocinha Maternidade Gota de Leite de Araraquara (FUNGOTA). (ver edital completo)";Pode envolver implantação, operação, hardware ou desenvolvimento. Não presumir fornecimento apenas de assinatura.;Cadastro de busca oficial PNCP;https://pncp.gov.br/app/editais/14986862000140/2026/179;https://licitacoes-e2.bb.com.br/aop-inter-estatico/visualizar-processo-publico/1101672;;;14986862000140-1-000179/2026;;2026-10-02 11:38:21.970075;Não informado
Prazo aberto no cadastro PNCP;Hardware ou solução integrada;;ALADA - EMPRESA DE PROJETOS AEROESPACIAIS DO BRASIL S.A;CDF-EMPRESA DE PROJ AEROESPAC. DO BRASIL S.A;Não se aplica;Brasília;DF;Edital nº 7/2026;2026-10-15 08:59:00;2026-10-02 08:59:00;;;Pregão - Eletrônico;Sim;Aquisição de equipamentos, soluções, softwares e licenças destinados à estruturação da infraestrutura tecnológica da ALADA, contemplando ativos computacionais, equipamentos audiovisuais, servidores, armazenamento de dados, soluções de backup, licenciamento de software, serviço de implantação de rede e ferramentas de apoio à manutenção.;Pode envolver implantação, operação, hardware ou desenvolvimento. Não presumir fornecimento apenas de assinatura.;Cadastro de busca oficial PNCP;https://pncp.gov.br/app/editais/61993931000122/2026/10;https://cnetmobile.estaleiro.serpro.gov.br/comprasnet-web/public/compras/acompanhamento-compra?compra=93334705000072026;;;61993931000122-1-000010/2026;;2026-10-01 17:57:12.260863;Não informado
Prazo aberto no cadastro PNCP;Sistema especializado / serviços;;GOIAS TRIBUNAL DE CONTAS;TRIBUNAL DE CONTAS DO ESTADO DE GOIÁS;Estadual;Goiânia;GO;Edital nº 113/2026;2026-10-15 08:59:00;2026-09-30 08:00:00;9405643.75;7430458.56;Pregão - Eletrônico;Não/não informado;Prestação de serviços especializados de operação de infraestrutura, de atendimento a usuários de Tecnologia da Informação e Comunicação (TIC), bem como de desenvolvimento, manutenção e sustentação de software, em regime de dedicação exclusiva de mão de obra, na forma de serviços continuados presenciais e não presenciais.;Pode envolver implantação, operação, hardware ou desenvolvimento. Não presumir fornecimento apenas de assinatura.;Cadastro de busca oficial PNCP;https://pncp.gov.br/app/editais/02291730000114/2026/122;https://cnetmobile.estaleiro.serpro.gov.br/comprasnet-web/public/compras/acompanhamento-compra?compra=92540005001132026;;;02291730000114-1-000122/2026;;2026-09-29 08:29:50.031906;Não informado
Prazo aberto no cadastro PNCP;Sistema especializado / serviços;;MUNICIPIO DE PIRANGUCU;Departamento de Administração;Municipal;Piranguçu;MG;Edital nº 000025/2026;2026-10-15 08:59:00;2026-09-24 09:10:00;615393.51;486160.87;Pregão - Eletrônico;Não/não informado;Contratação de empresa especializada na prestação de serviços de aerolevantamento fotogramétrico, mapeamento móvel 360° LiDAR, atualização do cadastro imobiliário, planta de valores genéricos e implantação de plataforma de geoprocessamento na modalidade SaaS, incluindo serviços de suporte técnico, treinamento e hospedagem de dados georreferenciados para o Município de Piranguçu - MG.;Pode envolver implantação, operação, hardware ou desenvolvimento. Não presumir fornecimento apenas de assinatura.;Cadastro de busca oficial PNCP;https://pncp.gov.br/app/editais/18025981000197/2026/102;https://bllcompras.com/Process/ProcessView?param1=[gkz]jdZig2mBNlEgjctbgPNKqk0UyyW7bTqXgZA5amt3YPVRTbwHoDv2ZcCi7//eT6JZ_XOgigtEBv7KEeGSQ_vHu1tW5vIMdrX34FHxhoIdhvM=;;;18025981000197-1-000102/2026;;2026-09-24 09:05:03.891975;Não informado
Prazo aberto no cadastro PNCP;Sistema especializado / serviços;;FUNDO MUNICIPAL DE EDUCACAO DE SENADOR JOSE PORFIRIO;FUNDO MUNICIPAL DE EDUCAÇÃO DE SENADOR JOSÉ PORFÍRIO/PA;Municipal;Senador José Porfírio;PA;Edital nº 026/2026;2026-10-15 09:00:00;2026-09-30 17:03:32;460170.27;363534.51;Pregão - Eletrônico;Sim;[LICITANET] - Registro de Preço para possível futura contratação de empresa especializada em desenvolvimento de sistemas integrados de gestão educacional aplicado exclusivamente ao setor público para fornecimento de licença de uso de software por prazo determinado (locação), com atualizações que garantam as alterações legais, corretivas e evolutivas, incluindo, serviços de implantação, conversão de dados legado, treinamento, suporte e atendimento técnico de todos os sistemas/módulos fornecidos;Pode envolver implantação, operação, hardware ou desenvolvimento. Não presumir fornecimento apenas de assinatura.;Cadastro de busca oficial PNCP;https://pncp.gov.br/app/editais/13810386000149/2026/9;https://licitanet.com.br/sessao/203415;;;13810386000149-1-000009/2026;;2026-09-30 17:03:50.858019;Não informado
Prazo aberto no cadastro PNCP;Hardware ou solução integrada;;MUNICIPIO DE SAO PEDRO DO IGUACU;MUNICIPIO DE SAO PEDRO DO IGUAÇU - PR;Municipal;São Pedro do Iguaçu;PR;Edital nº 42/2026;2026-10-15 09:00:00;2026-09-03 08:00:00;334304.4;264100.47;Pregão - Eletrônico;Não/não informado;CONTRATAÇÃO DE EMPRESA ESPECIALIZADA PARA A PRESTAÇÃO DE SERVIÇOS DE LOCAÇÃO DE SISTEMA DE MONITORAMENTO ELETRÔNICO POR CÂMERAS DE SEGURANÇA (CFTV), INCLUINDO FORNECIMENTO DOS EQUIPAMENTOS EM REGIME DE COMODATO/LOCAÇÃO, INSTALAÇÃO, CONFIGURAÇÃO, MANUTENÇÃO PREVENTIVA E CORRETIVA, SUPORTE TÉCNICO E DEMAIS SERVIÇOS NECESSÁRIOS AO PLENO FUNCIONAMENTO DO SISTEMA, VISANDO ATENDER ÀS DEMANDAS DAS SECRETARIAS MUNICIPAIS DO MUNICÍPIO DE SÃO PEDRO DO IGUAÇU/PR.;Pode envolver implantação, operação, hardware ou desenvolvimento. Não presumir fornecimento apenas de assinatura.;Cadastro de busca oficial PNCP;https://pncp.gov.br/app/editais/95583597000150/2026/105;https://bllcompras.com/Process/ProcessView?param1=[gkz]rfqfN9mKOBVp4cgjIujehb0YSx0A/w/gNSww4Dv3R2K78KxxUYEHse6C2dV7IEx1SCuMWFbnBHRBC3yWW6qpnzExXcxOI/KeHth8BOzq88s=;;;95583597000150-1-000105/2026;;2026-09-02 10:45:28.437420;Não informado
Prazo aberto no cadastro PNCP;Hardware ou solução integrada;;FUNDO MUNICIPAL DE SAUDE;FMS Barra Mansa;Municipal;Barra Mansa;RJ;Edital nº 067/2026/2026;2026-10-15 09:00:00;2026-09-29 17:30:00;2426064.0;1916590.56;Pregão - Eletrônico;Sim;REGISTRO DE PREÇOS PARA EVENTUAL CONTRATAÇÃO DE EMPRESA ESPECIALIZADA EM FORNECIMENTO, INSTALAÇÃO E CONFIGURAÇÃO DE CÂMERAS DE VIDEOMONITORAMENTO COM INTELIGÊNCIA ARTIFICIAL, CÂMERAS CONVENCIONAIS E CATRACAS DE CONTROLE DE ACESSO, INCLUINDO EQUIPAMENTOS, SOFTWARES E LICENÇAS;Pode envolver implantação, operação, hardware ou desenvolvimento. Não presumir fornecimento apenas de assinatura.;Cadastro de busca oficial PNCP;https://pncp.gov.br/app/editais/36507127000149/2026/205;;;;36507127000149-1-000205/2026;;2026-09-25 16:29:13.589189;Não informado
Prazo aberto no cadastro PNCP;Sistema especializado / serviços;;CAMARA MUNICIPAL DE PAULINIA;CAMARA MUNICIPAL DE PAULINIA;Municipal;Paulínia;SP;Edital nº 06/2026;2026-10-15 09:00:00;2026-10-01 09:00:00;483337.52;381836.64;Pregão - Eletrônico;Não/não informado;Contratação de empresa para prestação de serviços de licenciamento de uso, implantação, locação e manutenção, de sistemas informatizados e integrados de gestão pública, incluindo a conversão e migração de dados, suporte técnico e capacitação de pessoal das áreas envolvidas, pelo prazo de 12 (doze) meses.;Pode envolver implantação, operação, hardware ou desenvolvimento. Não presumir fornecimento apenas de assinatura.;Cadastro de busca oficial PNCP;https://pncp.gov.br/app/editais/45751427000160/2026/65;https://bllcompras.com/Process/ProcessView?param1=[gkz]jewsGQtZqh3EHMLeK7a5tuxzByaZ4AFaPS_pA7K1C9pvFjUBPQIyeF8gioD1GZ68_8AoUPotDARSidoUMb5yU9f0B6GqGuB45ck_rSFlMBo=;;;45751427000160-1-000065/2026;;2026-10-01 08:22:39.733793;Não informado
Prazo aberto no cadastro PNCP;Hardware ou solução integrada;Segurança/antivírus;COMANDO DA MARINHA;CENTRO LOGISTICO DO MATERIAL DA MARINHA;Federal;Rio de Janeiro;RJ;Edital nº 184/2026;2026-10-15 09:30:00;2026-10-02 09:30:00;8399116.69;6635302.18;Pregão - Eletrônico;Sim;Aquisição de appliances de firewall de próxima geração (NGFW), solução de gerenciamento centralizado, appliance de segurança industrial, licenças de funcionalidades de segurança para firewall, licenças de suporte e garantia do fabricante para novos equipamentos e para a base instalada, bem como subscrições de atualização e suporte para solução de prevenção de intrusões, destinados à manutenção, atualização e ampliação da infraestrutura de segurança da Rede de Comunicações Integrada da Marinha.;Pode envolver implantação, operação, hardware ou desenvolvimento. Não presumir fornecimento apenas de assinatura.;Cadastro de busca oficial PNCP;https://pncp.gov.br/app/editais/00394502000144/2026/11868;https://cnetmobile.estaleiro.serpro.gov.br/comprasnet-web/public/compras/acompanhamento-compra?compra=74001405001842026;;;00394502000144-1-011868/2026;;2026-09-17 04:00:26.517821;Não informado
Prazo aberto no cadastro PNCP;Hardware ou solução integrada;;MUNICIPIO DE CAMPINAS;PREFEITURA MUNICIPAL DE CAMPINAS - SP;Municipal;Campinas;SP;Edital nº 684/2026;2026-10-15 09:30:00;2026-09-30 08:00:00;48934858.18;38658537.96;Pregão - Eletrônico;Não/não informado;Prestação de serviços de segurança patrimonial para as unidades externas da Secretaria Municipal de Saúde, através de monitoramento eletrônico de sistema de imagens e alarmes, compreendendo a disponibilização de equipamentos, softwares e hardwares, implantação, manutenção e mão de obra.;Pode envolver implantação, operação, hardware ou desenvolvimento. Não presumir fornecimento apenas de assinatura.;Cadastro de busca oficial PNCP + itens oficiais;https://pncp.gov.br/app/editais/51885242000140/2026/796;https://cnetmobile.estaleiro.serpro.gov.br/comprasnet-web/public/compras/acompanhamento-compra?compra=98629105006842026;https://pncp.gov.br/pncp-api/v1/orgaos/51885242000140/compras/2026/796/arquivos/1;;51885242000140-1-000796/2026;;2026-09-29 10:41:47.687982;Não informado
Prazo aberto no cadastro PNCP;Sistema especializado / serviços;;MUNICIPIO DE URUBICI;MUNICÍPIO DE URUBICI;Municipal;Urubici;SC;Edital nº PE 101/2026;2026-10-15 12:30:00;2026-10-05 08:00:00;663828.1;524424.19;Pregão - Eletrônico;Não/não informado;contratação de empresa especializada para disponibilização de solução integrada de gestão pública municipal, em ambiente de computação em nuvem (Software as a Service – SaaS), compreendendo o licenciamento de uso de sistema informatizado, bem como os serviços de implantação, conversão e migração de dados, parametrização, integração entre módulos, treinamento de usuários, suporte técnico especializado, manutenção corretiva, adaptativa, evolutiva e preventiva, atualizações legais e tecnológicas, hospedagem da solução, armazenamento das bases de dados e demais serviços necessários ao pleno funcionamento da plataforma;Pode envolver implantação, operação, hardware ou desenvolvimento. Não presumir fornecimento apenas de assinatura.;Cadastro de busca oficial PNCP;https://pncp.gov.br/app/editais/82843582000132/2026/103;;;;82843582000132-1-000103/2026;;2026-10-01 17:39:50.500580;Não informado
Prazo aberto no cadastro PNCP;Sistema especializado / serviços;;MUNICIPIO DE ANTONIO OLINTO;Unidade administrativa;Municipal;Antônio Olinto;PR;Edital nº 86/2026;2026-10-16 08:00:00;2026-10-01 08:00:00;837133.19;661335.22;Pregão - Eletrônico;Não/não informado;CONTRATAÇÃO DE EMPRESA ESPECIALIZADA PARA LOCAÇÃO DE SISTEMA WEB INTEGRADO DE GESTÃO PÚBLICA MUNICIPAL.;Pode envolver implantação, operação, hardware ou desenvolvimento. Não presumir fornecimento apenas de assinatura.;Cadastro de busca oficial PNCP;https://pncp.gov.br/app/editais/76020460000143/2026/151;;;;76020460000143-1-000151/2026;;2026-09-30 16:18:20.376952;Não informado
Prazo aberto no cadastro PNCP;Sistema especializado / serviços;;MUNICIPIO DE ESMERALDA;MUNICÍPIO DE ESMERALDA;Municipal;Esmeralda;RS;Edital nº 16/2026;2026-10-16 08:30:00;2026-10-01 08:30:00;592064.15;467730.67;Pregão - Eletrônico;Não/não informado;[Portal de Compras Públicas] - Contratação de empresa especializada para a prestação de serviço de tecnologia da informação para disponibilização de Plataforma de Gestão Municipal, compreendendo o licenciamento de uso de softwares de gestão pública, em ambiente nuvem, por prazo determinado (locação), com atualização mensal, que garanta as alterações legais, corretivas e evolutivas, incluindo, conversão, implantação, treinamento, suporte e atendimento técnico visando o atendimento das necessidades da Prefeitura Municipal de Esmeralda/RS.;Pode envolver implantação, operação, hardware ou desenvolvimento. Não presumir fornecimento apenas de assinatura.;Cadastro de busca oficial PNCP;https://pncp.gov.br/app/editais/88225149000110/2026/77;https://www.portaldecompraspublicas.com.br/processos/RS/Prefeitura-Municipal-de-Esmeralda-3724/PE-16-2026-2026-515175;;;88225149000110-1-000077/2026;;2026-09-30 14:53:59.499247;Não informado
Prazo aberto no cadastro PNCP;Sistema especializado / serviços;;MUNICIPIO DE GUATAPARA;MUNICIPIO DE GUATAPARA;Municipal;Guatapará;SP;Edital nº 025.2026/2026;2026-10-16 08:30:00;2026-10-02 12:00:00;512255.88;404682.14;Pregão - Eletrônico;Não/não informado;CONTRATAÇÃO DE EMPRESA ESPECIALIZADA PARA O FORNECIMENTO DE SISTEMAS DE GESTÃO PÚBLICA NO MODELO DE CONTRATAÇÃO SOFTWARE AS A SERVICE (SAAS) UTILIZANDO DATA CENTER, PARA ATENDER AS DEMANDAS DE CONTABILIDADE PÚBLICA E AUDESP, TESOURARIA, ESTOQUE, COMPRAS E LICITAÇÃO, PATRIMÔNIO, FROTAS, GESTÃO MUNICIPAL, TRANSPARÊNCIA PÚBLICA, RECURSOS HUMANOS, GESTÃO DE RECEITAS, ISS E NOTA FISCAL ELETRÔNICA, ENSINO PÚBLICO, GESTÃO DE COMUNICAÇÃO, DOCUMENTOS, PROTOCOLOS E PROCESSOS ELETRÔNICOS,  CONTROLE DE IMAG;Pode envolver implantação, operação, hardware ou desenvolvimento. Não presumir fornecimento apenas de assinatura.;Cadastro de busca oficial PNCP;https://pncp.gov.br/app/editais/68319748000195/2026/28;https://bllcompras.com/Process/ProcessView?param1=[gkz]pQ29ekKdsjyaUbFdLKENvThYIdP3Vx7lIeGtPF8yaPB_tWHzhH819GvFbouxgAX55I91BICH5mye6ucg6bam_qUgaRx6FPKxyFxx5cQ6LqQ=;;;68319748000195-1-000028/2026;;2026-10-02 09:31:46.179325;Não informado
Prazo aberto no cadastro PNCP;Sistema especializado / serviços;;MUNICIPIO DE PRESIDENTE DUTRA;PREFEITURA MUNICIPAL DE PRESIDENTE DUTRA;Municipal;Presidente Dutra;BA;Edital nº 014/2026;2026-10-16 09:00:00;2026-09-30 09:00:00;;;Pregão - Eletrônico;Não/não informado;CONTRATAÇÃO DE EMPRESA ESPECIALIZADA PARA PRESTAÇÃO DE SERVIÇOS DE LOCAÇÃO, MEDIANTE LICENÇA DE USO, DE SOLUÇÃO INTEGRADA DE SOFTWARE DE GESTÃO PÚBLICA, DESENVOLVIDA NATIVAMENTE PARA AMBIENTE 100% WEB, EM PLATAFORMA ÚNICA, SISTÊMICA E MODULAR, COM BANCO DE DADOS INTEGRADO E HOSPEDAGEM EM INTERNET DATA CENTER – IDC.;Pode envolver implantação, operação, hardware ou desenvolvimento. Não presumir fornecimento apenas de assinatura.;Cadastro de busca oficial PNCP;https://pncp.gov.br/app/editais/13717798000139/2026/21;https://bnccompras.com/Process/ProcessView?param1=[gkz]0/dXdxLHV05OnHK4MbsYdO0pU_ppCi9dEA4Q0nKQa/efuOu1RaE9Lmn4fXDciVeoufrC2yyE_6ggIkzhN2PXOJKHJ8on/MnPVCqLnF5ejAk=;;;13717798000139-1-000021/2026;;2026-10-03 08:25:02.783796;Não informado
Prazo aberto no cadastro PNCP;Sistema especializado / serviços;;MUNICIPIO DE BOCAIUVA;Prefeitura Municipal de Bocaiúva;Municipal;Bocaiúva;MG;Edital nº 65/2026;2026-10-16 09:29:00;2026-09-29 08:00:00;94800.0;74892.0;Pregão - Eletrônico;Não/não informado;[Portal de Compras Públicas] - CONTRATAÇÃO DE EMPRESA PARA LOCAÇÃO DE LICENÇA DE USO TEMPORÁRIO DE SISTEMA INTEGRADO DE GESTÃO EM SAÚDE PÚBLICA EM NUVEM, PARA ATENDER AS NECESSIDADES DA SECRETARIA MUNICIPAL DE SAÚDE;Pode envolver implantação, operação, hardware ou desenvolvimento. Não presumir fornecimento apenas de assinatura.;Cadastro de busca oficial PNCP;https://pncp.gov.br/app/editais/18803072000132/2026/96;https://www.portaldecompraspublicas.com.br/processos/MG/Prefeitura-Municipal-de-Bocaiuva-1325/PE-65-2026-2026-498399;;;18803072000132-1-000096/2026;;2026-07-23 15:51:16.026268;Não informado
Prazo aberto no cadastro PNCP;Hardware ou solução integrada;Segurança/antivírus;DEFENSORIA PUBLICA DO ESTADO;EAP-DEFENSORIA PÚBLICA DO ESTADO DO AMAPÁ;Estadual;Macapá;AP;Edital nº 27/2026;2026-10-16 09:30:00;2026-10-05 08:00:00;13818774.76;10916832.06;Pregão - Eletrônico;Sim;Registro de Preços para eventual Contratação de solução de segurança de rede do tipo Next Generation Firewall (NGFW), compreendendo o fornecimento de licenças, equipamentos, software, garantia, suporte técnico especializado, atualizações, manutenção corretiva e evolutiva, bem como os serviços de instalação, configuração, migração de ambiente, treinamento e operação assistida, pelo período de 60 (sessenta) meses, visando assegurar a proteção da infraestrutura tecnológica, a disponibilidade dos serviços de rede, o controle de acessos, a prevenção e detecção de ameaças cibernéticas e o atendimento às necessidades de segurança da informação da instituição.;Pode envolver implantação, operação, hardware ou desenvolvimento. Não presumir fornecimento apenas de assinatura.;Cadastro de busca oficial PNCP;https://pncp.gov.br/app/editais/11762144000100/2026/17;https://cnetmobile.estaleiro.serpro.gov.br/comprasnet-web/public/compras/acompanhamento-compra?compra=92756005000272026;;;11762144000100-1-000017/2026;;2026-10-02 07:58:09.985430;Não informado
Prazo aberto no cadastro PNCP;Hardware ou solução integrada;;MINISTERIO DAS COMUNICACOES;TELECOMUNICAÇÕES BRASILEIRAS S.A.;Federal;Brasília;DF;Edital nº 40/2026;2026-10-16 10:00:00;2026-09-24 08:00:00;;;Pregão - Eletrônico;Sim;Contratação, por meio de Ata de Registro de Preços, de aquisição de servidores, licenciamento de software de virtualização, equipamentos de rede e prestação de serviços de suporte e garantia, para atender as necessidades da Telebras, de acordo com as especificações e quantidades estimadas constantes do Termo de Referência e seus Anexos.;Pode envolver implantação, operação, hardware ou desenvolvimento. Não presumir fornecimento apenas de assinatura.;Cadastro de busca oficial PNCP;https://pncp.gov.br/app/editais/37753638000103/2026/90;https://cnetmobile.estaleiro.serpro.gov.br/comprasnet-web/public/compras/acompanhamento-compra?compra=92515005000402026;;;37753638000103-1-000090/2026;;2026-09-23 11:15:21.608718;Não informado
Prazo aberto no cadastro PNCP;Sistema especializado / serviços;;MUNICIPIO DE NOVA OLIMPIA;MUNICÍPIO DE NOVA OLÍMPIA/MT;Municipal;Nova Olímpia;MT;Edital nº 022/2026;2026-10-19 06:00:00;2026-09-30 17:00:00;11756.0;9287.24;Pregão - Eletrônico;Não/não informado;CONTRATAÇÃO DE SOLUÇÃO INTEGRADA EM TELEFONIA IP COM PABX EM NUVEM (SAAS – SOFTWARE AS A SERVICE) SOB O REGIME DE COMODATO DE EQUIPAMENTOS, VISANDO MODERNIZAÇÃO COMPLETA DA INFRAESTRUTURA DE TELECOMUNICAÇÕES DA A CONTRATAÇÃO ABRANGE A DISPONIBILIZAÇÃO DE LICENÇAS DE RAMAIS EM NUVEM, FORNECIMENTO DE APARELHOS TELEFÔNICOS IP (EM REGIME DE COMODATO), INSTALAÇÃO, CONFIGURAÇÃO, SUPORTE TÉCNICO E MANUTENÇÃO CONTINUA DA ADMINISTRAÇÃO MUNICIPAL DE NOVA OLIMPIA/MT;Pode envolver implantação, operação, hardware ou desenvolvimento. Não presumir fornecimento apenas de assinatura.;Cadastro de busca oficial PNCP;https://pncp.gov.br/app/editais/03238920000130/2026/39;https://bllcompras.com/Process/ProcessView?param1=[gkz]K7yJLlw_q5klfO302Q0OX3nDYwCTRwDnqp16m4uhvAgdYq1Xv8CLSD0JcAxSJyDw9GhgNW6ywJQ/70NWhtlXNdHf9POnJXhM3zqBnzMixkg=;;;03238920000130-1-000039/2026;;2026-09-30 10:34:57.966795;Não informado
Prazo aberto no cadastro PNCP;Sistema especializado / serviços;;MUNICIPIO DE ATILIO VIVACQUA;PREFEITURA MUNICIPAL DE ATÍLIO VIVÁCQUA;Municipal;Atílio Vivácqua;ES;Edital nº 9/2026;2026-10-19 08:09:00;2026-10-02 08:00:00;373074.0;294728.46;Pregão - Eletrônico;Não/não informado;CONTRATAÇÃO DE EMPRESA PARA LICENCIAMENTO DE USO DE SOFTWARES DE GESTÃO PÚBLICA NA ÁREA DA ADMINISTRAÇÃO TRIBUTÁRIA, INCLUINDO OS MÓDULOS: PROTESTO, REDESIM, NOTA FISCAL DE SERVIÇOS ELETRÔNICA–NFE (APENAS O MÓDULO DE APURAÇÃO DO ISS), E, DECLARAÇÃO ELETRÔNICA DE TOMADOR E PRESTADOR DE SERVIÇOS, compreendendo a prestação dos serviços técnicos especializados de instalação, implantação, conversão e migração de dados, parametrização, adaptação e ajustes da solução, treinamento de usuários e do corpo técnico de informática, suporte técnico, manutenção legal, corretiva e evolutiva, constituindo uma solução integrada para o atendimento do Núcleo de Tributação e Arrecadação da Secretaria Municipal de Administração e Finanças – SEMAF.;Pode envolver implantação, operação, hardware ou desenvolvimento. Não presumir fornecimento apenas de assinatura.;Cadastro de busca oficial PNCP;https://pncp.gov.br/app/editais/27165620000137/2026/89;;;;27165620000137-1-000089/2026;;2026-10-01 08:23:57.611970;Não informado
Prazo aberto no cadastro PNCP;Sistema especializado / serviços;;SERVICO AUTONOMO DE AGUA E ESGOTO;Serviço Autônomo de Água e Esgoto de Pirapora;Municipal;Pirapora;MG;Edital nº 52/2026;2026-10-19 08:59:00;2026-09-23 09:00:00;122587.99;96844.51;Pregão - Eletrônico;Não/não informado;Contratação de empresa especializada para fornecimento de Solução GIS Integrada voltada ao setor de saneamento, com Gestão de cadastro georreferenciado de redes, usuários, hidrômetros, e demais componentes do cadastro técnico, bem como gestão de ordens de serviço online. Será adotada a modalidade de contratação de Software como Serviço (Saas), contemplando todos os serviços referentes à migração, integração, hospedagem, configuração do software, comprovação e manutenção de sua consistência, suporte a usuários, gestão da base de dados, e rotinas de backup, conforme especificações e exigências deste Termo de Referência;Pode envolver implantação, operação, hardware ou desenvolvimento. Não presumir fornecimento apenas de assinatura.;Cadastro de busca oficial PNCP;https://pncp.gov.br/app/editais/23535271000147/2026/50;;;;23535271000147-1-000050/2026;;2026-09-23 15:07:17.403110;Não informado
Prazo aberto no cadastro PNCP;Hardware ou solução integrada;;AGENCIA REGULADORA DE SERVICOS PUBLICOS DO MUNICIPIO DE SAO PAULO SP REGULA;PMSP - AGÊNCIA REGIONAL DE SERVIÇOS PÚBLICOS;Municipal;São Paulo;SP;Edital nº 51/2026;2026-10-19 08:59:00;2026-10-02 08:00:00;781386.24;617295.12;Pregão - Eletrônico;Não/não informado;"O presente Termo de Referência tem como objeto Contratação de empresa especializada na prestação de serviços de impressão, digitalização de documentos e reprografia corporativa (outsourcing de impressão), com disponibilização, instalação e manutenção de 10 (dez) equipamentos físicos — sendo 9 (nove) multifuncionais policromáticas A3 e 1 (uma) impressora de cartões —, instalação de
software de gerenciamento e bilhetagem, inventário, contabilização e prestação de serviços de manutenção preventiva e corretiva, com substituição de peças, componentes e materiais, fornecimento e reposição de suprimentos e consumíveis novos, originais ou homologados/certificados pelo fabricante dos equipamentos, inclusive papel, cartões PVC e ribbons, pelo prazo de 48 (quarenta e oito)
meses, para atender à Agência Reguladora de Serviços Públicos do Município de São Paulo – SP Regula, com fundamento na Lei Federal nº 14.133/2021.";Pode envolver implantação, operação, hardware ou desenvolvimento. Não presumir fornecimento apenas de assinatura.;Cadastro de busca oficial PNCP;https://pncp.gov.br/app/editais/41814509000155/2026/17;https://cnetmobile.estaleiro.serpro.gov.br/comprasnet-web/public/compras/acompanhamento-compra?compra=92872805000512026;;;41814509000155-1-000017/2026;;2026-10-01 17:43:40.840585;Não informado
Prazo aberto no cadastro PNCP;Sistema especializado / serviços;;MUNICIPIO DE BROTAS DE MACAUBAS;PREFEITURA MUNICIPAL DE BROTAS DE MACAUBAS-BA;Municipal;Brotas de Macaúbas;BA;Edital nº 4/2026;2026-10-19 09:00:00;2026-10-02 08:00:00;142083.96;112246.32;Pregão - Eletrônico;Não/não informado;Contratação de empresa especializada em locação de software e cessão de direito de uso de Sistemas Integrados de Gestão Pública, operados exclusivamente em ambiente online, visando atender às necessidades do município de Brotas de Macaúbas – BA;Pode envolver implantação, operação, hardware ou desenvolvimento. Não presumir fornecimento apenas de assinatura.;Cadastro de busca oficial PNCP;https://pncp.gov.br/app/editais/13797600000174/2026/19;https://cnetmobile.estaleiro.serpro.gov.br/comprasnet-web/public/compras/acompanhamento-compra?compra=98338905000042026;;;13797600000174-1-000019/2026;;2026-08-17 09:04:20.596802;Não informado
Prazo aberto no cadastro PNCP;Hardware ou solução integrada;;MUNICIPIO DE PRUDENTE DE MORAIS;Unidade Unica;Municipal;Prudente de Morais;MG;Edital nº 46/2026;2026-10-19 09:00:00;2026-10-06 09:00:00;296400.0;234156.0;Pregão - Eletrônico;Sim;Contratação  de serviços de reprografia, com disponibilização, em regime de comodato, de máquinas multifuncionais (impressoras, copiadoras e equipamentos com software de gerenciamento de impressão);Pode envolver implantação, operação, hardware ou desenvolvimento. Não presumir fornecimento apenas de assinatura.;Cadastro de busca oficial PNCP;https://pncp.gov.br/app/editais/18314625000193/2026/110;https://app2.licitardigital.com.br/pesquisa/115709;;;18314625000193-1-000110/2026;;2026-10-06 15:29:11.697274;Não informado
Prazo aberto no cadastro PNCP;Hardware ou solução integrada;;ESTADO DO PARA;EPA - POLÍCIA MILITAR DO PARÁ;Estadual;Belém;PA;Edital nº 13/2026;2026-10-19 09:00:00;2026-10-02 08:00:00;321206.4;253753.05;Pregão - Eletrônico;Não/não informado;Contratação de empresa especializada na prestação continuada do serviço de conectividade de dados via satélite de Órbita Baixa (LEO – Constelação Starlink), mediante assinatura/subscrição mensal, com franquia ilimitada em mobilidade terrestre e navegação costeira nacional, sem fornecimento de equipamentos, a fim de serem empregados nas unidades da Polícia Militar do Pará.;Pode envolver implantação, operação, hardware ou desenvolvimento. Não presumir fornecimento apenas de assinatura.;Cadastro de busca oficial PNCP;https://pncp.gov.br/app/editais/05054861000176/2026/91;https://cnetmobile.estaleiro.serpro.gov.br/comprasnet-web/public/compras/acompanhamento-compra?compra=92580905000132026;;;05054861000176-1-000091/2026;;2026-10-01 12:23:49.366257;Não informado
Prazo aberto no cadastro PNCP;Sistema especializado / serviços;;MUNICIPIO DE FRANCISCO DANTAS;Prefeitura Municipal de Francisco Dantas;Municipal;Francisco Dantas;RN;Edital nº 91017/2026/2026;2026-10-19 09:00:00;2026-10-02 08:00:00;7983710.3;6307131.13;Pregão - Eletrônico;Sim;Contratação de empresa para Licença de Uso de Sistema de Gestão Pública, inclusos serviços de migração base de dados, implantação, capacitação, suporte técnico, manutenção legal e corretiva e provimento de data center para o município de Francisco Dantas, conforme condições, quantidades e exigências estabelecidas neste Edital e seus anexos.;Pode envolver implantação, operação, hardware ou desenvolvimento. Não presumir fornecimento apenas de assinatura.;Cadastro de busca oficial PNCP;https://pncp.gov.br/app/editais/08148439000178/2026/55;;;;08148439000178-1-000055/2026;;2026-10-01 12:20:32.948058;Não informado
Prazo aberto no cadastro PNCP;Sistema especializado / serviços;;CONSORCIO INTERMUNICIPAL DE SAUDE 8 DE ABRIL;Consórcio 8 de Abril;Não se aplica;Mogi Mirim;SP;Edital nº R-8/2026;2026-10-19 09:00:00;2026-10-02 09:00:00;352899.32;278790.46;Pregão - Eletrônico;Não/não informado;Contratação de pessoa jurídica especializada para prestação de serviços através de solução tecnológica SaaS, com interface web, sob o regime de locação/direito de uso, destinada a capitação por meio de credenciamento eletrônico de mão de obra especializada em saúde, para desempenhar atividades pertinentes ao atendimento em consultas, exames, procedimentos cirurgias e internações, bem como permitir a condução das etapas necessárias para sua consecução, compreendendo as seguintes soluções: Controle de acesso, comunicação interna, credenciamento e publicação junto ao PNCP, busca automática de CND’s junto a órgãos públicos, contrato de prestadores, assinatura de documentos por certificado digital padrão ICP-Brasil, cadastros, tabela de serviços, agendas médicas, controle de registro de atendimento médico por geolocalização, financeiro, fila de espera, regulação, agendamento, controle de atendimento médico ao paciente por reconhecimento biométrico facial, faturamento completo para prestadores e Municípios com geração de espelho de nota e emissão de nota fiscal, prontuário eletrônico, mecanismo de suporte eletrônico ao usuário, notificações ao paciente, conectividade (integração, importação e exportação) para o ministério da saúde, relatórios, gráficos, interfaces de conexão, cadastro e controle de pacientes integrados à RNDS, envio de mensagem de agendamento ao paciente, controle de transporte eletivo de pacientes, bem como migração de dados, implantação, suporte técnico, manutenção, rotinas de backup, treinamentos e atualizações, para atendimento ao Consórcio Intermunicipal de Saúde 8 de Abril.;Pode envolver implantação, operação, hardware ou desenvolvimento. Não presumir fornecimento apenas de assinatura.;Cadastro de busca oficial PNCP;https://pncp.gov.br/app/editais/08996378000107/2026/117;;;;08996378000107-1-000117/2026;;2026-10-01 16:31:00.374189;Não informado
Prazo aberto no cadastro PNCP;Hardware ou solução integrada;"Adobe; Canva; CorelDRAW; Microsoft; Autodesk/AutoCAD/Revit; SketchUp";COMANDO DA AERONAUTICA;ACADEMIA DA FORCA AEREA;Federal;Pirassununga;SP;Edital nº 113/2026;2026-10-19 09:00:00;2026-10-06 08:00:00;497912.0;393350.48;Pregão - Eletrônico;Sim;Aquisição de Licenças para Softwares;Pode envolver implantação, operação, hardware ou desenvolvimento. Não presumir fornecimento apenas de assinatura.;Cadastro de busca oficial PNCP + itens oficiais;https://pncp.gov.br/app/editais/00394429000100/2026/2478;https://cnetmobile.estaleiro.serpro.gov.br/comprasnet-web/public/compras/acompanhamento-compra?compra=12006005001132026;https://pncp.gov.br/pncp-api/v1/orgaos/00394429000100/compras/2026/2478/arquivos/7;https://pncp.gov.br/pncp-api/v1/orgaos/00394429000100/compras/2026/2478/arquivos/8;00394429000100-1-002478/2026;;2026-09-25 04:00:12.277161;Não informado
Prazo aberto no cadastro PNCP;Sistema especializado / serviços;;MUNICIPIO DE SANTA CRUZ;Prefeitura Municipal de Santa Cruz;Municipal;Santa Cruz;RN;Edital nº 46/2026;2026-10-19 09:30:00;2026-10-01 08:00:00;739288.33;584037.78;Pregão - Eletrônico;Não/não informado;[Portal de Compras Públicas] - CONTRATAÇÃO DE EMPRESA ESPECIALIZADA PARA O DESENVOLVIMENTO, INSTALAÇÃO, PARAMETRIZAÇÃO, INTEGRAÇÃO E TESTES DE SOFTWARE DE COMANDO CONTROLE, SUPERVISÃO E SEGURANÇA OPERACIONAL DO TELEFÉRICO DE CABINES DO MUNICÍPIO DE SANTA CRUZ/RN.;Pode envolver implantação, operação, hardware ou desenvolvimento. Não presumir fornecimento apenas de assinatura.;Cadastro de busca oficial PNCP;https://pncp.gov.br/app/editais/08358889000195/2026/167;https://www.portaldecompraspublicas.com.br/processos/RN/Prefeitura-Municipal-de-Santa-Cruz-1190/PE-46-2026-2026-512417;;;08358889000195-1-000167/2026;;2026-09-18 09:42:13.948735;Não informado
Prazo aberto no cadastro PNCP;Sistema especializado / serviços;;FUNDACAO ESCOLA NACIONAL DE ADMINISTRACAO PUBLICA;ENAP-ESCOLA NACIONAL DE ADM.PUBLICA/DF;Federal;Brasília;DF;Edital nº 56/2026;2026-10-19 10:00:00;2026-10-01 08:30:00;841285.34;664615.41;Pregão - Eletrônico;Não/não informado;Serviços de desenvolvimento, manutenção, sustentação, testes de software seguindo práticas ágeis, conforme DFD.;Pode envolver implantação, operação, hardware ou desenvolvimento. Não presumir fornecimento apenas de assinatura.;Cadastro de busca oficial PNCP;https://pncp.gov.br/app/editais/00627612000109/2026/196;https://cnetmobile.estaleiro.serpro.gov.br/comprasnet-web/public/compras/acompanhamento-compra?compra=11470205000562026;;;00627612000109-1-000196/2026;;2026-10-01 06:12:10.143034;Não informado
Prazo aberto no cadastro PNCP;Sistema especializado / serviços;;MUNICIPIO DE SAO JOSE DO ALEGRE;PREFEITURA MUNICIPAL DE SÃO JOSÉ DO ALEGRE;Municipal;São José do Alegre;MG;Edital nº 125/2026;2026-10-19 10:00:00;2026-10-02 17:00:00;139200.0;109968.0;Pregão - Eletrônico;Não/não informado;PRESTAÇÃO DE SERVIÇOS COM CESSÃO DE DIREITO DE USO DE SISTEMA INFORMATIZADO INTEGRADODE GESTÃO ORÇAMENTÁRIA, FINANCEIRA E ADMINISTRATIVA, DESTINADO AO ATENDIMENTO DA PREFEITURAMUNICIPAL DE SÃO JOSÉ DO ALEGRE, CONTEMPLANDO OS MÓDULOS DE PLANEJAMENTO E ORÇAMENTO,CONTABILIDADE PÚBLICA, TESOURARIA, PATRIMÔNIO, ALMOXARIFADO, COMPRAS, LICITAÇÕES E CONTRATOS,CONTROLE DE FROTA, RECURSOS HUMANOS, FOLHA DE PAGAMENTO, TRIBUTAÇÃO MUNICIPAL, NOTA FISCALDE SERVIÇOS ELETRÔNICA (NFS-E), PROTOCOLO E CONTROLE DE ;Pode envolver implantação, operação, hardware ou desenvolvimento. Não presumir fornecimento apenas de assinatura.;Cadastro de busca oficial PNCP;https://pncp.gov.br/app/editais/18025999000199/2026/106;;;;18025999000199-1-000106/2026;;2026-10-02 16:37:10.421751;Não informado
Prazo aberto no cadastro PNCP;Hardware ou solução integrada;;MINISTERIO PUBLICO DO ESTADO DO RIO DE JANEIRO;ERJ-MINISTÉRIO PUBLICO ESTADO RIO DE JANEIRO;Estadual;Rio de Janeiro;RJ;Edital nº 316/2026;2026-10-19 13:00:00;2026-10-06 08:00:00;53483266.24;42251780.32;Pregão - Eletrônico;Não/não informado; Aquisição de solução de Infraestrutura Hiperconvergente de Datacenter, contemplando o fornecimento de hardware, software de virtualização, switches, racks e solução de armazenamento, com garantia e suporte por 36 (trinta e seis) meses, incluindo ainda serviços de implantação, migração e treinamento, conforme condições, quantidades e exigências estabelecidas no Anexo I do Edital da Licitação.;Pode envolver implantação, operação, hardware ou desenvolvimento. Não presumir fornecimento apenas de assinatura.;Cadastro de busca oficial PNCP;https://pncp.gov.br/app/editais/28305936000140/2026/371;https://cnetmobile.estaleiro.serpro.gov.br/comprasnet-web/public/compras/acompanhamento-compra?compra=92515305003162026;;;28305936000140-1-000371/2026;;2026-10-05 15:34:17.974072;Não informado
Prazo aberto no cadastro PNCP;Sistema especializado / serviços;;MUNICIPIO DE PEIXOTO DE AZEVEDO;PREFEITURA MUNICIPAL DE PEIXOTO DE AZEVEDO - MT;Municipal;Peixoto de Azevedo;MT;Edital nº 036/2026;2026-10-19 23:59:00;2026-09-01 08:00:00;661000.0;522190.0;Pregão - Eletrônico;Sim;REGISTRO DE PREÇOS PARA CONTRATAÇÃO DE EMPRESA HABILITADA PARA CONCESSÃO DE LICENÇA DE USO DE SOFTWARE, MANUTENÇÃO, SUPORTE TÉCNICO, TREINAMENTO, CONVERSÃO DE DADOS E CUSTOMIZAÇÃO PARA A ÁREA DE GESTÃO DA SAÚDE PÚBLICA DO MUNICÍPIO DE PEIXOTO DE AZEVEDO-MT, CONFORME TERMO DE REFERÊNCIA.;Pode envolver implantação, operação, hardware ou desenvolvimento. Não presumir fornecimento apenas de assinatura.;Cadastro de busca oficial PNCP + itens oficiais;https://pncp.gov.br/app/editais/03238631000131/2026/66;https://bllcompras.com/Process/ProcessView?param1=[gkz]iYMTwYccuKP/lTXmNOGSMpTjB9PuP4JOE7nEfISJhEqbKvw7bUj/PEEtGFG6pUWmgSz73fqE97/NuQYLHA6aAAamWV8JL7o7XTxm3AgMFco=;https://pncp.gov.br/pncp-api/v1/orgaos/03238631000131/compras/2026/66/arquivos/1;;03238631000131-1-000066/2026;;2026-08-31 17:21:22.170120;Não informado
Prazo aberto no cadastro PNCP;Sistema especializado / serviços;;MUNICIPIO DE SOLONOPOLE;SECRETARIA MUNICIPAL DE FINANÇAS E PLANEJAMENTO;Municipal;Solonópole;CE;Edital nº 2026.09.30.001/2026;2026-10-20 07:59:00;2026-10-02 00:00:00;87138.36;68839.3;Pregão - Eletrônico;Não/não informado;CONTRATAÇÃO DE EMPRESA ESPECIALIZADA PARA FORNECIMENTO DA LICENÇA DE USO E MANUTENÇÃO DE UM SISTEMA DE GESTÃO PÚBLICA MUNICIPAL COM MÓDULOS INTEGRADOS E OPERACIONALIZAÇÃO TOTALMENTE WEB, INCLUINDO OS SERVIÇOS DE IMPLANTAÇÃO, CONFIGURAÇÃO, CUSTOMIZAÇÃO E TREINAMENTO TÉCNICO OPERACIONAL DE RESPONSABILIDADE DA SECRETARIA DE  FINANÇAS E PLANEJAMENTO DO MUNICIPIO DE SOLONÓPOLE-CE.;Pode envolver implantação, operação, hardware ou desenvolvimento. Não presumir fornecimento apenas de assinatura.;Cadastro de busca oficial PNCP;https://pncp.gov.br/app/editais/07733256000157/2026/92;http://precodereferencia.m2atecnologia.com.br/c/geOoW2CMTju3p62HqKapHA.a6oK0iKgMYsk/;;;07733256000157-1-000092/2026;;2026-10-02 08:14:43.536384;Não informado
Recebimento futuro anunciado;Sistema especializado / serviços;;MUNICIPIO DE IBIRUBA;MUNICÍPIO DE IBIRUBÁ - RS;Municipal;Ibirubá;RS;Edital nº 70/2026;2026-10-20 08:00:00;2026-10-20 08:00:00;1671780.0;1320706.2;Pregão - Eletrônico;Não/não informado;Contratação de empresa especializada para fornecimento de solução integrada de gestão pública municipal, na modalidade SaaS (Software as a Service), em ambiente de nuvem, compreendendo licenciamento de uso de software, implantação, instalação, parametrização, migração e conversão de dados, treinamento de usuários, atualização de versões, manutenção, suporte técnico, assistência técnica e hospedagem em Data Center, visando atender às necessidades da Administração Direta e Indireta do Município, garantindo a integridade, consistência e possibilidade de exportação futura dos dados em formato aberto, legível e compatível.;Pode envolver implantação, operação, hardware ou desenvolvimento. Não presumir fornecimento apenas de assinatura.;Cadastro de busca oficial PNCP;https://pncp.gov.br/app/editais/87564381000110/2026/267;;;;87564381000110-1-000267/2026;;2026-10-01 08:43:24.723559;Não informado
Prazo aberto no cadastro PNCP;Sistema especializado / serviços;;MUNICIPIO DE CUNHA PORA;Administracao;Municipal;Cunha Porã;SC;Edital nº PCE 24/2026;2026-10-20 08:00:00;2026-10-02 08:00:00;704420.37;556492.09;Pregão - Eletrônico;Não/não informado;CONTRATAÇÃO DE EMPRESA DE TECNOLOGIA DA INFORMAÇÃO, PARA FORNECIMENTO DE LICENÇA DE USO DE SIGP - SOFTWARE INTEGRADO DE GESTÃO PÚBLICA EM COMPUTAÇÃO EM NUVEM, INCLUINDO SERVIÇOS COMPLEMENTARES DE IMPLANTAÇÃO, MANUTENÇÃO (CORRETIVA, ADAPTATIVA E EVOLUTIVA), SUPORTE TÉCNICO, TREINAMENTO DE SERVIDORES PÚBLICOS MUNICIPAIS, ARMAZENAMENTO E SEGURANÇA DA INFORMAÇÃO, A FIM DE ATENDER A DEMANDA OPERACIONAL E AS NECESSIDADES DO MUNICÍPIO DE CUNHA PORÃ/SC, FUNDO MUNICIPAL DE SAÚDE E CÂMARA DE VEREADORES.;Pode envolver implantação, operação, hardware ou desenvolvimento. Não presumir fornecimento apenas de assinatura.;Cadastro de busca oficial PNCP;https://pncp.gov.br/app/editais/83021147000195/2026/21;;;;83021147000195-1-000021/2026;;2026-09-15 12:26:28.029517;Não informado
Prazo aberto no cadastro PNCP;Hardware ou solução integrada;;MUNICIPIO DE SUMARE;Prefeitura Municipal de Sumaré;Municipal;Sumaré;SP;Edital nº 042/2026-R/2026;2026-10-20 08:00:00;2026-10-02 17:00:00;61284348.98;48414635.69;Pregão - Eletrônico;Não/não informado;Contratação de empresa especializada para implantação, disponibilização e manutenção de solução tecnológica integrada de monitoramento eletrônico, em regime de prestação continuada, contemplando o fornecimento, por meio de locação, dos equipamentos, softwares, licenças, infraestrutura tecnológica, conectividade, instalação, configuração, integração, treinamento, suporte técnico, manutenção preventiva e corretiva e demais serviços necessários ao monitoramento remoto das unidades públicas inicialmente contempladas pela contratação e de seus respectivos entornos;Pode envolver implantação, operação, hardware ou desenvolvimento. Não presumir fornecimento apenas de assinatura.;Cadastro de busca oficial PNCP;https://pncp.gov.br/app/editais/45787660000100/2026/318;;;;45787660000100-1-000318/2026;;2026-10-02 15:52:40.997627;Não informado
Prazo aberto no cadastro PNCP;Hardware ou solução integrada;;MUNICIPIO DE SUMARE;SECRETARIA MUNICIPAL DE SAÚDE;Municipal;Sumaré;SP;Edital nº PCE 42/2026;2026-10-20 08:00:00;2026-10-02 17:00:00;61284349.18;48414635.85;Pregão - Eletrônico;Não/não informado;CONTRATAÇÃO DE EMPRESA ESPECIALIZADA PARA IMPLANTAÇÃO, DISPONIBILIZAÇÃO E MANUTENÇÃO DE SOLUÇÃO TECNOLÓGICA INTEGRADA DE MONITORAMENTO ELETRÔNICO, EM REGIME DE PRESTAÇÃO CONTINUADA, CONTEMPLANDO O FORNECIMENTO, POR MEIO DE LOCAÇÃO DOS EQUIPAMENTOS, SOFTWARES, LICENÇAS, INFRAESTRUTURA TECNOLÓGICA, CONECTIVIDADE, INSTALAÇÃO, CONFIGURAÇÃO, INTEGRAÇÃO, TREINAMENTO, SUPORTE TÉCNICO, MANUTENÇÃO PREVENTIVA E CORRETIVA E DEMAIS SERVIÇOS NECESSÁRIOS AO MONITORAMENTO REMOTO DAS UNIDADES PÚBLICAS INICIALMENTE CONTEMPLADAS PELA CONTRATAÇÃO E DE SEUS RESPECTIVOS ENTORNOS;Pode envolver implantação, operação, hardware ou desenvolvimento. Não presumir fornecimento apenas de assinatura.;Cadastro de busca oficial PNCP;https://pncp.gov.br/app/editais/45787660000100/2026/317;;;;45787660000100-1-000317/2026;;2026-10-02 15:49:43.375349;Não informado
Recebimento futuro anunciado;Hardware ou solução integrada;Segurança/antivírus;EMPRESA BRASILEIRA DE PESQUISA AGROPECUARIA;EMBRAPA MEIO-NORTE/TERESINA/PI;Federal;Teresina;PI;Edital nº 72/2026;2026-10-20 08:30:00;2026-10-07 08:00:00;;;Pregão - Eletrônico;Não/não informado;Aquisição de equipamentos para modernização e renovação da infraestrutura tecnológica do Data Center Local e de equipamentos de uso operacional, compreendendo ativos essenciais de rede corporativa, servidores de alta densidade e virtualização, appliances de segurança perimetral (firewall), controle ambiental, armazenamento, no-breaks de continuidade energética, controle de acesso biométrico e estações de trabalho administrativas da Embrapa Meio-Norte.;Pode envolver implantação, operação, hardware ou desenvolvimento. Não presumir fornecimento apenas de assinatura.;Cadastro de busca oficial PNCP;https://pncp.gov.br/app/editais/00348003000110/2026/1166;https://cnetmobile.estaleiro.serpro.gov.br/comprasnet-web/public/compras/acompanhamento-compra?compra=13500905000722026;;;00348003000110-1-001166/2026;;2026-10-06 09:34:49.634655;Não informado
Prazo aberto no cadastro PNCP;Sistema especializado / serviços;;MUNICIPIO DE TUNAS DO PARANA;TUNAS DO PARANA PR;Municipal;Tunas do Paraná;PR;Edital nº 72-2026/2026;2026-10-20 08:30:00;2026-10-05 08:00:00;661412.4;522515.79;Pregão - Eletrônico;Não/não informado;CONTRATAÇÃO DE EMPRESA PARA O FORNECIMENTO DE SOLUÇÃO TECNOLÓGICA INTEGRADA DE GESTÃO PÚBLICA (ERP), EM MODELO SAAS (SOFTWARE AS A SERVICE), COM HOSPEDAGEM EM NUVEM PELA CONTRATADA;Pode envolver implantação, operação, hardware ou desenvolvimento. Não presumir fornecimento apenas de assinatura.;Cadastro de busca oficial PNCP;https://pncp.gov.br/app/editais/68703834000105/2026/12;https://licitacoes-e2.bb.com.br/aop-inter-estatico/visualizar-processo-publico/1101895;;;68703834000105-1-000012/2026;;2026-10-02 11:33:58.722141;Não informado
Prazo aberto no cadastro PNCP;Sistema especializado / serviços;;MUNICIPIO DE IMBE;GABINETE DO PREFEITO MUNICIPAL MUNICÍPIO DE IMBÉ;Municipal;Imbé;RS;Edital nº 0082/2026;2026-10-20 08:30:00;2026-10-01 08:00:00;25624.44;20243.3;Pregão - Eletrônico;Não/não informado;Contratação de pessoa jurídica para prestação de serviços técnicos especializados na área de tecnologia da informação, para licença de uso de software para gestão e controle do SUAS (Sistema Único de Assistência Social), bem como serviços de migração, conversão e integração de base de dados do sistema utilizado anteriormente. Implantação, treinamento de usuários, suporte técnico e manutenção em atendimento as necessidades da Secretaria de Desenvolvimento Social;Pode envolver implantação, operação, hardware ou desenvolvimento. Não presumir fornecimento apenas de assinatura.;Cadastro de busca oficial PNCP;https://pncp.gov.br/app/editais/90256652000184/2026/151;https://pregaobanrisul.com.br/editais/0082_2026/357508;;;90256652000184-1-000151/2026;;2026-10-01 00:22:36.290338;Não informado
Prazo aberto no cadastro PNCP;Hardware ou solução integrada;;MUNICIPIO DE POUSO ALEGRE;SECRETARIA DE TRÂNSITO E TRANSPORTE;Municipal;Pouso Alegre;MG;Edital nº PRE 98/2026;2026-10-20 09:00:00;2026-10-01 17:00:00;335426.64;264987.04;Pregão - Eletrônico;Não/não informado;LOCAÇÃO DE SISTEMA DE RADIOCOMUNICAÇÃO DIGITAL, COMPREENDENDO LOCAÇÃO DE EQUIPAMENTOS NOVOS, INFRAESTRUTURA, MATERIAIS, DESENVOLVIMENTO, INSTALAÇÃO E DEMAIS INSUMOS.;Pode envolver implantação, operação, hardware ou desenvolvimento. Não presumir fornecimento apenas de assinatura.;Cadastro de busca oficial PNCP;https://pncp.gov.br/app/editais/18675983000121/2026/186;;;;18675983000121-1-000186/2026;;2026-09-30 10:30:00.938598;Não informado
Prazo aberto no cadastro PNCP;Sistema especializado / serviços;;TRIBUNAL SUPERIOR ELEITORAL;TRE-TRIBUNAL REGIONAL ELEITORAL DA PARAIBA/PB;Federal;João Pessoa;PB;Edital nº 64/2026;2026-10-20 09:00:00;2026-09-30 08:00:00;992929.55;784414.34;Pregão - Eletrônico;Não/não informado;Contratação de solução de gerenciamento de exposição cibernética, composta por disponibilização e renovação de licenças, implantação, repasse técnico, treinamento, garantia e manutenção dos equipamento e/ou softwares por 60 meses.;Pode envolver implantação, operação, hardware ou desenvolvimento. Não presumir fornecimento apenas de assinatura.;Cadastro de busca oficial PNCP + itens oficiais;https://pncp.gov.br/app/editais/00509018000113/2026/2280;https://cnetmobile.estaleiro.serpro.gov.br/comprasnet-web/public/compras/acompanhamento-compra?compra=07000905000642026;https://pncp.gov.br/pncp-api/v1/orgaos/00509018000113/compras/2026/2280/arquivos/1;https://pncp.gov.br/pncp-api/v1/orgaos/00509018000113/compras/2026/2280/arquivos/3;00509018000113-1-002280/2026;;2026-09-30 04:00:24.563128;Não informado
Prazo aberto no cadastro PNCP;Sistema especializado / serviços;;MUNICIPIO DE PORTO MAUA;MUNICIPIO DE PORTO MAUA/RS;Municipal;Porto Mauá;RS;Edital nº 66/2026;2026-10-20 09:00:00;2026-10-02 09:00:00;563858.57;445448.27;Pregão - Eletrônico;Não/não informado;CONTRATAÇÃO DE EMPRESA ESPECIALIZADA NA PRESTAÇÃO DE SERVIÇOS DE CESSÃO DE USO DE SISTEMA INFORMATIZADO DE GESTÃO MUNICIPAL, EM AMBIENTE WEB (CLOUD COMPUTING), NO MODELO SOFTWARE AS A SERVICE (SAAS), INCLUINDO IMPLANTAÇÃO, PARAMETRIZAÇÃO, EVENTUAL MIGRAÇÃO DE DADOS, TREINAMENTO DE USUÁRIOS, SUPORTE TÉCNICO, MANUTENÇÃO CORRETIVA, EVOLUTIVA E ATUALIZAÇÕES, DESTINADO AO ATENDIMENTO DAS DEMANDAS DAS SECRETARIAS MUNICIPAIS DO MUNICÍPIO DE PORTO MAUÁ/RS;Pode envolver implantação, operação, hardware ou desenvolvimento. Não presumir fornecimento apenas de assinatura.;Cadastro de busca oficial PNCP;https://pncp.gov.br/app/editais/93845519000151/2026/241;;;;93845519000151-1-000241/2026;;2026-10-01 14:08:17.586726;Não informado
Prazo aberto no cadastro PNCP;Sistema especializado / serviços;;MUNICIPIO DE SANTA CRUZ DO RIO PARDO;PREFEITURA MUNICIPAL DE SANTA CRUZ DO RIO PARDO - SP;Municipal;Santa Cruz do Rio Pardo;SP;Edital nº 14/2026;2026-10-20 09:00:00;2026-10-05 10:00:00;393368.67;310761.24;Pregão - Eletrônico;Não/não informado;Contratação de empresa especializada para disponibilização de solução informatizada, em ambiente web e modelo SaaS (Software como Serviço), com recursos integrados ou interoperáveis, destinada à gestão eletrônica de documentos, processos administrativos, comunicação institucional e atendimento digital ao cidadão, contemplando implantação, configuração, parametrização, migração e validação de dados, integrações previstas, treinamento, suporte técnico, hospedagem, manutenção e demais...;Pode envolver implantação, operação, hardware ou desenvolvimento. Não presumir fornecimento apenas de assinatura.;Cadastro de busca oficial PNCP + itens oficiais;https://pncp.gov.br/app/editais/46231890000143/2026/595;https://bllcompras.com/Process/ProcessView?param1=[gkz]qfbFZgpgG0kIOt583oRA6txhkq5thAjNkM1LxnmmT_5xWnMuRhKUqSLM9JaV8MVfkdnAxyireJrYffimDAEcZsiu2OoS5Bjre7NAymy/eqQ=;https://pncp.gov.br/pncp-api/v1/orgaos/46231890000143/compras/2026/595/arquivos/1;;46231890000143-1-000595/2026;;2026-10-05 09:23:53.082959;Não informado
Prazo aberto no cadastro PNCP;Hardware ou solução integrada;;CAMARA MUNICIPAL DE GUAPO;CAMARA MUNICIPAL DE GUAPO;Municipal;Guapó;GO;Edital nº 1/2026;2026-10-20 09:59:00;2026-10-01 08:25:10;75876.3;59942.27;Pregão - Eletrônico;Não/não informado;CONTRATAÇÃO DE EMPRESA PARA O FORNECIMENTO DE EQUIPAMENTOS, MATERIAIS, ACESSÓRIOS E LICENÇAS DESTINADOS À IMPLANTAÇÃO DE SISTEMA INTEGRADO DE ÁUDIO, VÍDEO, FILMAGEM, GRAVAÇÃO E TRANSMISSÃO AO VIVO DAS SESSÕES PLENÁRIAS E DEMAIS ATIVIDADES INSTITUCIONAIS DA CÂMARA MUNICIPAL DE GUAPÓ/GO, COMPREENDENDO COMPUTADORES, CÂMERAS PTZ, EQUIPAMENTOS DE SONORIZAÇÃO, DISPOSITIVOS DE CONTROLE, INFRAESTRUTURA DE REDE, CABOS, CONECTORES, SUPORTES, SOFTWARE PROFISSIONAL E DEMAIS COMPONENTES NECESSÁRIOS, BEM COMO A PRESTAÇÃO DOS SERVIÇOS DE MONTAGEM, INSTALAÇÃO, CONFIGURAÇÃO, INTEGRAÇÃO COM OS SISTEMAS EXISTENTES, TESTES, COMISSIONAMENTO, ASSISTÊNCIA TÉCNICA INICIAL E TREINAMENTO PRESENCIAL DOS OPERADORES;Pode envolver implantação, operação, hardware ou desenvolvimento. Não presumir fornecimento apenas de assinatura.;Cadastro de busca oficial PNCP;https://pncp.gov.br/app/editais/02485890000102/2026/22;;;;02485890000102-1-000022/2026;;2026-10-01 13:42:28.581744;Não informado
Prazo aberto no cadastro PNCP;Hardware ou solução integrada;;RIO GRANDE DO NORTE SECRETARIA DA SAUDE PUBLICA;ERN - SECRETARIA DE ESTADO DA SAÚDE PÚBLICA;Estadual;Natal;RN;Edital nº 399/2026;2026-10-20 09:59:00;2026-10-05 08:00:00;;;Pregão - Eletrônico;Sim;O presente Termo de Referência refere-se à solicitação de formalização de processo licitatório na modalidade Pregão Eletrônico, do tipo menor preço por lote, por meio de Ata de Registro de Preços, com o objetivo de contratar empresa especializada na prestação de serviços técnicos arquivísticos e de gestão da informação, com execução continuada do tratamento da massa documental acumulada, incluindo o fornecimento de licenças de softwares, sistemas e hardwares necessários à operacionalização dos s;Pode envolver implantação, operação, hardware ou desenvolvimento. Não presumir fornecimento apenas de assinatura.;Cadastro de busca oficial PNCP;https://pncp.gov.br/app/editais/08241754000145/2026/245;https://cnetmobile.estaleiro.serpro.gov.br/comprasnet-web/public/compras/acompanhamento-compra?compra=92555005003992026;;;08241754000145-1-000245/2026;;2026-09-15 10:33:49.939797;Não informado
Recebimento futuro anunciado;Sistema especializado / serviços;;ESTADO DA BAHIA;UNEB - UNIVERSIDADE DO ESTADO DA BAHIA;Estadual;Salvador;BA;Edital nº 012/2026/2026;2026-10-20 10:00:00;2026-10-16 09:00:00;744966.69;588523.68;Pregão - Eletrônico;Não/não informado;Contratação de empresa especializada para MANUTENCAO EVOLUTIVA DE SOFTWARE plataforma Moodle, incluindo atualização de versão, migração de dados, desenvolvimento de melhorias, instalação de plug-ins, manutenção, suporte técnico e hospedagem.;Pode envolver implantação, operação, hardware ou desenvolvimento. Não presumir fornecimento apenas de assinatura.;Cadastro de busca oficial PNCP;https://pncp.gov.br/app/editais/13937032000160/2026/2741;https://licitacoes-e2.bb.com.br/aop-inter-estatico/visualizar-processo-publico/1101704;;;13937032000160-1-002741/2026;;2026-10-02 11:43:46.920443;Não informado
Prazo aberto no cadastro PNCP;Sistema especializado / serviços;;FUNDACAO PARA O DESENVOLVIMENTO DA EDUCACAO;ESP-FDE-FUND P/ DESENV. DA EDUCACAO;Estadual;São Paulo;SP;Edital nº 250/2026;2026-10-20 10:00:00;2026-10-05 08:30:00;882110.07;696866.95;Pregão - Eletrônico;Não/não informado;Contratação de empresa especializada para fornecimento de plataforma customizável, do tipo SAAS (Software as a Service), para Administração de Gestão de Pessoas, por meio de contrato contínuo, para atendimento às necessidades da Fundação para o Desenvolvimento da Educação (FDE).;Pode envolver implantação, operação, hardware ou desenvolvimento. Não presumir fornecimento apenas de assinatura.;Cadastro de busca oficial PNCP;https://pncp.gov.br/app/editais/60509015000101/2026/178;https://cnetmobile.estaleiro.serpro.gov.br/comprasnet-web/public/compras/acompanhamento-compra?compra=08110105002502026;;;60509015000101-1-000178/2026;;2026-10-02 09:43:39.072829;Não informado
Prazo aberto no cadastro PNCP;Hardware ou solução integrada;;FUNDO MUNICIPAL DE SAUDE;FUNDO MUNICIPAL DE SAUDE;Municipal;Padre Bernardo;GO;Edital nº (8602) | 37-0/2026;2026-10-21 07:30:00;2026-10-02 15:00:00;;;Pregão - Eletrônico;Não/não informado;Solicitação de abertura de processo licitatório na modalidade Pregão Eletrônico para a contratação de empresa especializada na prestação de serviços de locação de parque tecnológico, licenciamento de software e infraestrutura em modelo integrado (As-a-Service), para atendimento da Secretaria Municipal de Saúde de Padre Bernardo-GO.;Pode envolver implantação, operação, hardware ou desenvolvimento. Não presumir fornecimento apenas de assinatura.;Cadastro de busca oficial PNCP + itens oficiais;https://pncp.gov.br/app/editais/10593919000190/2026/50;;https://pncp.gov.br/pncp-api/v1/orgaos/10593919000190/compras/2026/50/arquivos/1;https://pncp.gov.br/pncp-api/v1/orgaos/10593919000190/compras/2026/50/arquivos/3;10593919000190-1-000050/2026;;2026-10-02 10:40:30.636225;Não informado
Recebimento futuro anunciado;Sistema especializado / serviços;;EMPRESA BAIANA DE AGUAS E SANEAMENTO S/A - EMBASA;EMPRESA BAIANA DE AGUAS E SANEAMENTO S/A - EMBASA;Não se aplica;Salvador;BA;Edital nº SP176/2026/2026;2026-10-21 08:30:00;2026-10-19 08:00:00;;;Pregão - Eletrônico;Não/não informado;"DESENVOLVIMENTO DE PRODUTOS NA PLATAFORMA LIFERAY DXP, INCLUINDO SUBSCRIÇÃO, SERVIÇOS DE DESENVOLVIMENTO E SUSTENTAÇÃO DE AMBIENTE.
Fonte de Recursos: Próprios.";Pode envolver implantação, operação, hardware ou desenvolvimento. Não presumir fornecimento apenas de assinatura.;Cadastro de busca oficial PNCP;https://pncp.gov.br/app/editais/13504675000110/2026/306;https://licitacoes-e2.bb.com.br/aop-inter-estatico/visualizar-processo-publico/1101295;;;13504675000110-1-000306/2026;;2026-09-23 18:32:00.924420;Não informado
Prazo aberto no cadastro PNCP;Sistema especializado / serviços;;CONTROLADORIA-GERAL DO ESTADO;Controladoria Geral do Estado;Estadual;Palmas;TO;Edital nº 90040/PE/CGE/2026;2026-10-21 08:59:00;2026-10-05 08:00:00;;;Pregão - Eletrônico;Não/não informado;PROCESSO DE CONTRATAÇÃO DE LICENCIAMENTO E /OU SUBSCRIÇÃO DE SOLTWARE DE COMUNICAÇÃO, PARA REALIZAÇÃO DE VIDEO CONFERÊNCIAS ONLINE E HÍBRIDAS, COM POSSIBILIDADE DE GRAVAÇÃO TRANCRIÇÃO DE ÁUDIOS E SOLUÇÃO DE BACKUP PARA RETENÇÃO DAS MÍDIAS GRAVADAS;Pode envolver implantação, operação, hardware ou desenvolvimento. Não presumir fornecimento apenas de assinatura.;Cadastro de busca oficial PNCP + itens oficiais;https://pncp.gov.br/app/editais/04807648000125/2026/22;;https://pncp.gov.br/pncp-api/v1/orgaos/04807648000125/compras/2026/22/arquivos/1;;04807648000125-1-000022/2026;;2026-10-05 13:27:20.802996;Não informado
Prazo aberto no cadastro PNCP;Sistema especializado / serviços;;MUNICIPIO DE ARACUAI;Unidade Única;Municipal;Araçuaí;MG;Edital nº 000023/2026;2026-10-21 09:00:00;2026-10-02 08:30:00;;;Pregão - Eletrônico;Sim;REGISTRO DE PREÇOS PARA FUTURA E EVENTUAL CONTRATAÇÃO DE EMPRESA ESPECIALIZADA PARA DISPONIBILIZAÇÃO DE LICENÇA DE USO DE SISTEMA INTEGRADO DE GESTÃO PÚBLICA, EM AMBIENTE WEB, EM MÓDULOS, CONTEMPLANDO ATENDIMENTO ÀS ESPECIFICAÇÕES TÉCNICAS, QUANTITATIVOS PREVISTOS E SERVIÇOS TÉCNICOS CORRELATOS, COM ACESSO ILIMITADO DE USUÁRIOS, DESTINADO À PREFEITURA MUNICIPAL DE ARAÇUAÍ/MG;Pode envolver implantação, operação, hardware ou desenvolvimento. Não presumir fornecimento apenas de assinatura.;Cadastro de busca oficial PNCP;https://pncp.gov.br/app/editais/17963083000117/2026/70;https://app2.licitardigital.com.br/pesquisa/115233;;;17963083000117-1-000070/2026;;2026-10-02 08:31:32.876324;Não informado
Prazo aberto no cadastro PNCP;Sistema especializado / serviços;;MUNICIPIO DE FAZENDA RIO GRANDE;PREFEITURA MUNICIPAL FAZENDA RIO GRANDE - PR;Municipal;Fazenda Rio Grande;PR;Edital nº 82/2026;2026-10-21 09:00:00;2026-10-02 08:00:00;4664964.32;3685321.81;Pregão - Eletrônico;Não/não informado;Contratação de empresa especializada para o fornecimento de solução integrada de gestão pública, na modalidade Software como Serviço (SaaS), compreendendo licenciamento de uso, implantação, migração de dados, parametrização, integração, treinamento de usuários, suporte técnico, manutenção corretiva, adaptativa, evolutiva e legal, hospedagem em ambiente computacional, bem como demais serviços necessários ao pleno funcionamento da solução;Pode envolver implantação, operação, hardware ou desenvolvimento. Não presumir fornecimento apenas de assinatura.;Cadastro de busca oficial PNCP;https://pncp.gov.br/app/editais/95422986000102/2026/274;https://cnetmobile.estaleiro.serpro.gov.br/comprasnet-web/public/compras/acompanhamento-compra?compra=98998305000822026;;;95422986000102-1-000274/2026;;2026-10-01 14:49:28.715903;Não informado
Prazo aberto no cadastro PNCP;Sistema especializado / serviços;;CONTROLADORIA-GERAL DO ESTADO;ETO-CONTROLADORIA-GERAL DO ESTADO-CGE/T0;Estadual;Palmas;TO;Edital nº 1/2026;2026-10-21 09:00:00;2026-10-05 08:00:00;;;Pregão - Eletrônico;Não/não informado;Contratação de Serviços - Subscrição/Licenciamento de Solução Integrada de Comunicação Corporativa para Videoconferência em nuvem;Pode envolver implantação, operação, hardware ou desenvolvimento. Não presumir fornecimento apenas de assinatura.;Cadastro de busca oficial PNCP;https://pncp.gov.br/app/editais/04807648000125/2026/21;https://cnetmobile.estaleiro.serpro.gov.br/comprasnet-web/public/compras/acompanhamento-compra?compra=92619805000012026;;;04807648000125-1-000021/2026;;2026-10-02 13:42:54.398117;Não informado
Prazo aberto no cadastro PNCP;Sistema especializado / serviços;;FUNDO MUNICIPAL DE EDUCACAO;FME FUNDO MUNICIPAL DE EDUCACAO;Municipal;Águas Lindas de Goiás;GO;Edital nº 10982/2026;2026-10-21 09:30:00;2026-10-06 09:30:00;3710932.92;2931637.0;Pregão - Eletrônico;Não/não informado;CONTRATAÇÃO DE EMPRESA ESPECIALIZADA PARA SERVIÇOS CONTÍNUOS DE LOCAÇÃO DE SOFTWARE INTEGRADO DE SISTEMAS PARA GESTÃO PÚBLICA, COM MÓDULOS INTEGRADOS, CONFORME DISCRIMINADO NO ETP E TERMO DE REFERÊNCIA, INCLUSO A PRESTAÇÃO DOS SERVIÇOS DE INSTALAÇÃO, IMPLANTAÇÃO, MIGRAÇÃO DE DADOS, CUSTOMIZAÇÃO, TREINAMENTO DE USUÁRIOS, MANUTENÇÃO E SUPORTE TÉCNICO DE SOFTWARES DE GESTÃO MUNICIPAL, CONFORME QUANTITATIVO E DEMAIS ESPECIFICAÇÕES TÉCNICAS CONTIDAS NO TERMO DE REFERÊNCIA.;Pode envolver implantação, operação, hardware ou desenvolvimento. Não presumir fornecimento apenas de assinatura.;Cadastro de busca oficial PNCP;https://pncp.gov.br/app/editais/19724762000169/2026/29;;;;19724762000169-1-000029/2026;;2026-10-06 16:41:31.843198;Não informado
Prazo aberto no cadastro PNCP;Sistema especializado / serviços;;MUNICIPIO DE AGUAS LINDAS DE GOIAS;Prefeitura Municipal de Águas Lindas de Goiás;Municipal;Águas Lindas de Goiás;GO;Edital nº 35/2026;2026-10-21 09:30:00;2026-10-06 09:30:00;3710932.92;2931637.0;Pregão - Eletrônico;Não/não informado;[Portal de Compras Públicas] - Contratação de empresa especializada para serviços contínuos de locação de Software Integrado de Sistemas para Gestão Pública, com módulos integrados, conforme discriminado no ETP e Termo de Referência, incluso a prestação dos serviços de instalação, implantação, migração de dados, customização, treinamento de usuários, manutenção e suporte técnico de softwares de gestão municipal.;Pode envolver implantação, operação, hardware ou desenvolvimento. Não presumir fornecimento apenas de assinatura.;Cadastro de busca oficial PNCP;https://pncp.gov.br/app/editais/01616520000196/2026/127;https://www.portaldecompraspublicas.com.br/processos/GO/Prefeitura-Municipal-de-Aguas-Lindas-de-Goias-2994/PE-35-2026-2026-516173;;;01616520000196-1-000127/2026;;2026-10-05 14:15:07.308910;Não informado
Prazo aberto no cadastro PNCP;Sistema especializado / serviços;;ESTADO DO CEARA;GOVERNO DO ESTADO DO CEARÁ;Estadual;Fortaleza;CE;Edital nº 156/2026;2026-10-21 10:30:00;2026-09-29 08:00:00;;;Pregão - Eletrônico;Não/não informado;O objeto da licitação é a prestação dos serviços de locação de solução integrada de Sistema de monitoramento das áreas internas e externas dos prédios da Cagece, a qual deverá ser composta por sistemas (hardwares e softwares) integrados, para monitoramento de alertas de intrusão, visualização das imagens em tempo real, controle de acesso, manutenção preventiva e corretiva, atendimento técnico 24/7 horas, equipe de operadores e central de monitoramento 24 horas, bem como atendimento tático operacional, nas condições estabelecidas neste edital e seus anexos.;Pode envolver implantação, operação, hardware ou desenvolvimento. Não presumir fornecimento apenas de assinatura.;Cadastro de busca oficial PNCP;https://pncp.gov.br/app/editais/07954480000179/2026/19678;https://cnetmobile.estaleiro.serpro.gov.br/comprasnet-web/public/compras/acompanhamento-compra?compra=94300105001562026;;;07954480000179-1-019678/2026;;2026-07-20 15:15:58.332463;Não informado
Prazo aberto no cadastro PNCP;Sistema especializado / serviços;;MINISTERIO PUBLICO DO ESTADO DO ACRE;MINISTÉRIO PUBLICO DO ESTADO DO ACRE;Estadual;Rio Branco;AC;Edital nº 69/2026;2026-10-21 11:00:00;2026-10-06 08:00:00;;;Pregão - Eletrônico;Não/não informado;Contratação de empresa para o fornecimento de assinatura de licença de uso de Software de Gestão de Clínicas, Prontuários Eletrônicos e consultórios, e outras necessidades do Centros de Especialidades em Saúde-CES, conforme especificações constantes no Termo de Referência – Anexo I do Edital.;Pode envolver implantação, operação, hardware ou desenvolvimento. Não presumir fornecimento apenas de assinatura.;Cadastro de busca oficial PNCP;https://pncp.gov.br/app/editais/04034450000156/2026/67;https://cnetmobile.estaleiro.serpro.gov.br/comprasnet-web/public/compras/acompanhamento-compra?compra=92589905000692026;;;04034450000156-1-000067/2026;;2026-09-04 15:31:42.548511;Não informado
Prazo aberto no cadastro PNCP;Sistema especializado / serviços;;TRIBUNAL SUPERIOR ELEITORAL;TSE _ TRIBUNAL SUPERIOR ELEITORAL/SEC.ADM/DF;Federal;Brasília;DF;Edital nº 73/2026;2026-10-21 14:00:00;2026-10-05 08:00:00;1293940.76;1022213.2;Pregão - Eletrônico;Não/não informado;Aquisição de Solução Integrada de Servidor e Software para Gerenciamento e Arquivamento de Mídias Digitais (MAM/DAM), consoante especificações, exigências e prazos constantes no Termo de Referência - Anexo I do Edital.;Pode envolver implantação, operação, hardware ou desenvolvimento. Não presumir fornecimento apenas de assinatura.;Cadastro de busca oficial PNCP;https://pncp.gov.br/app/editais/00509018000113/2026/2306;https://cnetmobile.estaleiro.serpro.gov.br/comprasnet-web/public/compras/acompanhamento-compra?compra=07000105000732026;;;00509018000113-1-002306/2026;;2026-10-05 04:00:03.132825;Não informado
Prazo aberto no cadastro PNCP;Hardware ou solução integrada;;MUNICIPIO DE RANCHARIA;MUNICIPIO DE RANCHARIA;Municipal;Rancharia;SP;Edital nº 63/2026;2026-10-21 17:00:00;2026-09-15 00:00:00;482760.0;381380.4;Pregão - Eletrônico;Não/não informado;CONTRATAÇÃO DE EMPRESA PARA PRESTAÇÃO DE SERVIÇOS DE IMPRESSÃO, CÓPIA E DIGITALIZAÇÃO, MEDIANTE A DISPONIBILIZAÇÃO, EM REGIME DE COMODATO, DE IMPRESSORAS LASER MONOCROMÁTICAS E COLORIDAS, MULTIFUNCIONAIS DIGITAIS E ENVELOPADORA PROFISSIONAL, COM FORNECIMENTO CONTÍNUO DE SUPRIMENTOS ORIGINAIS (TONERS, PEÇAS DE REPOSIÇÃO E DEMAIS INSUMOS), MANUTENÇÃO PREVENTIVA E CORRETIVA ON-SITE, SOFTWARE DE GESTÃO DE IMPRESSÃO E COLETA DE CONTADORES, CABENDO À CONTRATADA O FORNECIMENTO DE TODOS OS INSUMOS NECESSÁRIOS AO FUNCIONAMENTO DOS EQUIPAMENTOS, EXCETO PAPEL;Pode envolver implantação, operação, hardware ou desenvolvimento. Não presumir fornecimento apenas de assinatura.;Cadastro de busca oficial PNCP;https://pncp.gov.br/app/editais/44935278000126/2026/153;https://transparencia.rancharia.sp.gov.br/transparencia/;;;44935278000126-1-000153/2026;;2026-10-02 14:10:12.825248;Não informado
Prazo aberto no cadastro PNCP;Sistema especializado / serviços;;MUNICIPIO DE BARROLANDIA;MUNICÍPIO DE BARROLÂNDIA/TO;Municipal;Barrolândia;TO;Edital nº 16/2026;2026-10-22 08:00:00;2026-10-05 18:47:54;;;Pregão - Eletrônico;Não/não informado;[LICITANET] - Contratação de empresa especializada para disponibilização, no modelo Software as a Service – SaaS, de sistema integrado de gestão pública municipal, 100% web e hospedado em nuvem, incluindo implantação, parametrização, migração e validação de dados, treinamento, suporte técnico, manutenção corretiva, preventiva, adaptativa e evolutiva, atualizações legais e tecnológicas, hospedagem, cópias de segurança, recuperação de dados e transição ao final do contrato, pelo período inicial de 12 (doze) mes;Pode envolver implantação, operação, hardware ou desenvolvimento. Não presumir fornecimento apenas de assinatura.;Cadastro de busca oficial PNCP;https://pncp.gov.br/app/editais/24851453000190/2026/39;https://licitanet.com.br/sessao/203743;;;24851453000190-1-000039/2026;;2026-10-05 18:47:58.065141;Não informado
Prazo aberto no cadastro PNCP;Hardware ou solução integrada;;MUNICIPIO DE GENERAL CAMARA;Prefeitura Municipal de General Câmara;Municipal;General Câmara;RS;Edital nº 21/2026;2026-10-22 08:29:00;2026-10-02 08:00:00;93564.0;73915.56;Pregão - Eletrônico;Não/não informado;[Portal de Compras Públicas] - Contratação de empresa especializada para a prestação mensal de serviços de videomonitoramento eletrônico, contemplando equipamentos fornecidos em regime de comodato, bem como a infraestrutura, os softwares e os demais componentes necessários ao pleno funcionamento do sistema, incluindo câmeras digitais inteligentes de alta resolução, com tecnologia de visão colorida, gravação contínua, recursos de análise inteligente de imagens, infraestrutura de comunicação e interligação das câmeras, sistema de gerenciamento e armazenamento das imagens, instalação, configuração, ativação, suporte técnico, manutenção preventiva e corretiva, substituição de equipamentos defeituosos e assistência técnica durante toda a vigência contratual, visando assegurar o monitoramento contínuo dos acessos e áreas estratégicas do Município de General Câmara/RS.;Pode envolver implantação, operação, hardware ou desenvolvimento. Não presumir fornecimento apenas de assinatura.;Cadastro de busca oficial PNCP;https://pncp.gov.br/app/editais/88117726000150/2026/34;https://www.portaldecompraspublicas.com.br/processos/RS/Prefeitura-Municipal-de-General-Camara-3303/PE-21-2026-2026-510528;;;88117726000150-1-000034/2026;;2026-10-01 09:33:11.022298;Não informado
Prazo aberto no cadastro PNCP;Hardware ou solução integrada;;MUNICIPIO DE UNIFLOR;MUNICÍPIO DE UNIFLOR/PR;Municipal;Uniflor;PR;Edital nº 26/2026;2026-10-22 08:30:00;2026-10-06 10:40:40;38847.12;30689.22;Pregão - Eletrônico;Não/não informado;[LICITANET] - CONTRATAÇÃO DE EMPRESA ESPECIALIZADA PARA A LOCAÇÃO DE SOLUÇÃO INTEGRADA DE CONTROLE DE PONTO ELETRÔNICO, COMPREENDENDO EQUIPAMENTOS E/OU SOLUÇÕES TECNOLÓGICAS PARA REGISTRO DE JORNADA COM RECONHECIMENTO FACIAL, SOFTWARE DE TRATAMENTO DE JORNADA EM AMBIENTE WEB, INTEGRAÇÃO COM A FOLHA DE PAGAMENTO, INSTALAÇÃO E SUPORTE TÉCNICO CONTÍNUO PARA O MUNICÍPIO DE UNIFLOR/PR.;Pode envolver implantação, operação, hardware ou desenvolvimento. Não presumir fornecimento apenas de assinatura.;Cadastro de busca oficial PNCP;https://pncp.gov.br/app/editais/76279975000162/2026/74;https://licitanet.com.br/sessao/199916;;;76279975000162-1-000074/2026;;2026-09-04 00:02:12.768765;Não informado
Prazo aberto no cadastro PNCP;Sistema especializado / serviços;;MUNICIPIO DE TREZE TILIAS;Prefeitura Municipal de Treze Tilias;Municipal;Treze Tílias;SC;Edital nº 107/2026;2026-10-22 08:30:00;2026-10-02 17:30:00;125203.2;98910.52;Pregão - Eletrônico;Não/não informado;"[Portal de Compras Públicas] - Contratação de empresa especializada para fornecimento, implantação, configuração, treinamento, suporte e manutenção (corretiva, adaptativa e evolutiva) de solução integrada de comunicação em plataforma multicanal de atendimento centralizado, em nuvem (SaaS), incluindo: PABX virtual, automação de atendimentos e mensagens de WhatsApp Business API, com Chatbot e gestão de filas de atendimento por múltiplos operadores, envio e recebimento de mensagens com sessões de atendimento e protocolo; webchat (comunicador instantâneo interno); módulo de Gestão de Tarefas e módulo Helpdesk, para atendimento das demandas operacionais e necessidades das secretarias que compõem o Município de Treze Tílias, Fundo Municipal de Saúde e Fundo Municipal de Assistência Social, conforme especificações técnicas no Termo de Referência, nos termos da tabela abaixo, conforme condições e exigências estabelecidas neste instrumento.";Pode envolver implantação, operação, hardware ou desenvolvimento. Não presumir fornecimento apenas de assinatura.;Cadastro de busca oficial PNCP;https://pncp.gov.br/app/editais/82777251000141/2026/60;https://www.portaldecompraspublicas.com.br/processos/SC/Prefeitura-Municipal-de-Treze-Tilias-3952/PE-107-2026-2026-516061;;;82777251000141-1-000060/2026;;2026-10-02 17:16:16.425403;Não informado
Prazo aberto no cadastro PNCP;Sistema especializado / serviços;;MUNICIPIO DE OURINHOS;Prefeitura Municipal de Ourinhos;Municipal;Ourinhos;SP;Edital nº 19/2026;2026-10-22 08:59:00;2026-10-05 00:01:00;110400.0;87216.0;Pregão - Eletrônico;Não/não informado;CONTRATAÇÃO DE EMPRESA ESPECIALIZADA PARA PRESTAÇÃO DE SERVIÇOS DE DESENVOLVIMENTO, IMPLANTAÇÃO, OPERAÇÃO, LICENCIAMENTO, SUPORTE TÉCNICO E MANUTENÇÃO DE SISTEMAS INFORMATIZADOS DE GESTÃO ADMINISTRATIVA DE TRÂNSITO MUNICIPAL;Pode envolver implantação, operação, hardware ou desenvolvimento. Não presumir fornecimento apenas de assinatura.;Cadastro de busca oficial PNCP;https://pncp.gov.br/app/editais/53415717000160/2026/61;;;;53415717000160-1-000061/2026;;2026-10-01 14:17:46.906328;Não informado
Prazo aberto no cadastro PNCP;Sistema especializado / serviços;;MUNICIPIO DE ARAPORA;MUNICÍPIO DE ARAPORÃ/MG;Municipal;Araporã;MG;Edital nº 048/2026;2026-10-22 09:00:00;2026-10-05 14:42:24;;;Pregão - Eletrônico;Não/não informado;[LICITANET] - Contratação de empresa especializada para prestação de serviços de licenciamento de uso de software integrado de gestão da saúde pública, em ambiente web, incluindo implantação, migração e conversão de dados, treinamento de usuários, suporte técnico presencial e remoto, manutenção evolutiva, corretiva e legal, desenvolvimento sob demanda e disponibilização de infraestrutura de datacenter, visando atender integralmente às necessidades da Secretaria Municipal de Saúde de Araporã., conforme condições, quantidades e exigências estabelecidas no Edital e seus anexos. ;Pode envolver implantação, operação, hardware ou desenvolvimento. Não presumir fornecimento apenas de assinatura.;Cadastro de busca oficial PNCP;https://pncp.gov.br/app/editais/23098510000149/2026/64;https://licitanet.com.br/sessao/203681;;;23098510000149-1-000064/2026;;2026-10-05 14:42:28.354854;Não informado
Prazo aberto no cadastro PNCP;Sistema especializado / serviços;;MUNICIPIO DE DIVINOPOLIS;MUNICÍPIO DE DIVINÓPOLIS;Municipal;Divinópolis;MG;Edital nº 112/2026;2026-10-22 09:00:00;2026-10-02 10:00:00;5031578.0271;3974946.64;Pregão - Eletrônico;Não/não informado;CONTRATAÇÃO DE EMPRESA ESPECIALIZADA PARA FORNECIMENTO, IMPLANTAÇÃO E MANUTENÇÃO DE SOLUÇÃO INTEGRADA DE GESTÃO TERRITORIAL PARA O MUNICÍPIO DE DIVINÓPOLIS/MG, EM AMBIENTE WEB E MOBILE (SAAS), COM INTEGRAÇÃO DE BASES TERRITORIAIS, MONITORAMENTO POR IMAGENS ORBITAIS, TREINAMENTO E SUPORTE TÉCNICO CONTINUADO, CONFORME TERMO DE REFERÊNCIA DO EDITAL.;Pode envolver implantação, operação, hardware ou desenvolvimento. Não presumir fornecimento apenas de assinatura.;Cadastro de busca oficial PNCP;https://pncp.gov.br/app/editais/18291351000164/2026/243;https://cnetmobile.estaleiro.serpro.gov.br/comprasnet-web/public/compras/acompanhamento-compra?compra=98444505001122026;;;18291351000164-1-000243/2026;;2026-10-02 09:23:38.687597;Não informado
Prazo aberto no cadastro PNCP;Hardware ou solução integrada;;PIAUI PROCURADORIA GERAL DA JUSTICA;PROCURADORIA GERAL DE JUSTIÇA DO PIAUI;Estadual;Teresina;PI;Edital nº 36/2026;2026-10-22 09:00:00;2026-10-05 08:00:00;74993.94;59245.21;Pregão - Eletrônico;Não/não informado;Contratação de empresa especializada para prestação de serviços de controle de acesso de pessoas, mediante locação de catracas eletrônicas, leitor facial e software, incluindo implantação, treinamento, suporte técnico, concessão de uso do software e dos equipamentos, bem como manutenção preventiva e corretiva, com fornecimento e substituição de insumos, peças e equipamentos, visando ao perfeito funcionamento do objeto nos edifícios da Zona Leste e Centro do Ministério Público do Estado do Piauí.;Pode envolver implantação, operação, hardware ou desenvolvimento. Não presumir fornecimento apenas de assinatura.;Cadastro de busca oficial PNCP;https://pncp.gov.br/app/editais/05805924000189/2026/45;https://cnetmobile.estaleiro.serpro.gov.br/comprasnet-web/public/compras/acompanhamento-compra?compra=92609205000362026;;;05805924000189-1-000045/2026;;2026-10-02 10:07:48.133457;Não informado
Prazo aberto no cadastro PNCP;Sistema especializado / serviços;;MUNICIPIO DE SAO BERNARDO DO CAMPO;Município de São Bernardo do Campo;Municipal;São Bernardo do Campo;SP;Edital nº PE 009/2026 - RERRATI 1_1372/2026;2026-10-22 09:00:00;2026-10-02 10:00:00;5527500.0;4366725.0;Pregão - Eletrônico;Não/não informado;RERRATIFICAÇÃO I - Contratação de empresa para serviços de Sistema Integrado de Monitoramento e Gestão de Imposto Sobre Serviço de Qualquer Natureza (ISSQN), na modalidade SaaS (Software as a Service), incluindo serviços de implantação, conversão, treinamento, suporte e manutenção da solução, para a modernização da administração tributária, aprimorando os processos já existentes;Pode envolver implantação, operação, hardware ou desenvolvimento. Não presumir fornecimento apenas de assinatura.;Cadastro de busca oficial PNCP;https://pncp.gov.br/app/editais/46523239000147/2026/491;https://compras.saobernardo.sp.gov.br/;;;46523239000147-1-000491/2026;;2026-10-01 13:11:38.370076;Não informado
Prazo aberto no cadastro PNCP;Sistema especializado / serviços;;INSTITUTO DE PREVIDENCIA DOS SERVIDORES DO ESTADO MG;GEASU-DEAC;Estadual;Belo Horizonte;MG;Edital nº 181/2026;2026-10-22 09:00:09;2026-10-06 13:43:10;;;Pregão - Eletrônico;Não/não informado;SUBSCRICAO DE LICENCA, ATUALIZACAO E SUPORTE DE SOFTWARE DE SOLUCAO INTEGRADA PARA GESTAO HOSPITALAR;Pode envolver implantação, operação, hardware ou desenvolvimento. Não presumir fornecimento apenas de assinatura.;Cadastro de busca oficial PNCP;https://pncp.gov.br/app/editais/17217332000125/2026/101;https://www1.compras.mg.gov.br/n/procedimentolei14133/consulta/eletronico/visualizar/2026/181/2012015;;;17217332000125-1-000101/2026;;2026-10-06 10:13:39.150111;Não informado
Prazo aberto no cadastro PNCP;Hardware ou solução integrada;;FUNDO MUNICIPAL DA SAUDE;SECRETARIA MUNICIPAL DA SAÚDE;Municipal;Curitiba;PR;Edital nº 64/2026;2026-10-22 09:30:00;2026-10-05 15:00:00;705436.0;557294.44;Pregão - Eletrônico;Não/não informado;CONTRATAÇÃO DE EMPRESA PARA SERVIÇOS DE LOCAÇÃO DE SISTEMA DE EQUIPAMENTOS PARA FORNECIMENTO, PRODUÇÃO E ARMAZENAMENTO DE ÁGUA PARA LABORATÓRIO - ÁGUA REAGENTE TIPO I (PADRÃO CLSI), COM ASSISTÊNCIA TÉCNICA, MANUTENÇÃO PREVENTIVA E CORRETIVA E FORNECIMENTO;Pode envolver implantação, operação, hardware ou desenvolvimento. Não presumir fornecimento apenas de assinatura.;Cadastro de busca oficial PNCP + itens oficiais;https://pncp.gov.br/app/editais/13792329000184/2026/214;www.e-compras.curitiba.pr.gov.br;https://pncp.gov.br/pncp-api/v1/orgaos/13792329000184/compras/2026/214/arquivos/1;;13792329000184-1-000214/2026;;2026-10-05 14:09:01.320244;Não informado
Prazo aberto no cadastro PNCP;Sistema especializado / serviços;;CONSELHO FEDERAL DE MEDICINA VETERINARIA;CONSELHO FEDERAL DE MEDICINA VETERINARIA;Federal;Brasília;DF;Edital nº 102/2026;2026-10-22 10:00:00;2026-10-05 09:00:00;5448.76;4304.52;Pregão - Eletrônico;Não/não informado;Contratação de licenciamento de soluções de inteligência artificial generativa, na modalidade Software como Serviço (SaaS), conforme condições e exigências estabelecidas neste Edital e seus anexos.;Pode envolver implantação, operação, hardware ou desenvolvimento. Não presumir fornecimento apenas de assinatura.;Cadastro de busca oficial PNCP + itens oficiais;https://pncp.gov.br/app/editais/00119784000171/2026/36;https://cnetmobile.estaleiro.serpro.gov.br/comprasnet-web/public/compras/acompanhamento-compra?compra=38918505001022026;https://pncp.gov.br/pncp-api/v1/orgaos/00119784000171/compras/2026/36/arquivos/1;;00119784000171-1-000036/2026;;2026-10-05 08:55:51.075395;Não informado
Prazo aberto no cadastro PNCP;Hardware ou solução integrada;;MUNICIPIO DE BELO HORIZONTE;PREF.MUN.DE BELO HORIZONTE;Municipal;Belo Horizonte;MG;Edital nº 170/2026;2026-10-22 10:00:00;2026-10-06 08:00:00;292280.01;230901.2;Pregão - Eletrônico;Não/não informado;Contratação de empresa especializada para locação de catraca balcão pivotante com reconhecimento facial, catraca mini balcão pivotante com reconhecimento facial duplo sendo um para entrada e um para saída, software de controle de acesso, Totem (reconhecimento facial e cancela), manutenção preventiva e corretiva, a ser instalado no prédio sede da Prefeitura de Belo Horizonte, em regime de empreitada por preço global.;Pode envolver implantação, operação, hardware ou desenvolvimento. Não presumir fornecimento apenas de assinatura.;Cadastro de busca oficial PNCP;https://pncp.gov.br/app/editais/18715383000140/2026/735;https://cnetmobile.estaleiro.serpro.gov.br/comprasnet-web/public/compras/acompanhamento-compra?compra=98412305001702026;;;18715383000140-1-000735/2026;;2026-10-05 09:14:10.845860;Não informado
Recebimento futuro anunciado;Hardware ou solução integrada;Segurança/antivírus;CONSELHO REGIONAL DE MEDICINA DO ESTADO DA PARAIBA;CONSELHO REGIONAL DE MEDICINA EST. DA PARAIBA;Federal;João Pessoa;PB;Edital nº 32/2026;2026-10-22 10:00:00;2026-10-07 10:00:00;201764.62;159394.04;Pregão - Eletrônico;Não/não informado;Contratação de serviços de Firewall com fornecimento de equipamentos de TI e suporte de equipamentos;Pode envolver implantação, operação, hardware ou desenvolvimento. Não presumir fornecimento apenas de assinatura.;Cadastro de busca oficial PNCP;https://pncp.gov.br/app/editais/10764033000161/2026/32;https://cnetmobile.estaleiro.serpro.gov.br/comprasnet-web/public/compras/acompanhamento-compra?compra=38918405000322026;;;10764033000161-1-000032/2026;;2026-10-06 09:39:01.403215;Não informado
Recebimento futuro anunciado;Sistema especializado / serviços;;MUNICIPIO DE GOIANINHA;MUNICIPIO DE GOIANINHA;Municipal;Goianinha;RN;Edital nº 25/2026;2026-10-22 10:00:00;2026-10-07 10:00:00;76200.0;60198.0;Pregão - Eletrônico;Sim;Contratação de empresa especializada na prestação de serviços de locação de sistema de gestão tributária municipal, compreendendo a licença de uso, implantação, migração de dados, treinamento de servidores, suporte técnico e manutenção continuada, para atender às necessidades da Secretaria Municipal de Tributação.;Pode envolver implantação, operação, hardware ou desenvolvimento. Não presumir fornecimento apenas de assinatura.;Cadastro de busca oficial PNCP;https://pncp.gov.br/app/editais/08162687000173/2026/207;;;;08162687000173-1-000207/2026;;2026-10-05 17:24:45.846000;Não informado
Recebimento futuro anunciado;Sistema especializado / serviços;;MUNICIPIO DE SANTO ANDRE;Prefeitura Municipal de Santo André;Municipal;Santo André;SP;Edital nº 434/2026/2026;2026-10-23 09:20:00;2026-10-07 09:00:00;3178500.0;2511015.0;Pregão - Eletrônico;Não/não informado;Contratação de empresa especializada para o licenciamento de uso de plataforma tecnológica integrada de inteligência fiscal (na modalidade SaaS - Software as a Service), operada integralmente em ambiente de computação em nuvem via internet, voltada ao gerenciamento, monitoramento, auditoria e implantação do programa de gestão tributária e modernização administrativa do Município.;Pode envolver implantação, operação, hardware ou desenvolvimento. Não presumir fornecimento apenas de assinatura.;Cadastro de busca oficial PNCP;https://pncp.gov.br/app/editais/46522942000130/2026/306;;;;46522942000130-1-000306/2026;;2026-10-06 12:41:35.645865;Não informado
Recebimento futuro anunciado;Hardware ou solução integrada;;MUNICIPIO DE ARMACAO DE BUZIOS;PREFEITURA MUNICIPAL DE ARMAÇÃO DOS BÚZIOS-RJ;Municipal;Armação dos Búzios;RJ;Edital nº 34/2026;2026-10-23 09:55:00;2026-10-08 08:00:00;9433800.0;7452702.0;Pregão - Eletrônico;Não/não informado;"Locação de veículos automotores elétricos, scooter elétrica, fornecimento e operação de carregadores veiculares, câmeras de monitoramento e internet dedicada, solução SaaS de gestão de recarga e frota com licenças de usuários,
";Pode envolver implantação, operação, hardware ou desenvolvimento. Não presumir fornecimento apenas de assinatura.;Cadastro de busca oficial PNCP;https://pncp.gov.br/app/editais/01616171000102/2026/83;https://cnetmobile.estaleiro.serpro.gov.br/comprasnet-web/public/compras/acompanhamento-compra?compra=98077005000342026;;;01616171000102-1-000083/2026;;2026-10-06 13:55:30.586481;Não informado
Prazo aberto no cadastro PNCP;Sistema especializado / serviços;;CAMARA MUNICIPAL DE BOA ESPERANCA;Câmara Municipal de Boa Esperança;Municipal;Boa Esperança;MG;Edital nº 10/2026;2026-10-23 12:00:00;2026-10-06 12:00:00;108000.0;85320.0;Pregão - Eletrônico;Não/não informado;[Portal de Compras Públicas] - Contratação de solução integrada de tecnologia, sob o modelo SaaS (Software as a Service), destinada à modernização, suporte técnico e otimização dos fluxos de trabalho plenário, registro de atos e transmissões da Câmara Municipal de Boa Esperança - MG.;Pode envolver implantação, operação, hardware ou desenvolvimento. Não presumir fornecimento apenas de assinatura.;Cadastro de busca oficial PNCP;https://pncp.gov.br/app/editais/00997491000197/2026/36;https://www.portaldecompraspublicas.com.br/processos/MG/Camara-Municipal-de-Boa-Esperanca-5188/PE-10-2026-2026-516302;;;00997491000197-1-000036/2026;;2026-10-05 17:49:46.963627;Não informado
Prazo aberto no cadastro PNCP;Sistema especializado / serviços;;MINISTERIO DO TRABALHO E EMPREGO - MTE;CONSELHO REGIONAL DE MEDICINA VETERINARIA-SP;Federal;São Paulo;SP;Edital nº 60/2026;2026-10-23 14:00:00;2026-10-06 08:00:00;1423434.75;1124513.45;Pregão - Eletrônico;Não/não informado;Contratação de empresa especializada na prestação de serviços de gestão documental, compreendendo solução integrada para tratamento técnico, guarda e custódia física de documentos, digitalização com aplicação de tecnologias de reconhecimento de caracteres (OCR), indexação estruturada, classificação arquivística, transporte e movimentação de documentos, fornecimento de caixas arquivísticas e disponibilização de Sistema de Gestão Eletrônica de Documentos (GED) em modelo SaaS. ;Pode envolver implantação, operação, hardware ou desenvolvimento. Não presumir fornecimento apenas de assinatura.;Cadastro de busca oficial PNCP;https://pncp.gov.br/app/editais/37115367000160/2026/37;https://cnetmobile.estaleiro.serpro.gov.br/comprasnet-web/public/compras/acompanhamento-compra?compra=38918905000602026;;;37115367000160-1-000037/2026;;2026-10-05 15:29:36.191017;Não informado
Recebimento futuro anunciado;Sistema especializado / serviços;;SERVICO AUTONOMO DE AGUA E ESGOTO DO MUNICIPIO DE RIO DAS OSTRAS (SAAE-RO);SERVIÇO AUTÔN.ÁGUA ESGOTO DO RIO DAS OSTRAS;Municipal;Rio das Ostras;RJ;Edital nº 13/2026;2026-10-23 18:00:00;2026-10-08 08:00:00;114972.81;90828.51;Pregão - Eletrônico;Não/não informado;1.1.	Pregão Eletrônico para Contratação de solução tecnológica em modelo de Software as a Service – SaaS, destinada à implantação, disponibilização, manutenção, sustentação, suporte técnico especializado e evolução contínua de portal institucional, portal da transparência em conformidade com a Lei de Acesso à Informação – LAI, plataforma de governo digital e disponibilização de dados abertos relacionados aos serviços públicos de abastecimento de água e esgotamento sanitário do Serviço Autônomo de Água e Esgoto de Rio das Ostras – SAAE, conforme condições, quantidades e exigências estabelecidas no Termo de Referência.;Pode envolver implantação, operação, hardware ou desenvolvimento. Não presumir fornecimento apenas de assinatura.;Cadastro de busca oficial PNCP;https://pncp.gov.br/app/editais/29134183000110/2026/4;https://cnetmobile.estaleiro.serpro.gov.br/comprasnet-web/public/compras/acompanhamento-compra?compra=92947305000132026;;;29134183000110-1-000004/2026;;2026-10-01 11:46:58.392471;Não informado
Prazo aberto no cadastro PNCP;Sistema especializado / serviços;;MUNICIPIO DE NOVA ESPERANCA;Unidade administrativa;Municipal;Nova Esperança;PR;Edital nº 119/2026;2026-10-26 08:59:00;2026-10-06 10:00:00;8410.0;6643.9;Pregão - Eletrônico;Não/não informado;Contratação de empresa especializada para o fornecimento, licenciamento, implantação, conversão de dados, parametrização, treinamento e suporte técnico mensal de software de Controle Bibliotecário (sistema web integrado na Gestão Pública), destinado à biblioteca municipal do Município de Nova Esperança/PR;Pode envolver implantação, operação, hardware ou desenvolvimento. Não presumir fornecimento apenas de assinatura.;Cadastro de busca oficial PNCP;https://pncp.gov.br/app/editais/75730994000109/2026/362;;;;75730994000109-1-000362/2026;;2026-10-06 08:39:01.761243;Não informado
Recebimento futuro anunciado;Sistema especializado / serviços;;ARAUCARIA CAMARA MUNICIPAL;CMA -  Câmara de Vereadores;Municipal;Araucária;PR;Edital nº PCE 8/2026;2026-10-26 09:00:00;2026-10-07 08:00:00;3338825.67;2637672.27;Pregão - Eletrônico;Não/não informado;Contratação de empresa para prestação de serviços de licenciamento de uso de software de gestão pública (ERP - Enterprise Resource Planning) nativo, em plataforma WEB e em nuvem (Solução Integrada de Gestão Pública), na modalidade SaaS (Software como serviço), com fornecimento de licenças sem limite de usuários, englobando serviços de implantação, migração de dados, treinamento, suporte técnico, manutenção preventiva e evolutiva, com atualização legal e funcional, visando a integração total das áreas administrativa, financeira, jurídicas, legislativa, tributária, previdenciária e de recursos humanos;Pode envolver implantação, operação, hardware ou desenvolvimento. Não presumir fornecimento apenas de assinatura.;Cadastro de busca oficial PNCP;https://pncp.gov.br/app/editais/78134012000104/2026/60;;;;78134012000104-1-000060/2026;;2026-10-06 16:23:50.573515;Não informado
Recebimento futuro anunciado;Sistema especializado / serviços;;ARAUCARIA CAMARA MUNICIPAL;CAMARA MUNICIPAL DE ARAUCÁRIA - PR;Municipal;Araucária;PR;Edital nº 18/2026;2026-10-26 09:00:00;2026-10-07 08:00:00;3338825.67;2637672.27;Pregão - Eletrônico;Não/não informado;Contratação de empresa para fornecimento, licenciamento, implantação, migração de dados, capacitação e sustentação de solução integrada de gestão pública (ERP), em nuvem, no modelo SaaS, para a Câmara Municipal de Araucária, incluindo infraestrutura, suporte, manutenção, integrações, segurança da informação, reversibilidade dos dados, horas técnicas especializadas e apoio técnico presencial, quando formalmente ativado, conforme Termo de Referência.;Pode envolver implantação, operação, hardware ou desenvolvimento. Não presumir fornecimento apenas de assinatura.;Cadastro de busca oficial PNCP;https://pncp.gov.br/app/editais/78134012000104/2026/59;https://cnetmobile.estaleiro.serpro.gov.br/comprasnet-web/public/compras/acompanhamento-compra?compra=92643405000182026;;;78134012000104-1-000059/2026;;2026-10-06 16:03:08.192892;Não informado
Prazo aberto no cadastro PNCP;Sistema especializado / serviços;;MUNICIPIO DE TUCUNDUVA;MUNICÍPIO DE TUCUNDUVA/RS;Municipal;Tucunduva;RS;Edital nº 23/2026;2026-10-26 09:00:00;2026-10-02 16:00:00;491530.1776;388308.84;Pregão - Eletrônico;Não/não informado;PREGÃO ELETRÔNICO Nº 23/2026 - CONTRATAÇÃO DE EMPRESA ESPECIALIZADA NO FORNECIMENTO DE PLATAFORMA INTEGRADA DE GESTÃO PÚBLICA, DO TIPO ERP, NA MODALIDADE SAAS (SOFTWARE COMO SERVIÇO), CONFORME CONDIÇÕES DO EDITAL E ANEXOS.;Pode envolver implantação, operação, hardware ou desenvolvimento. Não presumir fornecimento apenas de assinatura.;Cadastro de busca oficial PNCP;https://pncp.gov.br/app/editais/87612792000133/2026/98;WWW.TUCUNDUVA.RS.GOV.BR;;;87612792000133-1-000098/2026;;2026-10-02 10:31:46.594424;Não informado
Recebimento futuro anunciado;Hardware ou solução integrada;;MUNICIPIO DE VARGEM ALTA;Prefeitura Municipal de Vargem Alta;Municipal;Vargem Alta;ES;Edital nº 000005/2026;2026-10-27 12:30:00;2026-10-08 08:00:00;774042.0;611493.18;Pregão - Eletrônico;Não/não informado;"Contratação de empresa especializada na prestação de serviços de impressão monocromática, colorida, reprodução de cópias de documentos, digitalização, com fornecimento de equipamentos e disponibilização de assistência técnica paramanutenção corretiva e preventiva, incluindo substituição de peças, insumos, suprimentos e materiais de consumo (toner, revelador, cilindro, entre outros), bem como software de gerenciamento; exceto papel A4 e mão de obra operacional.";Pode envolver implantação, operação, hardware ou desenvolvimento. Não presumir fornecimento apenas de assinatura.;Cadastro de busca oficial PNCP;https://pncp.gov.br/app/editais/31723570000133/2026/53;;;;31723570000133-1-000053/2026;;2026-05-07 16:34:12.477600;Não informado
Prazo aberto no cadastro PNCP;Hardware ou solução integrada;;EMPRESA PUBLICA DE TRANSPORTE E CIRCULACAO S.A;EPTC;Não se aplica;Porto Alegre;RS;Edital nº 26/2026;2026-10-29 09:59:00;2026-10-06 16:00:00;536090.88;423511.79;Pregão - Eletrônico;Não/não informado;[Portal de Compras Públicas] - Contratação de empresa especializada na prestação de serviços de outsourcing de impressão, cópia e digitalização, mediante disponibilização de 24 (vinte e quatro) equipamentos multifuncionais, software de gerenciamento, inventário e contabilização de impressões, manutenção preventiva e corretiva, suporte técnico e fornecimento de suprimentos, exceto papel.;Pode envolver implantação, operação, hardware ou desenvolvimento. Não presumir fornecimento apenas de assinatura.;Cadastro de busca oficial PNCP;https://pncp.gov.br/app/editais/02510700000151/2026/19;https://www.portaldecompraspublicas.com.br/processos/RS/Empresa-Publica-de-Transporte-e-Circulacao-SA-Eptc-370/PE-26-2026-2026-516370;;;02510700000151-1-000019/2026;;2026-10-06 13:40:10.639370;Não informado
Prazo aberto no cadastro PNCP;Hardware ou solução integrada;;MUNICIPIO DE IOMERE;Prefeitura Municipal Iomerê;Municipal;Iomerê;SC;Edital nº 42/2026/2026;2026-11-04 08:00:00;2026-10-01 14:00:00;105272.64;83165.38;Pregão - Eletrônico;Não/não informado;"[Portal de Compras Públicas] - REPUBLICAÇÃO DO EDITAL APÓS RETIFICAÇÃO. 
Contratação de empresa especializada para prestação de serviços de outsourcing de impressão, mediante disponibilização de equipamentos de impressão multifuncionais em regime de comodato, incluindo instalação, configuração, manutenção preventiva e corretiva, fornecimento de peças, componentes, suprimentos, consumíveis, software de gerenciamento e monitoramento dos equipamentos, assistência técnica e suporte operacional, exceto fornecimento de papel, destinados ao atendimento das necessidades das unidades administrativas do Município de Iomerê/SC";Pode envolver implantação, operação, hardware ou desenvolvimento. Não presumir fornecimento apenas de assinatura.;Cadastro de busca oficial PNCP;https://pncp.gov.br/app/editais/01612744000120/2026/84;https://www.portaldecompraspublicas.com.br/processos/SC/Prefeitura-Municipal-Iomere-2086/PE-42-2026-2026-2026-512574;;;01612744000120-1-000084/2026;;2026-10-01 13:24:50.666704;Não informado
Prazo aberto no cadastro PNCP;Hardware ou solução integrada;;SAO PAULO SECRETARIA DA SEGURANCA PUBLICA;ESP-DEPTO POL.JUD.SP INTER-DEINTER9-PIRACICAB;Estadual;Piracicaba;SP;Edital nº 89/2026;2026-11-05 08:59:00;2026-09-18 09:00:00;431632.2;340989.43;Pregão - Eletrônico;Não/não informado;Solicitação de contratação da prestação dos serviços de impressão corporativa por meio de outsourcing, caracterizados por abrangerem a locação de equipamentos voltados para impressão e digitalização de documentos, com disponibilização de software de gerenciamento, inventário e contabilização, e a devida manutenção e fornecimento de suprimentos, além da respectiva manutenção e fornecimento de suprimentos, com exceção de papel.;Pode envolver implantação, operação, hardware ou desenvolvimento. Não presumir fornecimento apenas de assinatura.;Cadastro de busca oficial PNCP;https://pncp.gov.br/app/editais/46377800000127/2026/3999;https://cnetmobile.estaleiro.serpro.gov.br/comprasnet-web/public/compras/acompanhamento-compra?compra=18036705000892026;;;46377800000127-1-003999/2026;;2026-09-17 16:36:21.781899;Não informado
Prazo aberto no cadastro PNCP;Hardware ou solução integrada;;MUNICIPIO DE ALTO DO RODRIGUES;Prefeitura Municipal de Alto do Rodrigues;Municipal;Alto do Rodrigues;RN;Edital de Chamamento Público nº 009/2026;2027-03-23 23:59:00;2026-09-23 18:00:00;769791.64;608135.39;Credenciamento;Não/não informado;[Portal de Compras Públicas] - Contratação de empresa especializada para prestação de serviços de implantação, instalação, configuração, integração e manutenção de sistema de videomonitoramento urbano inteligente, incluindo equipamentos, materiais, infraestrutura de comunicação, sala de monitoramento, licenciamento de software e recursos de inteligência artificial, com reconhecimento facial e leitura de placas veiculares, bem como serviços de manutenção preventiva e corretiva, substituição de componentes e suporte técnico, destinados ao monitoramento de pontos estratégicos do Município de Alto do Rodrigues/RN, visando reforçar a segurança pública e ampliar a capacidade de prevenção, monitoramento e resposta a ocorrências.;Pode envolver implantação, operação, hardware ou desenvolvimento. Não presumir fornecimento apenas de assinatura.;Cadastro de busca oficial PNCP;https://pncp.gov.br/app/editais/08184111000107/2026/30;https://www.portaldecompraspublicas.com.br/processos/RN/Prefeitura-Municipal-de-Alto-do-Rodrigues-1573/CRED-009-2026-2026-513558;;;08184111000107-1-000030/2026;;2026-09-23 11:39:33.930122;Não informado
Prazo aberto no cadastro PNCP;Hardware ou solução integrada;;SECRETARIA DE ESTADO DE EDUCACAO;SEDUC;Estadual;Belém;PA;Edital nº 020/2026;2027-06-08 11:00:00;2026-06-08 11:00:00;1.0;0.79;Pregão - Eletrônico;Não/não informado;Prestação de serviço de Solução Integrada de Reconhecimento Facial, que compreende serviço especializado de suporte técnico avançado (fixo mensal) e serviço especializado de customização de software visando o desenvolvimento contínuo dos sistemas (sob demanda), a serem executados nas condições estabelecidas no Termo de Referência e nos anexos deste Contrato.;Pode envolver implantação, operação, hardware ou desenvolvimento. Não presumir fornecimento apenas de assinatura.;Cadastro de busca oficial PNCP;https://pncp.gov.br/app/editais/05054937000163/2026/41;;;;05054937000163-1-000041/2026;;2026-06-08 18:00:08.769391;Não informado
Prazo aberto no cadastro PNCP;Hardware ou solução integrada;;MUNICIPIO DE AQUIRAZ;PREFEITURA MUNICIPAL DE AQUIRAZ - CE;Municipal;Aquiraz;CE;Edital de Chamamento Público nº 4/2027;2027-07-15 09:00:00;2026-07-15 16:00:00;20269167.78;16012642.54;Credenciamento;Não/não informado;CONTRATAÇÃO DE EMPRESA ESPECIALIZADA PARA A PRESTAÇÃO DE SERVIÇOS CONTINUADOS DE GERENCIAMENTO, OPERACIONALIZAÇÃO E EXECUÇÃO DE AÇÕES E SERVIÇOS MÉDICOS E MULTIPROFISSIONAIS, ENGLOBANDO A DISPONIBILIZAÇÃO DE PROFISSIONAIS (COBERTURA DE ESCALAS), COORDENAÇÃO TÉCNICA E ADMINISTRATIVA, COM FORNECIMENTO DE SOLUÇÃO TECNOLÓGICA (SAAS) PARA GESTÃO DE ESCALAS, PRODUTIVIDADE E PONTO ELETRÔNICO, VISANDO ATENDER ÀS NECESSIDADES DA SECRETARIA DE SAÚDE E DO HOSPITAL GERAL MANOEL ASSUNÇÃO PIRES.;Pode envolver implantação, operação, hardware ou desenvolvimento. Não presumir fornecimento apenas de assinatura.;Cadastro de busca oficial PNCP;https://pncp.gov.br/app/editais/07911696000157/2027/4;;;;07911696000157-1-000004/2027;;2026-07-15 14:26:33.112119;Não informado
Prazo aberto no cadastro PNCP;Hardware ou solução integrada;;MUNICIPIO DE SAO GABRIEL DA PALHA;PREFEITURA MUNICIPAL DE SÃO GABRIEL DA PALHA;Municipal;São Gabriel da Palha;ES;Edital nº 000016/2026;2027-07-22 12:59:00;2026-07-03 08:00:00;6901883.52;5452487.98;Pregão - Eletrônico;Sim;Constituição de Ata de Registro de Preços, para futura e eventual Contratação de empresa especializada no fornecimento, locação, instalação, configuração, integração, manutenção preventiva e corretiva, suporte técnico e operação assistida de equipamentos, softwares e infraestrutura destinados à operação do sistema de videomonitoramento e da infraestrutura de telecomunicações do Município de São Gabriel da Palha, contemplando equipamentos softwares, serviço de instalação, manutenção e suporte técnico, conforme condições e exigências estabelecidas no ETP e no Termo de Referência.;Pode envolver implantação, operação, hardware ou desenvolvimento. Não presumir fornecimento apenas de assinatura.;Cadastro de busca oficial PNCP;https://pncp.gov.br/app/editais/27174143000176/2026/70;;;;27174143000176-1-000070/2026;;2026-07-02 14:55:14.294743;Não informado
